StandardGSGP,10876553-027a-11f0-8a28-089df4bf3532,eeg,1,0,0.5035097002983093,0.006999969482421875,12.0,0.5070710182189941,3,1
StandardGSGP,10876553-027a-11f0-8a28-089df4bf3532,eeg,1,1,0.5038238167762756,0.011026382446289062,30.0,0.5076674222946167,9,1
StandardGSGP,10876553-027a-11f0-8a28-089df4bf3532,eeg,1,2,0.5038238167762756,0.008999824523925781,52.0,0.5076674222946167,9,1
StandardGSGP,10876553-027a-11f0-8a28-089df4bf3532,eeg,1,3,0.5038238167762756,0.008999824523925781,54.0,0.5076674222946167,9,1
StandardGSGP,10876553-027a-11f0-8a28-089df4bf3532,eeg,1,4,0.508433997631073,0.012231588363647461,66.0,0.5055292248725891,15,1
StandardGSGP,10876553-027a-11f0-8a28-089df4bf3532,eeg,1,5,0.5451967716217041,0.0076024532318115234,68.0,0.537220299243927,23,1
StandardGSGP,10876553-027a-11f0-8a28-089df4bf3532,eeg,1,6,0.5664855241775513,0.012001752853393555,94.0,0.5730863809585571,21,1
StandardGSGP,10876553-027a-11f0-8a28-089df4bf3532,eeg,1,7,0.5664855241775513,0.019287586212158203,106.0,0.5730863809585571,21,1
StandardGSGP,10876553-027a-11f0-8a28-089df4bf3532,eeg,1,8,0.5773798227310181,0.0170745849609375,114.0,0.5804776549339294,27,1
StandardGSGP,10876553-027a-11f0-8a28-089df4bf3532,eeg,1,9,0.589979350566864,0.01549386978149414,132.0,0.5940455198287964,33,1
StandardGSGP,10876553-027a-11f0-8a28-089df4bf3532,eeg,1,10,0.589979350566864,0.018355369567871094,150.0,0.5940455198287964,33,1
StandardGSGP,10a2cee0-027a-11f0-9829-089df4bf3532,eeg,2,0,0.595787525177002,0.008026838302612305,12.0,0.6091948747634888,3,1
StandardGSGP,10a2cee0-027a-11f0-9829-089df4bf3532,eeg,2,1,0.595787525177002,0.017633914947509766,30.0,0.6091948747634888,3,1
StandardGSGP,10a2cee0-027a-11f0-9829-089df4bf3532,eeg,2,2,0.595787525177002,0.01783132553100586,36.0,0.6091948747634888,3,1
StandardGSGP,10a2cee0-027a-11f0-9829-089df4bf3532,eeg,2,3,0.5970983505249023,0.017146587371826172,30.0,0.6106507778167725,9,1
StandardGSGP,10a2cee0-027a-11f0-9829-089df4bf3532,eeg,2,4,0.5970983505249023,0.018822193145751953,56.0,0.6106507778167725,9,1
StandardGSGP,10a2cee0-027a-11f0-9829-089df4bf3532,eeg,2,5,0.5970989465713501,0.016412019729614258,70.0,0.610647976398468,15,1
StandardGSGP,10a2cee0-027a-11f0-9829-089df4bf3532,eeg,2,6,0.5970989465713501,0.015139341354370117,90.0,0.610647976398468,15,1
StandardGSGP,10a2cee0-027a-11f0-9829-089df4bf3532,eeg,2,7,0.5984418392181396,0.014452934265136719,94.0,0.6117680668830872,21,1
StandardGSGP,10a2cee0-027a-11f0-9829-089df4bf3532,eeg,2,8,0.5984418392181396,0.015124082565307617,98.0,0.6117680668830872,21,1
StandardGSGP,10a2cee0-027a-11f0-9829-089df4bf3532,eeg,2,9,0.5984418392181396,0.012290000915527344,130.0,0.6117680668830872,21,1
StandardGSGP,10a2cee0-027a-11f0-9829-089df4bf3532,eeg,2,10,0.5984418392181396,0.015444278717041016,138.0,0.6117680668830872,21,1
StandardGSGP,10c2f0fb-027a-11f0-bfb2-089df4bf3532,eeg,3,0,0.49779802560806274,0.006998538970947266,12.0,0.499251127243042,3,1
StandardGSGP,10c2f0fb-027a-11f0-bfb2-089df4bf3532,eeg,3,1,0.49779802560806274,0.016547441482543945,30.0,0.499251127243042,3,1
StandardGSGP,10c2f0fb-027a-11f0-bfb2-089df4bf3532,eeg,3,2,0.49779802560806274,0.016002178192138672,42.0,0.499251127243042,3,1
StandardGSGP,10c2f0fb-027a-11f0-bfb2-089df4bf3532,eeg,3,3,0.5044984221458435,0.01757335662841797,60.0,0.5039018988609314,21,1
StandardGSGP,10c2f0fb-027a-11f0-bfb2-089df4bf3532,eeg,3,4,0.5044984221458435,0.015999555587768555,66.0,0.5039018988609314,21,1
StandardGSGP,10c2f0fb-027a-11f0-bfb2-089df4bf3532,eeg,3,5,0.5350034236907959,0.007055759429931641,78.0,0.5361228585243225,15,1
StandardGSGP,10c2f0fb-027a-11f0-bfb2-089df4bf3532,eeg,3,6,0.5380302667617798,0.01562809944152832,78.0,0.5380316972732544,21,1
StandardGSGP,10c2f0fb-027a-11f0-bfb2-089df4bf3532,eeg,3,7,0.5380302667617798,0.015623331069946289,96.0,0.5380316972732544,21,1
StandardGSGP,10c2f0fb-027a-11f0-bfb2-089df4bf3532,eeg,3,8,0.5509178638458252,0.03069615364074707,102.0,0.5523686408996582,27,1
StandardGSGP,10c2f0fb-027a-11f0-bfb2-089df4bf3532,eeg,3,9,0.5509178638458252,0.013337135314941406,120.0,0.5523686408996582,27,1
StandardGSGP,10c2f0fb-027a-11f0-bfb2-089df4bf3532,eeg,3,10,0.5509178638458252,0.014199495315551758,138.0,0.5523686408996582,27,1
StandardGSGP,10e2c68f-027a-11f0-8bd4-089df4bf3532,eeg,4,0,0.4929541349411011,0.006364583969116211,12.0,0.4999358654022217,3,1
StandardGSGP,10e2c68f-027a-11f0-8bd4-089df4bf3532,eeg,4,1,0.4929541349411011,0.010478496551513672,30.0,0.4999358654022217,3,1
StandardGSGP,10e2c68f-027a-11f0-8bd4-089df4bf3532,eeg,4,2,0.4929541349411011,0.011512279510498047,36.0,0.4999358654022217,3,1
StandardGSGP,10e2c68f-027a-11f0-8bd4-089df4bf3532,eeg,4,3,0.4929541349411011,0.011243820190429688,50.0,0.4999358654022217,3,1
StandardGSGP,10e2c68f-027a-11f0-8bd4-089df4bf3532,eeg,4,4,0.4929541349411011,0.011112689971923828,54.0,0.4999358654022217,3,1
StandardGSGP,10e2c68f-027a-11f0-8bd4-089df4bf3532,eeg,4,5,0.4929541349411011,0.01082754135131836,48.0,0.4999358654022217,3,1
StandardGSGP,10e2c68f-027a-11f0-8bd4-089df4bf3532,eeg,4,6,0.4929541349411011,0.009422540664672852,78.0,0.4999358654022217,3,1
StandardGSGP,10e2c68f-027a-11f0-8bd4-089df4bf3532,eeg,4,7,0.4929541349411011,0.01072382926940918,96.0,0.4999358654022217,3,1
StandardGSGP,10e2c68f-027a-11f0-8bd4-089df4bf3532,eeg,4,8,0.4929541349411011,0.00900125503540039,102.0,0.4999358654022217,3,1
StandardGSGP,10e2c68f-027a-11f0-8bd4-089df4bf3532,eeg,4,9,0.4929541349411011,0.010593652725219727,72.0,0.4999358654022217,3,1
StandardGSGP,10e2c68f-027a-11f0-8bd4-089df4bf3532,eeg,4,10,0.4929541349411011,0.0,44.0,0.4999358654022217,3,1
StandardGSGP,10f6e37d-027a-11f0-bf61-089df4bf3532,eeg,5,0,0.6053204536437988,0.01019287109375,12.0,0.6109123826026917,3,1
StandardGSGP,10f6e37d-027a-11f0-bf61-089df4bf3532,eeg,5,1,0.6053204536437988,0.015000581741333008,30.0,0.6109123826026917,3,1
StandardGSGP,10f6e37d-027a-11f0-bf61-089df4bf3532,eeg,5,2,0.6053204536437988,0.016321182250976562,42.0,0.6109123826026917,3,1
StandardGSGP,10f6e37d-027a-11f0-bf61-089df4bf3532,eeg,5,3,0.6093400716781616,0.0182342529296875,62.0,0.6150210499763489,21,1
StandardGSGP,10f6e37d-027a-11f0-bf61-089df4bf3532,eeg,5,4,0.6147798299789429,0.016897916793823242,102.0,0.6190361380577087,27,1
StandardGSGP,10f6e37d-027a-11f0-bf61-089df4bf3532,eeg,5,5,0.6147813200950623,0.01837778091430664,126.0,0.6190351247787476,33,1
StandardGSGP,10f6e37d-027a-11f0-bf61-089df4bf3532,eeg,5,6,0.6147813200950623,0.015007495880126953,144.0,0.6190351247787476,33,1
StandardGSGP,10f6e37d-027a-11f0-bf61-089df4bf3532,eeg,5,7,0.6147813200950623,0.02867436408996582,162.0,0.6190351247787476,33,1
StandardGSGP,10f6e37d-027a-11f0-bf61-089df4bf3532,eeg,5,8,0.6147813200950623,0.02104330062866211,150.0,0.6190351247787476,33,1
StandardGSGP,10f6e37d-027a-11f0-bf61-089df4bf3532,eeg,5,9,0.6147813200950623,0.009590387344360352,156.0,0.6190351247787476,33,1
StandardGSGP,10f6e37d-027a-11f0-bf61-089df4bf3532,eeg,5,10,0.6147813200950623,0.030765533447265625,164.0,0.6190351247787476,33,1
StandardGSGP,111cfdde-027a-11f0-b985-089df4bf3532,eeg,6,0,0.6111466884613037,0.006999492645263672,12.0,0.6237912774085999,3,1
StandardGSGP,111cfdde-027a-11f0-b985-089df4bf3532,eeg,6,1,0.6111533045768738,0.01500082015991211,30.0,0.6237946152687073,9,1
StandardGSGP,111cfdde-027a-11f0-b985-089df4bf3532,eeg,6,2,0.6111533045768738,0.016500473022460938,54.0,0.6237946152687073,9,1
StandardGSGP,111cfdde-027a-11f0-b985-089df4bf3532,eeg,6,3,0.6111533045768738,0.0160977840423584,66.0,0.6237946152687073,9,1
StandardGSGP,111cfdde-027a-11f0-b985-089df4bf3532,eeg,6,4,0.6111533045768738,0.022814035415649414,72.0,0.6237946152687073,9,1
StandardGSGP,111cfdde-027a-11f0-b985-089df4bf3532,eeg,6,5,0.6448565721511841,0.012999534606933594,72.0,0.6525179743766785,15,1
StandardGSGP,111cfdde-027a-11f0-b985-089df4bf3532,eeg,6,6,0.6448566913604736,0.014998674392700195,80.0,0.6525158286094666,21,1
StandardGSGP,111cfdde-027a-11f0-b985-089df4bf3532,eeg,6,7,0.6456561088562012,0.01300048828125,106.0,0.6537036895751953,29,1
StandardGSGP,111cfdde-027a-11f0-b985-089df4bf3532,eeg,6,8,0.645656943321228,0.017726898193359375,134.0,0.6537050604820251,35,1
StandardGSGP,111cfdde-027a-11f0-b985-089df4bf3532,eeg,6,9,0.6474326848983765,0.015304088592529297,158.0,0.655569314956665,41,1
StandardGSGP,111cfdde-027a-11f0-b985-089df4bf3532,eeg,6,10,0.6486244201660156,0.015628337860107422,176.0,0.6570250988006592,47,1
StandardGSGP,113e10fd-027a-11f0-aa72-089df4bf3532,eeg,7,0,0.49921610951423645,0.0060002803802490234,12.0,0.4929247796535492,3,1
StandardGSGP,113e10fd-027a-11f0-aa72-089df4bf3532,eeg,7,1,0.49921610951423645,0.009905576705932617,30.0,0.4929247796535492,3,1
StandardGSGP,113e10fd-027a-11f0-aa72-089df4bf3532,eeg,7,2,0.49921610951423645,0.012000083923339844,36.0,0.4929247796535492,3,1
StandardGSGP,113e10fd-027a-11f0-aa72-089df4bf3532,eeg,7,3,0.49921610951423645,0.010999202728271484,60.0,0.4929247796535492,3,1
StandardGSGP,113e10fd-027a-11f0-aa72-089df4bf3532,eeg,7,4,0.49921610951423645,0.013888835906982422,72.0,0.4929247796535492,3,1
StandardGSGP,113e10fd-027a-11f0-aa72-089df4bf3532,eeg,7,5,0.49921610951423645,0.012999773025512695,90.0,0.4929247796535492,3,1
StandardGSGP,113e10fd-027a-11f0-aa72-089df4bf3532,eeg,7,6,0.49921610951423645,0.010747909545898438,102.0,0.4929247796535492,3,1
StandardGSGP,113e10fd-027a-11f0-aa72-089df4bf3532,eeg,7,7,0.49921610951423645,0.0,120.0,0.4929247796535492,3,1
StandardGSGP,113e10fd-027a-11f0-aa72-089df4bf3532,eeg,7,8,0.49921610951423645,0.015007734298706055,102.0,0.4929247796535492,3,1
StandardGSGP,113e10fd-027a-11f0-aa72-089df4bf3532,eeg,7,9,0.49921610951423645,0.015634536743164062,122.0,0.4929247796535492,3,1
StandardGSGP,113e10fd-027a-11f0-aa72-089df4bf3532,eeg,7,10,0.49921610951423645,0.006952524185180664,174.0,0.4929247796535492,3,1
StandardGSGP,11538499-027a-11f0-80cc-089df4bf3532,eeg,8,0,0.5095807909965515,0.010865926742553711,14.0,0.48904258012771606,3,1
StandardGSGP,11538499-027a-11f0-80cc-089df4bf3532,eeg,8,1,0.5095807909965515,0.013997316360473633,30.0,0.48904258012771606,3,1
StandardGSGP,11538499-027a-11f0-80cc-089df4bf3532,eeg,8,2,0.5095807909965515,0.00999903678894043,42.0,0.48904258012771606,3,1
StandardGSGP,11538499-027a-11f0-80cc-089df4bf3532,eeg,8,3,0.5095807909965515,0.010450363159179688,54.0,0.48904258012771606,3,1
StandardGSGP,11538499-027a-11f0-80cc-089df4bf3532,eeg,8,4,0.5095807909965515,0.01269221305847168,66.0,0.48904258012771606,3,1
StandardGSGP,11538499-027a-11f0-80cc-089df4bf3532,eeg,8,5,0.5095807909965515,0.013376474380493164,84.0,0.48904258012771606,3,1
StandardGSGP,11538499-027a-11f0-80cc-089df4bf3532,eeg,8,6,0.5095807909965515,0.014000177383422852,80.0,0.48904258012771606,3,1
StandardGSGP,11538499-027a-11f0-80cc-089df4bf3532,eeg,8,7,0.5095807909965515,0.013000726699829102,36.0,0.48904258012771606,3,1
StandardGSGP,11538499-027a-11f0-80cc-089df4bf3532,eeg,8,8,0.5095807909965515,0.011103153228759766,48.0,0.48904258012771606,3,1
StandardGSGP,11538499-027a-11f0-80cc-089df4bf3532,eeg,8,9,0.5095807909965515,0.011999368667602539,54.0,0.48904258012771606,3,1
StandardGSGP,11538499-027a-11f0-80cc-089df4bf3532,eeg,8,10,0.5095807909965515,0.0071866512298583984,74.0,0.48904258012771606,3,1
StandardGSGP,116b9a25-027a-11f0-84c6-089df4bf3532,eeg,9,0,0.5057545304298401,0.007465839385986328,12.0,0.5108661651611328,3,1
StandardGSGP,116b9a25-027a-11f0-84c6-089df4bf3532,eeg,9,1,0.5057545304298401,0.00888371467590332,30.0,0.5108661651611328,3,1
StandardGSGP,116b9a25-027a-11f0-84c6-089df4bf3532,eeg,9,2,0.5057545304298401,0.007010936737060547,48.0,0.5108661651611328,3,1
StandardGSGP,116b9a25-027a-11f0-84c6-089df4bf3532,eeg,9,3,0.5057545304298401,0.009882688522338867,68.0,0.5108661651611328,3,1
StandardGSGP,116b9a25-027a-11f0-84c6-089df4bf3532,eeg,9,4,0.5057545304298401,0.010410308837890625,66.0,0.5108661651611328,3,1
StandardGSGP,116b9a25-027a-11f0-84c6-089df4bf3532,eeg,9,5,0.5057545304298401,0.011816263198852539,54.0,0.5108661651611328,3,1
StandardGSGP,116b9a25-027a-11f0-84c6-089df4bf3532,eeg,9,6,0.5057545304298401,0.00921630859375,50.0,0.5108661651611328,3,1
StandardGSGP,116b9a25-027a-11f0-84c6-089df4bf3532,eeg,9,7,0.5057545304298401,0.011323690414428711,56.0,0.5108661651611328,3,1
StandardGSGP,116b9a25-027a-11f0-84c6-089df4bf3532,eeg,9,8,0.5057545304298401,0.013814210891723633,68.0,0.5108661651611328,3,1
StandardGSGP,116b9a25-027a-11f0-84c6-089df4bf3532,eeg,9,9,0.5057545304298401,0.01271367073059082,86.0,0.5108661651611328,3,1
StandardGSGP,116b9a25-027a-11f0-84c6-089df4bf3532,eeg,9,10,0.5057545304298401,0.015888214111328125,124.0,0.5108661651611328,3,1
StandardGSGP,1182909b-027a-11f0-918a-089df4bf3532,eeg,10,0,0.597301721572876,0.010007143020629883,12.0,0.6185993552207947,3,1
StandardGSGP,1182909b-027a-11f0-918a-089df4bf3532,eeg,10,1,0.5982264876365662,0.011929035186767578,30.0,0.6190493702888489,9,1
StandardGSGP,1182909b-027a-11f0-918a-089df4bf3532,eeg,10,2,0.5982264876365662,0.012702226638793945,50.0,0.6190493702888489,9,1
StandardGSGP,1182909b-027a-11f0-918a-089df4bf3532,eeg,10,3,0.5996091365814209,0.01317906379699707,62.0,0.6194084286689758,15,1
StandardGSGP,1182909b-027a-11f0-918a-089df4bf3532,eeg,10,4,0.5996369123458862,0.015236616134643555,78.0,0.6194056272506714,21,1
StandardGSGP,1182909b-027a-11f0-918a-089df4bf3532,eeg,10,5,0.5996602773666382,0.011010408401489258,102.0,0.619497537612915,27,1
StandardGSGP,1182909b-027a-11f0-918a-089df4bf3532,eeg,10,6,0.5996602773666382,0.013702630996704102,120.0,0.619497537612915,27,1
StandardGSGP,1182909b-027a-11f0-918a-089df4bf3532,eeg,10,7,0.5996602773666382,0.016287565231323242,128.0,0.619497537612915,27,1
StandardGSGP,1182909b-027a-11f0-918a-089df4bf3532,eeg,10,8,0.5996602773666382,0.014846563339233398,140.0,0.619497537612915,27,1
StandardGSGP,1182909b-027a-11f0-918a-089df4bf3532,eeg,10,9,0.5996602773666382,0.018122434616088867,128.0,0.619497537612915,27,1
StandardGSGP,1182909b-027a-11f0-918a-089df4bf3532,eeg,10,10,0.5996602773666382,0.01668405532836914,132.0,0.619497537612915,27,1
StandardGSGP,11a02d17-027a-11f0-bc70-089df4bf3532,eeg,11,0,0.5468189716339111,0.005797386169433594,14.0,0.5572698712348938,3,1
StandardGSGP,11a02d17-027a-11f0-bc70-089df4bf3532,eeg,11,1,0.54941725730896,0.011229276657104492,32.0,0.5589157342910767,9,1
StandardGSGP,11a02d17-027a-11f0-bc70-089df4bf3532,eeg,11,2,0.54941725730896,0.009496688842773438,48.0,0.5589157342910767,9,1
StandardGSGP,11a02d17-027a-11f0-bc70-089df4bf3532,eeg,11,3,0.54941725730896,0.011620044708251953,72.0,0.5589157342910767,9,1
StandardGSGP,11a02d17-027a-11f0-bc70-089df4bf3532,eeg,11,4,0.54941725730896,0.01299595832824707,90.0,0.5589157342910767,9,1
StandardGSGP,11a02d17-027a-11f0-bc70-089df4bf3532,eeg,11,5,0.5495170950889587,0.013550758361816406,92.0,0.5587868094444275,15,1
StandardGSGP,11a02d17-027a-11f0-bc70-089df4bf3532,eeg,11,6,0.5495170950889587,0.013895034790039062,72.0,0.5587868094444275,15,1
StandardGSGP,11a02d17-027a-11f0-bc70-089df4bf3532,eeg,11,7,0.5528304576873779,0.011999130249023438,96.0,0.5589307546615601,27,1
StandardGSGP,11a02d17-027a-11f0-bc70-089df4bf3532,eeg,11,8,0.5528304576873779,0.014322996139526367,114.0,0.5589307546615601,27,1
StandardGSGP,11a02d17-027a-11f0-bc70-089df4bf3532,eeg,11,9,0.552831768989563,0.012998580932617188,120.0,0.558922529220581,33,1
StandardGSGP,11a02d17-027a-11f0-bc70-089df4bf3532,eeg,11,10,0.552831768989563,0.0063893795013427734,138.0,0.558922529220581,33,1
StandardGSGP,11b82861-027a-11f0-a91a-089df4bf3532,eeg,12,0,0.5037391781806946,0.015627622604370117,12.0,0.49653059244155884,3,1
StandardGSGP,11b82861-027a-11f0-a91a-089df4bf3532,eeg,12,1,0.5037391781806946,0.0,32.0,0.49653059244155884,3,1
StandardGSGP,11b82861-027a-11f0-a91a-089df4bf3532,eeg,12,2,0.5037391781806946,0.015624046325683594,46.0,0.49653059244155884,3,1
StandardGSGP,11b82861-027a-11f0-a91a-089df4bf3532,eeg,12,3,0.5037391781806946,0.015626907348632812,50.0,0.49653059244155884,3,1
StandardGSGP,11b82861-027a-11f0-a91a-089df4bf3532,eeg,12,4,0.5037391781806946,0.011606693267822266,36.0,0.49653059244155884,3,1
StandardGSGP,11b82861-027a-11f0-a91a-089df4bf3532,eeg,12,5,0.5037391781806946,0.007998943328857422,48.0,0.49653059244155884,3,1
StandardGSGP,11b82861-027a-11f0-a91a-089df4bf3532,eeg,12,6,0.5037391781806946,0.009000301361083984,66.0,0.49653059244155884,3,1
StandardGSGP,11b82861-027a-11f0-a91a-089df4bf3532,eeg,12,7,0.5037391781806946,0.01102590560913086,58.0,0.49653059244155884,3,1
StandardGSGP,11b82861-027a-11f0-a91a-089df4bf3532,eeg,12,8,0.5037391781806946,0.013000011444091797,78.0,0.49653059244155884,3,1
StandardGSGP,11b82861-027a-11f0-a91a-089df4bf3532,eeg,12,9,0.5037391781806946,0.012283802032470703,82.0,0.49653059244155884,3,1
StandardGSGP,11b82861-027a-11f0-a91a-089df4bf3532,eeg,12,10,0.5037391781806946,0.016005992889404297,100.0,0.49653059244155884,3,1
StandardGSGP,11cf03f6-027a-11f0-acde-089df4bf3532,eeg,13,0,0.5037837028503418,0.008429527282714844,12.0,0.49192678928375244,3,1
StandardGSGP,11cf03f6-027a-11f0-acde-089df4bf3532,eeg,13,1,0.5037837028503418,0.014999151229858398,30.0,0.49192678928375244,3,1
StandardGSGP,11cf03f6-027a-11f0-acde-089df4bf3532,eeg,13,2,0.5037837028503418,0.006926059722900391,36.0,0.49192678928375244,3,1
StandardGSGP,11cf03f6-027a-11f0-acde-089df4bf3532,eeg,13,3,0.5037837028503418,0.015013933181762695,42.0,0.49192678928375244,3,1
StandardGSGP,11cf03f6-027a-11f0-acde-089df4bf3532,eeg,13,4,0.5037837028503418,0.01563429832458496,44.0,0.49192678928375244,3,1
StandardGSGP,11cf03f6-027a-11f0-acde-089df4bf3532,eeg,13,5,0.5037837028503418,0.0,54.0,0.49192678928375244,3,1
StandardGSGP,11cf03f6-027a-11f0-acde-089df4bf3532,eeg,13,6,0.5037837028503418,0.025701284408569336,42.0,0.49192678928375244,3,1
StandardGSGP,11cf03f6-027a-11f0-acde-089df4bf3532,eeg,13,7,0.5037837028503418,0.007996559143066406,66.0,0.49192678928375244,3,1
StandardGSGP,11cf03f6-027a-11f0-acde-089df4bf3532,eeg,13,8,0.5037837028503418,0.010596990585327148,66.0,0.49192678928375244,3,1
StandardGSGP,11cf03f6-027a-11f0-acde-089df4bf3532,eeg,13,9,0.5037837028503418,0.01499629020690918,66.0,0.49192678928375244,3,1
StandardGSGP,11cf03f6-027a-11f0-acde-089df4bf3532,eeg,13,10,0.5037837028503418,0.004750490188598633,54.0,0.49192678928375244,3,1
StandardGSGP,11e39222-027a-11f0-839f-089df4bf3532,eeg,14,0,0.4998661279678345,0.0,12.0,0.5168381929397583,3,1
StandardGSGP,11e39222-027a-11f0-839f-089df4bf3532,eeg,14,1,0.4998661279678345,0.01563405990600586,30.0,0.5168381929397583,3,1
StandardGSGP,11e39222-027a-11f0-839f-089df4bf3532,eeg,14,2,0.4998661279678345,0.0,42.0,0.5168381929397583,3,1
StandardGSGP,11e39222-027a-11f0-839f-089df4bf3532,eeg,14,3,0.4998661279678345,0.0,60.0,0.5168381929397583,3,1
StandardGSGP,11e39222-027a-11f0-839f-089df4bf3532,eeg,14,4,0.4998661279678345,0.027276039123535156,86.0,0.5168381929397583,3,1
StandardGSGP,11e39222-027a-11f0-839f-089df4bf3532,eeg,14,5,0.4998661279678345,0.012998819351196289,78.0,0.5168381929397583,3,1
StandardGSGP,11e39222-027a-11f0-839f-089df4bf3532,eeg,14,6,0.4998661279678345,0.012000799179077148,42.0,0.5168381929397583,3,1
StandardGSGP,11e39222-027a-11f0-839f-089df4bf3532,eeg,14,7,0.4998661279678345,0.01100015640258789,42.0,0.5168381929397583,3,1
StandardGSGP,11e39222-027a-11f0-839f-089df4bf3532,eeg,14,8,0.4998661279678345,0.009998798370361328,48.0,0.5168381929397583,3,1
StandardGSGP,11e39222-027a-11f0-839f-089df4bf3532,eeg,14,9,0.4998661279678345,0.013386726379394531,78.0,0.5168381929397583,3,1
StandardGSGP,11e39222-027a-11f0-839f-089df4bf3532,eeg,14,10,0.4998661279678345,0.013456106185913086,96.0,0.5168381929397583,3,1
StandardGSGP,11fcfbf3-027a-11f0-9176-089df4bf3532,eeg,15,0,0.49943748116493225,0.008343219757080078,12.0,0.49770691990852356,3,1
StandardGSGP,11fcfbf3-027a-11f0-9176-089df4bf3532,eeg,15,1,0.49943748116493225,0.013998985290527344,30.0,0.49770691990852356,3,1
StandardGSGP,11fcfbf3-027a-11f0-9176-089df4bf3532,eeg,15,2,0.49943748116493225,0.01366424560546875,48.0,0.49770691990852356,3,1
StandardGSGP,11fcfbf3-027a-11f0-9176-089df4bf3532,eeg,15,3,0.49943748116493225,0.012000322341918945,66.0,0.49770691990852356,3,1
StandardGSGP,11fcfbf3-027a-11f0-9176-089df4bf3532,eeg,15,4,0.49943748116493225,0.006242036819458008,66.0,0.49770691990852356,3,1
StandardGSGP,11fcfbf3-027a-11f0-9176-089df4bf3532,eeg,15,5,0.49943748116493225,0.01563239097595215,84.0,0.49770691990852356,3,1
StandardGSGP,11fcfbf3-027a-11f0-9176-089df4bf3532,eeg,15,6,0.49943748116493225,0.02213597297668457,54.0,0.49770691990852356,3,1
StandardGSGP,11fcfbf3-027a-11f0-9176-089df4bf3532,eeg,15,7,0.49943748116493225,0.008316993713378906,36.0,0.49770691990852356,3,1
StandardGSGP,11fcfbf3-027a-11f0-9176-089df4bf3532,eeg,15,8,0.49943748116493225,0.007000446319580078,48.0,0.49770691990852356,3,1
StandardGSGP,11fcfbf3-027a-11f0-9176-089df4bf3532,eeg,15,9,0.49943748116493225,0.011664867401123047,44.0,0.49770691990852356,3,1
StandardGSGP,11fcfbf3-027a-11f0-9176-089df4bf3532,eeg,15,10,0.49943748116493225,0.011116743087768555,54.0,0.49770691990852356,3,1
StandardGSGP,1214e48c-027a-11f0-9058-089df4bf3532,eeg,16,0,0.5791661143302917,0.0013654232025146484,12.0,0.5652489066123962,3,1
StandardGSGP,1214e48c-027a-11f0-9058-089df4bf3532,eeg,16,1,0.5791661143302917,0.016770124435424805,30.0,0.5652489066123962,3,1
StandardGSGP,1214e48c-027a-11f0-9058-089df4bf3532,eeg,16,2,0.5794181823730469,0.013999700546264648,36.0,0.5657772421836853,15,1
StandardGSGP,1214e48c-027a-11f0-9058-089df4bf3532,eeg,16,3,0.5794556140899658,0.006181240081787109,68.0,0.5656949877738953,21,1
StandardGSGP,1214e48c-027a-11f0-9058-089df4bf3532,eeg,16,4,0.5794556140899658,0.03439450263977051,102.0,0.5656949877738953,21,1
StandardGSGP,1214e48c-027a-11f0-9058-089df4bf3532,eeg,16,5,0.5794556140899658,0.01799941062927246,116.0,0.5656949877738953,21,1
StandardGSGP,1214e48c-027a-11f0-9058-089df4bf3532,eeg,16,6,0.5794556140899658,0.019355297088623047,128.0,0.5656949877738953,21,1
StandardGSGP,1214e48c-027a-11f0-9058-089df4bf3532,eeg,16,7,0.5794556140899658,0.018999099731445312,122.0,0.5656949877738953,21,1
StandardGSGP,1214e48c-027a-11f0-9058-089df4bf3532,eeg,16,8,0.5798476934432983,0.016013622283935547,114.0,0.5657866597175598,27,1
StandardGSGP,1214e48c-027a-11f0-9058-089df4bf3532,eeg,16,9,0.5798942446708679,0.023476123809814453,126.0,0.5657174587249756,33,1
StandardGSGP,1214e48c-027a-11f0-9058-089df4bf3532,eeg,16,10,0.5798942446708679,0.01952219009399414,150.0,0.5657174587249756,33,1
StandardGSGP,12372274-027a-11f0-9178-089df4bf3532,eeg,17,0,0.5075945258140564,0.011871099472045898,12.0,0.4972155690193176,3,1
StandardGSGP,12372274-027a-11f0-9178-089df4bf3532,eeg,17,1,0.5075945258140564,0.014906644821166992,30.0,0.4972155690193176,3,1
StandardGSGP,12372274-027a-11f0-9178-089df4bf3532,eeg,17,2,0.5075945258140564,0.014161825180053711,36.0,0.4972155690193176,3,1
StandardGSGP,12372274-027a-11f0-9178-089df4bf3532,eeg,17,3,0.5075945258140564,0.014229297637939453,42.0,0.4972155690193176,3,1
StandardGSGP,12372274-027a-11f0-9178-089df4bf3532,eeg,17,4,0.5075945258140564,0.013452291488647461,42.0,0.4972155690193176,3,1
StandardGSGP,12372274-027a-11f0-9178-089df4bf3532,eeg,17,5,0.5075945258140564,0.013910055160522461,48.0,0.4972155690193176,3,1
StandardGSGP,12372274-027a-11f0-9178-089df4bf3532,eeg,17,6,0.5075945258140564,0.01438450813293457,66.0,0.4972155690193176,3,1
StandardGSGP,12372274-027a-11f0-9178-089df4bf3532,eeg,17,7,0.5075945258140564,0.015088319778442383,48.0,0.4972155690193176,3,1
StandardGSGP,12372274-027a-11f0-9178-089df4bf3532,eeg,17,8,0.5075945258140564,0.015923261642456055,30.0,0.4972155690193176,3,1
StandardGSGP,12372274-027a-11f0-9178-089df4bf3532,eeg,17,9,0.5075945258140564,0.014250040054321289,48.0,0.4972155690193176,3,1
StandardGSGP,12372274-027a-11f0-9178-089df4bf3532,eeg,17,10,0.5075945258140564,0.003439664840698242,66.0,0.4972155690193176,3,1
StandardGSGP,1254de12-027a-11f0-94e4-089df4bf3532,eeg,18,0,0.5007635951042175,0.015627384185791016,12.0,0.49018606543540955,3,1
StandardGSGP,1254de12-027a-11f0-94e4-089df4bf3532,eeg,18,1,0.5007635951042175,0.014427900314331055,30.0,0.49018606543540955,3,1
StandardGSGP,1254de12-027a-11f0-94e4-089df4bf3532,eeg,18,2,0.5007635951042175,0.013276338577270508,48.0,0.49018606543540955,3,1
StandardGSGP,1254de12-027a-11f0-94e4-089df4bf3532,eeg,18,3,0.5007635951042175,0.01099848747253418,68.0,0.49018606543540955,3,1
StandardGSGP,1254de12-027a-11f0-94e4-089df4bf3532,eeg,18,4,0.5007635951042175,0.013998746871948242,92.0,0.49018606543540955,3,1
StandardGSGP,1254de12-027a-11f0-94e4-089df4bf3532,eeg,18,5,0.5007635951042175,0.014000415802001953,30.0,0.49018606543540955,3,1
StandardGSGP,1254de12-027a-11f0-94e4-089df4bf3532,eeg,18,6,0.5007635951042175,0.01434326171875,48.0,0.49018606543540955,3,1
StandardGSGP,1254de12-027a-11f0-94e4-089df4bf3532,eeg,18,7,0.5007635951042175,0.01500082015991211,54.0,0.49018606543540955,3,1
StandardGSGP,1254de12-027a-11f0-94e4-089df4bf3532,eeg,18,8,0.5007635951042175,0.004407167434692383,48.0,0.49018606543540955,3,1
StandardGSGP,1254de12-027a-11f0-94e4-089df4bf3532,eeg,18,9,0.5007635951042175,0.015626907348632812,66.0,0.49018606543540955,3,1
StandardGSGP,1254de12-027a-11f0-94e4-089df4bf3532,eeg,18,10,0.5007635951042175,0.015625,56.0,0.49018606543540955,3,1
StandardGSGP,127030c6-027a-11f0-b448-089df4bf3532,eeg,19,0,0.5026720762252808,0.003998279571533203,12.0,0.4918425679206848,3,1
StandardGSGP,127030c6-027a-11f0-b448-089df4bf3532,eeg,19,1,0.5026720762252808,0.005649089813232422,30.0,0.4918425679206848,3,1
StandardGSGP,127030c6-027a-11f0-b448-089df4bf3532,eeg,19,2,0.5026720762252808,0.0030782222747802734,36.0,0.4918425679206848,3,1
StandardGSGP,127030c6-027a-11f0-b448-089df4bf3532,eeg,19,3,0.5026720762252808,0.0,48.0,0.4918425679206848,3,1
StandardGSGP,127030c6-027a-11f0-b448-089df4bf3532,eeg,19,4,0.5026720762252808,0.015673160552978516,54.0,0.4918425679206848,3,1
StandardGSGP,127030c6-027a-11f0-b448-089df4bf3532,eeg,19,5,0.5026720762252808,0.00900888442993164,62.0,0.4918425679206848,3,1
StandardGSGP,127030c6-027a-11f0-b448-089df4bf3532,eeg,19,6,0.5026720762252808,0.011897802352905273,36.0,0.4918425679206848,3,1
StandardGSGP,127030c6-027a-11f0-b448-089df4bf3532,eeg,19,7,0.5026720762252808,0.01130986213684082,54.0,0.4918425679206848,3,1
StandardGSGP,127030c6-027a-11f0-b448-089df4bf3532,eeg,19,8,0.5026720762252808,0.009995222091674805,66.0,0.4918425679206848,3,1
StandardGSGP,127030c6-027a-11f0-b448-089df4bf3532,eeg,19,9,0.5026720762252808,0.010999679565429688,84.0,0.4918425679206848,3,1
StandardGSGP,127030c6-027a-11f0-b448-089df4bf3532,eeg,19,10,0.5026720762252808,0.012002706527709961,54.0,0.4918425679206848,3,1
StandardGSGP,1283f015-027a-11f0-acd0-089df4bf3532,eeg,20,0,0.4955231845378876,0.0070002079010009766,14.0,0.4851791560649872,3,1
StandardGSGP,1283f015-027a-11f0-acd0-089df4bf3532,eeg,20,1,0.4955231845378876,0.009821653366088867,36.0,0.4851791560649872,3,1
StandardGSGP,1283f015-027a-11f0-acd0-089df4bf3532,eeg,20,2,0.4955231845378876,0.010994911193847656,54.0,0.4851791560649872,3,1
StandardGSGP,1283f015-027a-11f0-acd0-089df4bf3532,eeg,20,3,0.4955231845378876,0.008999824523925781,46.0,0.4851791560649872,3,1
StandardGSGP,1283f015-027a-11f0-acd0-089df4bf3532,eeg,20,4,0.4955231845378876,0.006000041961669922,46.0,0.4851791560649872,3,1
StandardGSGP,1283f015-027a-11f0-acd0-089df4bf3532,eeg,20,5,0.4955231845378876,0.01567363739013672,42.0,0.4851791560649872,3,1
StandardGSGP,1283f015-027a-11f0-acd0-089df4bf3532,eeg,20,6,0.4955231845378876,0.0,54.0,0.4851791560649872,3,1
StandardGSGP,1283f015-027a-11f0-acd0-089df4bf3532,eeg,20,7,0.4955231845378876,0.01617574691772461,78.0,0.4851791560649872,3,1
StandardGSGP,1283f015-027a-11f0-acd0-089df4bf3532,eeg,20,8,0.4955231845378876,0.011998653411865234,108.0,0.4851791560649872,3,1
StandardGSGP,1283f015-027a-11f0-acd0-089df4bf3532,eeg,20,9,0.4955231845378876,0.013389825820922852,102.0,0.4851791560649872,3,1
StandardGSGP,1283f015-027a-11f0-acd0-089df4bf3532,eeg,20,10,0.4955231845378876,0.012998104095458984,72.0,0.4851791560649872,3,1
StandardGSGP,129b9d00-027a-11f0-86fb-089df4bf3532,eeg,21,0,0.5496819615364075,0.001809835433959961,14.0,0.5520862340927124,3,1
StandardGSGP,129b9d00-027a-11f0-86fb-089df4bf3532,eeg,21,1,0.5496819615364075,0.02430868148803711,32.0,0.5520862340927124,3,1
StandardGSGP,129b9d00-027a-11f0-86fb-089df4bf3532,eeg,21,2,0.5496819615364075,0.014998435974121094,42.0,0.5520862340927124,3,1
StandardGSGP,129b9d00-027a-11f0-86fb-089df4bf3532,eeg,21,3,0.5496832132339478,0.011999845504760742,54.0,0.5520832538604736,9,1
StandardGSGP,129b9d00-027a-11f0-86fb-089df4bf3532,eeg,21,4,0.5496832132339478,0.013513326644897461,78.0,0.5520832538604736,9,1
StandardGSGP,129b9d00-027a-11f0-86fb-089df4bf3532,eeg,21,5,0.5496832132339478,0.015511512756347656,56.0,0.5520832538604736,9,1
StandardGSGP,129b9d00-027a-11f0-86fb-089df4bf3532,eeg,21,6,0.5496832132339478,0.01803445816040039,60.0,0.5520832538604736,9,1
StandardGSGP,129b9d00-027a-11f0-86fb-089df4bf3532,eeg,21,7,0.5496845841407776,0.01700758934020996,60.0,0.55208420753479,15,1
StandardGSGP,129b9d00-027a-11f0-86fb-089df4bf3532,eeg,21,8,0.5498543977737427,0.014851093292236328,72.0,0.55208420753479,21,1
StandardGSGP,129b9d00-027a-11f0-86fb-089df4bf3532,eeg,21,9,0.5498543977737427,0.02669215202331543,98.0,0.55208420753479,21,1
StandardGSGP,129b9d00-027a-11f0-86fb-089df4bf3532,eeg,21,10,0.5530809760093689,0.01864004135131836,108.0,0.5560951828956604,27,1
StandardGSGP,12bd9c20-027a-11f0-8a90-089df4bf3532,eeg,22,0,0.49513959884643555,0.006307363510131836,14.0,0.5008683204650879,5,1
StandardGSGP,12bd9c20-027a-11f0-8a90-089df4bf3532,eeg,22,1,0.49513959884643555,0.012000083923339844,34.0,0.5008683204650879,5,1
StandardGSGP,12bd9c20-027a-11f0-8a90-089df4bf3532,eeg,22,2,0.49513959884643555,0.012000560760498047,48.0,0.5008683204650879,5,1
StandardGSGP,12bd9c20-027a-11f0-8a90-089df4bf3532,eeg,22,3,0.49513959884643555,0.014226198196411133,64.0,0.5008683204650879,5,1
StandardGSGP,12bd9c20-027a-11f0-8a90-089df4bf3532,eeg,22,4,0.49513959884643555,0.012914896011352539,66.0,0.5008683204650879,5,1
StandardGSGP,12bd9c20-027a-11f0-8a90-089df4bf3532,eeg,22,5,0.49513959884643555,0.012970924377441406,80.0,0.5008683204650879,5,1
StandardGSGP,12bd9c20-027a-11f0-8a90-089df4bf3532,eeg,22,6,0.49513959884643555,0.01199960708618164,98.0,0.5008683204650879,5,1
StandardGSGP,12bd9c20-027a-11f0-8a90-089df4bf3532,eeg,22,7,0.49513959884643555,0.010439634323120117,68.0,0.5008683204650879,5,1
StandardGSGP,12bd9c20-027a-11f0-8a90-089df4bf3532,eeg,22,8,0.49513959884643555,0.007233381271362305,86.0,0.5008683204650879,5,1
StandardGSGP,12bd9c20-027a-11f0-8a90-089df4bf3532,eeg,22,9,0.49513959884643555,0.02160477638244629,104.0,0.5008683204650879,5,1
StandardGSGP,12bd9c20-027a-11f0-8a90-089df4bf3532,eeg,22,10,0.49513959884643555,0.010999441146850586,56.0,0.5008683204650879,5,1
StandardGSGP,12d66a6a-027a-11f0-87c7-089df4bf3532,eeg,23,0,0.5372594594955444,0.009346485137939453,12.0,0.5364106297492981,3,1
StandardGSGP,12d66a6a-027a-11f0-87c7-089df4bf3532,eeg,23,1,0.5918786525726318,0.015491247177124023,30.0,0.5956859588623047,9,1
StandardGSGP,12d66a6a-027a-11f0-87c7-089df4bf3532,eeg,23,2,0.5918786525726318,0.01636028289794922,54.0,0.5956859588623047,9,1
StandardGSGP,12d66a6a-027a-11f0-87c7-089df4bf3532,eeg,23,3,0.6123687624931335,0.015473365783691406,60.0,0.6120420694351196,15,1
StandardGSGP,12d66a6a-027a-11f0-87c7-089df4bf3532,eeg,23,4,0.6123687624931335,0.016228199005126953,84.0,0.6120420694351196,15,1
StandardGSGP,12d66a6a-027a-11f0-87c7-089df4bf3532,eeg,23,5,0.6123687624931335,0.026372432708740234,84.0,0.6120420694351196,15,1
StandardGSGP,12d66a6a-027a-11f0-87c7-089df4bf3532,eeg,23,6,0.6123687624931335,0.025055646896362305,90.0,0.6120420694351196,15,1
StandardGSGP,12d66a6a-027a-11f0-87c7-089df4bf3532,eeg,23,7,0.6161961555480957,0.023086071014404297,84.0,0.6097239255905151,21,1
StandardGSGP,12d66a6a-027a-11f0-87c7-089df4bf3532,eeg,23,8,0.6161971092224121,0.02314472198486328,96.0,0.6097247004508972,27,1
StandardGSGP,12d66a6a-027a-11f0-87c7-089df4bf3532,eeg,23,9,0.6161971092224121,0.026758670806884766,120.0,0.6097247004508972,27,1
StandardGSGP,12d66a6a-027a-11f0-87c7-089df4bf3532,eeg,23,10,0.616202175617218,0.021380186080932617,134.0,0.6097269654273987,33,1
StandardGSGP,13000a61-027a-11f0-a7a6-089df4bf3532,eeg,24,0,0.5034411549568176,0.009732723236083984,16.0,0.5054975748062134,3,1
StandardGSGP,13000a61-027a-11f0-a7a6-089df4bf3532,eeg,24,1,0.5034411549568176,0.005995988845825195,32.0,0.5054975748062134,3,1
StandardGSGP,13000a61-027a-11f0-a7a6-089df4bf3532,eeg,24,2,0.5034411549568176,0.02790999412536621,48.0,0.5054975748062134,3,1
StandardGSGP,13000a61-027a-11f0-a7a6-089df4bf3532,eeg,24,3,0.5034411549568176,0.016962289810180664,54.0,0.5054975748062134,3,1
StandardGSGP,13000a61-027a-11f0-a7a6-089df4bf3532,eeg,24,4,0.5034411549568176,0.0039463043212890625,42.0,0.5054975748062134,3,1
StandardGSGP,13000a61-027a-11f0-a7a6-089df4bf3532,eeg,24,5,0.5034411549568176,0.015009880065917969,60.0,0.5054975748062134,3,1
StandardGSGP,13000a61-027a-11f0-a7a6-089df4bf3532,eeg,24,6,0.5034411549568176,0.015014886856079102,84.0,0.5054975748062134,3,1
StandardGSGP,13000a61-027a-11f0-a7a6-089df4bf3532,eeg,24,7,0.5034411549568176,0.0,104.0,0.5054975748062134,3,1
StandardGSGP,13000a61-027a-11f0-a7a6-089df4bf3532,eeg,24,8,0.5034411549568176,0.0027618408203125,124.0,0.5054975748062134,3,1
StandardGSGP,13000a61-027a-11f0-a7a6-089df4bf3532,eeg,24,9,0.5034411549568176,0.015009164810180664,30.0,0.5054975748062134,3,1
StandardGSGP,13000a61-027a-11f0-a7a6-089df4bf3532,eeg,24,10,0.5034411549568176,0.01839470863342285,48.0,0.5054975748062134,3,1
StandardGSGP,131c3e4c-027a-11f0-b69f-089df4bf3532,eeg,25,0,0.5060793161392212,0.01563429832458496,12.0,0.504287600517273,3,1
StandardGSGP,131c3e4c-027a-11f0-b69f-089df4bf3532,eeg,25,1,0.5060793161392212,0.0,30.0,0.504287600517273,3,1
StandardGSGP,131c3e4c-027a-11f0-b69f-089df4bf3532,eeg,25,2,0.5060793161392212,0.014928579330444336,42.0,0.504287600517273,3,1
StandardGSGP,131c3e4c-027a-11f0-b69f-089df4bf3532,eeg,25,3,0.5060793161392212,0.01399993896484375,48.0,0.504287600517273,3,1
StandardGSGP,131c3e4c-027a-11f0-b69f-089df4bf3532,eeg,25,4,0.5060793161392212,0.013000249862670898,60.0,0.504287600517273,3,1
StandardGSGP,131c3e4c-027a-11f0-b69f-089df4bf3532,eeg,25,5,0.5060793161392212,0.010000467300415039,48.0,0.504287600517273,3,1
StandardGSGP,131c3e4c-027a-11f0-b69f-089df4bf3532,eeg,25,6,0.5060793161392212,0.0045206546783447266,50.0,0.504287600517273,3,1
StandardGSGP,131c3e4c-027a-11f0-b69f-089df4bf3532,eeg,25,7,0.5060793161392212,0.01550912857055664,68.0,0.504287600517273,3,1
StandardGSGP,131c3e4c-027a-11f0-b69f-089df4bf3532,eeg,25,8,0.5060793161392212,0.016086578369140625,48.0,0.504287600517273,3,1
StandardGSGP,131c3e4c-027a-11f0-b69f-089df4bf3532,eeg,25,9,0.5060793161392212,0.015008926391601562,86.0,0.504287600517273,3,1
StandardGSGP,131c3e4c-027a-11f0-b69f-089df4bf3532,eeg,25,10,0.5060793161392212,0.009176015853881836,60.0,0.504287600517273,3,1
StandardGSGP,13361638-027a-11f0-835b-089df4bf3532,eeg,26,0,0.5149601697921753,0.015321969985961914,12.0,0.5011669993400574,3,1
StandardGSGP,13361638-027a-11f0-835b-089df4bf3532,eeg,26,1,0.5149601697921753,0.015508651733398438,30.0,0.5011669993400574,3,1
StandardGSGP,13361638-027a-11f0-835b-089df4bf3532,eeg,26,2,0.5149601697921753,0.015635013580322266,48.0,0.5011669993400574,3,1
StandardGSGP,13361638-027a-11f0-835b-089df4bf3532,eeg,26,3,0.5149601697921753,0.007763862609863281,42.0,0.5011669993400574,3,1
StandardGSGP,13361638-027a-11f0-835b-089df4bf3532,eeg,26,4,0.5149601697921753,0.01500844955444336,54.0,0.5011669993400574,3,1
StandardGSGP,13361638-027a-11f0-835b-089df4bf3532,eeg,26,5,0.5149601697921753,0.011309146881103516,68.0,0.5011669993400574,3,1
StandardGSGP,13361638-027a-11f0-835b-089df4bf3532,eeg,26,6,0.5149601697921753,0.015007495880126953,76.0,0.5011669993400574,3,1
StandardGSGP,13361638-027a-11f0-835b-089df4bf3532,eeg,26,7,0.5149601697921753,0.018201589584350586,94.0,0.5011669993400574,3,1
StandardGSGP,13361638-027a-11f0-835b-089df4bf3532,eeg,26,8,0.5149601697921753,0.015507698059082031,62.0,0.5011669993400574,3,1
StandardGSGP,13361638-027a-11f0-835b-089df4bf3532,eeg,26,9,0.5149601697921753,0.02323293685913086,36.0,0.5011669993400574,3,1
StandardGSGP,13361638-027a-11f0-835b-089df4bf3532,eeg,26,10,0.5149601697921753,0.0,54.0,0.5011669993400574,3,1
StandardGSGP,13502432-027a-11f0-944a-089df4bf3532,eeg,27,0,0.4951416254043579,0.0,12.0,0.5004502534866333,3,1
StandardGSGP,13502432-027a-11f0-944a-089df4bf3532,eeg,27,1,0.4951416254043579,0.0150146484375,30.0,0.5004502534866333,3,1
StandardGSGP,13502432-027a-11f0-944a-089df4bf3532,eeg,27,2,0.4951416254043579,0.021602869033813477,42.0,0.5004502534866333,3,1
StandardGSGP,13502432-027a-11f0-944a-089df4bf3532,eeg,27,3,0.4951416254043579,0.0025606155395507812,42.0,0.5004502534866333,3,1
StandardGSGP,13502432-027a-11f0-944a-089df4bf3532,eeg,27,4,0.4951416254043579,0.012290716171264648,42.0,0.5004502534866333,3,1
StandardGSGP,13502432-027a-11f0-944a-089df4bf3532,eeg,27,5,0.4951416254043579,0.01500082015991211,54.0,0.5004502534866333,3,1
StandardGSGP,13502432-027a-11f0-944a-089df4bf3532,eeg,27,6,0.4951416254043579,0.014999866485595703,66.0,0.5004502534866333,3,1
StandardGSGP,13502432-027a-11f0-944a-089df4bf3532,eeg,27,7,0.4951416254043579,0.009820222854614258,56.0,0.5004502534866333,3,1
StandardGSGP,13502432-027a-11f0-944a-089df4bf3532,eeg,27,8,0.4951416254043579,0.022811412811279297,74.0,0.5004502534866333,3,1
StandardGSGP,13502432-027a-11f0-944a-089df4bf3532,eeg,27,9,0.4951416254043579,0.01499795913696289,80.0,0.5004502534866333,3,1
StandardGSGP,13502432-027a-11f0-944a-089df4bf3532,eeg,27,10,0.4951416254043579,0.013002634048461914,92.0,0.5004502534866333,3,1
StandardGSGP,136e0bca-027a-11f0-b6db-089df4bf3532,eeg,28,0,0.5000628232955933,0.005999565124511719,12.0,0.5033495426177979,3,1
StandardGSGP,136e0bca-027a-11f0-b6db-089df4bf3532,eeg,28,1,0.5000628232955933,0.004656791687011719,30.0,0.5033495426177979,3,1
StandardGSGP,136e0bca-027a-11f0-b6db-089df4bf3532,eeg,28,2,0.5000628232955933,0.015008211135864258,42.0,0.5033495426177979,3,1
StandardGSGP,136e0bca-027a-11f0-b6db-089df4bf3532,eeg,28,3,0.5000628232955933,0.010209321975708008,54.0,0.5033495426177979,3,1
StandardGSGP,136e0bca-027a-11f0-b6db-089df4bf3532,eeg,28,4,0.5000628232955933,0.015013694763183594,30.0,0.5033495426177979,3,1
StandardGSGP,136e0bca-027a-11f0-b6db-089df4bf3532,eeg,28,5,0.5000628232955933,0.019222021102905273,42.0,0.5033495426177979,3,1
StandardGSGP,136e0bca-027a-11f0-b6db-089df4bf3532,eeg,28,6,0.5000628232955933,0.015012264251708984,54.0,0.5033495426177979,3,1
StandardGSGP,136e0bca-027a-11f0-b6db-089df4bf3532,eeg,28,7,0.5000628232955933,0.018094778060913086,56.0,0.5033495426177979,3,1
StandardGSGP,136e0bca-027a-11f0-b6db-089df4bf3532,eeg,28,8,0.5000628232955933,0.015012025833129883,68.0,0.5033495426177979,3,1
StandardGSGP,136e0bca-027a-11f0-b6db-089df4bf3532,eeg,28,9,0.5000628232955933,0.0,108.0,0.5033495426177979,3,1
StandardGSGP,136e0bca-027a-11f0-b6db-089df4bf3532,eeg,28,10,0.5000628232955933,0.023850202560424805,128.0,0.5033495426177979,3,1
StandardGSGP,1387674b-027a-11f0-ac71-089df4bf3532,eeg,29,0,0.51054847240448,0.005420684814453125,12.0,0.4932267963886261,3,1
StandardGSGP,1387674b-027a-11f0-ac71-089df4bf3532,eeg,29,1,0.51054847240448,0.010785341262817383,30.0,0.4932267963886261,3,1
StandardGSGP,1387674b-027a-11f0-ac71-089df4bf3532,eeg,29,2,0.51054847240448,0.010965108871459961,42.0,0.4932267963886261,3,1
StandardGSGP,1387674b-027a-11f0-ac71-089df4bf3532,eeg,29,3,0.51054847240448,0.018647193908691406,54.0,0.4932267963886261,3,1
StandardGSGP,1387674b-027a-11f0-ac71-089df4bf3532,eeg,29,4,0.51054847240448,0.013535737991333008,72.0,0.4932267963886261,3,1
StandardGSGP,1387674b-027a-11f0-ac71-089df4bf3532,eeg,29,5,0.51054847240448,0.01321101188659668,84.0,0.4932267963886261,3,1
StandardGSGP,1387674b-027a-11f0-ac71-089df4bf3532,eeg,29,6,0.51054847240448,0.013730049133300781,54.0,0.4932267963886261,3,1
StandardGSGP,1387674b-027a-11f0-ac71-089df4bf3532,eeg,29,7,0.51054847240448,0.011626720428466797,90.0,0.4932267963886261,3,1
StandardGSGP,1387674b-027a-11f0-ac71-089df4bf3532,eeg,29,8,0.51054847240448,0.012239694595336914,108.0,0.4932267963886261,3,1
StandardGSGP,1387674b-027a-11f0-ac71-089df4bf3532,eeg,29,9,0.51054847240448,0.009328603744506836,126.0,0.4932267963886261,3,1
StandardGSGP,1387674b-027a-11f0-ac71-089df4bf3532,eeg,29,10,0.51054847240448,0.011076211929321289,146.0,0.4932267963886261,3,1
StandardGSGP,139fc3ea-027a-11f0-96c8-089df4bf3532,eeg,30,0,0.5700082182884216,0.007998943328857422,16.0,0.5610942244529724,3,1
StandardGSGP,139fc3ea-027a-11f0-96c8-089df4bf3532,eeg,30,1,0.5700082182884216,0.010145902633666992,30.0,0.5610942244529724,3,1
StandardGSGP,139fc3ea-027a-11f0-96c8-089df4bf3532,eeg,30,2,0.5702202916145325,0.015628814697265625,42.0,0.5610930323600769,9,1
StandardGSGP,139fc3ea-027a-11f0-96c8-089df4bf3532,eeg,30,3,0.5702202916145325,0.015624523162841797,60.0,0.5610930323600769,9,1
StandardGSGP,139fc3ea-027a-11f0-96c8-089df4bf3532,eeg,30,4,0.5702211856842041,0.029773473739624023,60.0,0.5610934495925903,15,1
StandardGSGP,139fc3ea-027a-11f0-96c8-089df4bf3532,eeg,30,5,0.5738499760627747,0.018390655517578125,72.0,0.5648375153541565,15,1
StandardGSGP,139fc3ea-027a-11f0-96c8-089df4bf3532,eeg,30,6,0.5738499760627747,0.015575408935546875,78.0,0.5648375153541565,15,1
StandardGSGP,139fc3ea-027a-11f0-96c8-089df4bf3532,eeg,30,7,0.5738949775695801,0.01798558235168457,90.0,0.5648783445358276,21,1
StandardGSGP,139fc3ea-027a-11f0-96c8-089df4bf3532,eeg,30,8,0.5738949775695801,0.021699905395507812,114.0,0.5648783445358276,21,1
StandardGSGP,139fc3ea-027a-11f0-96c8-089df4bf3532,eeg,30,9,0.5738949775695801,0.01562786102294922,126.0,0.5648783445358276,21,1
StandardGSGP,139fc3ea-027a-11f0-96c8-089df4bf3532,eeg,30,10,0.5760327577590942,0.0190427303314209,134.0,0.5667624473571777,33,1
