StandardGSGP,14678188-027a-11f0-8a28-089df4bf3532,fertility,1,0,0.3749266266822815,0.0,12.0,0.403171569108963,3,1
StandardGSGP,14678188-027a-11f0-8a28-089df4bf3532,fertility,1,1,0.3626764416694641,0.0,30.0,0.39968037605285645,9,1
StandardGSGP,14678188-027a-11f0-8a28-089df4bf3532,fertility,1,2,0.3626764416694641,0.0,58.0,0.39968037605285645,9,1
StandardGSGP,14678188-027a-11f0-8a28-089df4bf3532,fertility,1,3,0.35215383768081665,0.0,60.0,0.3924954831600189,15,1
StandardGSGP,14678188-027a-11f0-8a28-089df4bf3532,fertility,1,4,0.32562708854675293,0.0,72.0,0.36599740386009216,21,1
StandardGSGP,14678188-027a-11f0-8a28-089df4bf3532,fertility,1,5,0.32562708854675293,0.013325214385986328,92.0,0.36599740386009216,21,1
StandardGSGP,14678188-027a-11f0-8a28-089df4bf3532,fertility,1,6,0.32562708854675293,0.0009870529174804688,102.0,0.36599740386009216,21,1
StandardGSGP,14678188-027a-11f0-8a28-089df4bf3532,fertility,1,7,0.31492069363594055,0.0009992122650146484,116.0,0.36111217737197876,29,1
StandardGSGP,14678188-027a-11f0-8a28-089df4bf3532,fertility,1,8,0.3148947060108185,0.0009996891021728516,142.0,0.36109212040901184,35,1
StandardGSGP,14678188-027a-11f0-8a28-089df4bf3532,fertility,1,9,0.3148947060108185,0.0,162.0,0.36109212040901184,35,1
StandardGSGP,14678188-027a-11f0-8a28-089df4bf3532,fertility,1,10,0.31197792291641235,0.0009999275207519531,170.0,0.36032432317733765,47,1
StandardGSGP,146b111d-027a-11f0-9829-089df4bf3532,fertility,2,0,0.33794906735420227,0.0,12.0,0.36504748463630676,3,1
StandardGSGP,146b111d-027a-11f0-9829-089df4bf3532,fertility,2,1,0.33794906735420227,0.001001596450805664,30.0,0.36504748463630676,3,1
StandardGSGP,146b111d-027a-11f0-9829-089df4bf3532,fertility,2,2,0.3379128575325012,0.0,36.0,0.36502325534820557,9,1
StandardGSGP,146b111d-027a-11f0-9829-089df4bf3532,fertility,2,3,0.3379128575325012,0.0009996891021728516,36.0,0.36502325534820557,9,1
StandardGSGP,146b111d-027a-11f0-9829-089df4bf3532,fertility,2,4,0.3379128575325012,0.0009999275207519531,56.0,0.36502325534820557,9,1
StandardGSGP,146b111d-027a-11f0-9829-089df4bf3532,fertility,2,5,0.3379128575325012,0.002000570297241211,70.0,0.36502325534820557,9,1
StandardGSGP,146b111d-027a-11f0-9829-089df4bf3532,fertility,2,6,0.3378898501396179,0.0009980201721191406,80.0,0.3649984896183014,21,1
StandardGSGP,146b111d-027a-11f0-9829-089df4bf3532,fertility,2,7,0.33787599205970764,0.001001119613647461,104.0,0.3649795651435852,27,1
StandardGSGP,146b111d-027a-11f0-9829-089df4bf3532,fertility,2,8,0.3378257155418396,0.0011017322540283203,120.0,0.3649333119392395,33,1
StandardGSGP,146b111d-027a-11f0-9829-089df4bf3532,fertility,2,9,0.33781641721725464,0.001007080078125,150.0,0.3649311363697052,39,1
StandardGSGP,146b111d-027a-11f0-9829-089df4bf3532,fertility,2,10,0.33781641721725464,0.0,178.0,0.3649311363697052,39,1
StandardGSGP,146dd048-027a-11f0-bfb2-089df4bf3532,fertility,3,0,0.44747334718704224,0.00099945068359375,12.0,0.5193074941635132,3,1
StandardGSGP,146dd048-027a-11f0-bfb2-089df4bf3532,fertility,3,1,0.4397079050540924,0.0009379386901855469,30.0,0.5103708505630493,9,1
StandardGSGP,146dd048-027a-11f0-bfb2-089df4bf3532,fertility,3,2,0.4393032491207123,0.0009610652923583984,48.0,0.5092157125473022,15,1
StandardGSGP,146dd048-027a-11f0-bfb2-089df4bf3532,fertility,3,3,0.4343677759170532,0.0010027885437011719,72.0,0.5039615631103516,21,1
StandardGSGP,146dd048-027a-11f0-bfb2-089df4bf3532,fertility,3,4,0.4343677759170532,0.0009014606475830078,96.0,0.5039615631103516,21,1
StandardGSGP,146dd048-027a-11f0-bfb2-089df4bf3532,fertility,3,5,0.4343677759170532,0.0009949207305908203,108.0,0.5039615631103516,21,1
StandardGSGP,146dd048-027a-11f0-bfb2-089df4bf3532,fertility,3,6,0.4343677759170532,0.0009992122650146484,126.0,0.5039615631103516,21,1
StandardGSGP,146dd048-027a-11f0-bfb2-089df4bf3532,fertility,3,7,0.4343677759170532,0.002064943313598633,120.0,0.5039615631103516,21,1
StandardGSGP,146dd048-027a-11f0-bfb2-089df4bf3532,fertility,3,8,0.4343671202659607,0.0009343624114990234,114.0,0.5033830404281616,27,1
StandardGSGP,146dd048-027a-11f0-bfb2-089df4bf3532,fertility,3,9,0.4227105379104614,0.0009996891021728516,114.0,0.49219003319740295,27,1
StandardGSGP,146dd048-027a-11f0-bfb2-089df4bf3532,fertility,3,10,0.4227105379104614,0.0010006427764892578,132.0,0.49219003319740295,27,1
StandardGSGP,1470b678-027a-11f0-8bd4-089df4bf3532,fertility,4,0,0.33548504114151,0.0010008811950683594,12.0,0.3629465699195862,3,1
StandardGSGP,1470b678-027a-11f0-8bd4-089df4bf3532,fertility,4,1,0.3350968062877655,0.0009975433349609375,30.0,0.36230385303497314,9,1
StandardGSGP,1470b678-027a-11f0-8bd4-089df4bf3532,fertility,4,2,0.3349533975124359,0.001108407974243164,48.0,0.3621489703655243,15,1
StandardGSGP,1470b678-027a-11f0-8bd4-089df4bf3532,fertility,4,3,0.3349533975124359,0.0,74.0,0.3621489703655243,15,1
StandardGSGP,1470b678-027a-11f0-8bd4-089df4bf3532,fertility,4,4,0.33464181423187256,0.0,82.0,0.362085223197937,21,1
StandardGSGP,1470b678-027a-11f0-8bd4-089df4bf3532,fertility,4,5,0.334520548582077,0.0,90.0,0.3616240620613098,21,1
StandardGSGP,1470b678-027a-11f0-8bd4-089df4bf3532,fertility,4,6,0.3341122269630432,0.0,108.0,0.3618101179599762,27,1
StandardGSGP,1470b678-027a-11f0-8bd4-089df4bf3532,fertility,4,7,0.33410292863845825,0.0009953975677490234,120.0,0.36164647340774536,33,1
StandardGSGP,1470b678-027a-11f0-8bd4-089df4bf3532,fertility,4,8,0.33409321308135986,0.0010094642639160156,144.0,0.3618818521499634,39,1
StandardGSGP,1470b678-027a-11f0-8bd4-089df4bf3532,fertility,4,9,0.33409321308135986,0.0009338855743408203,162.0,0.3618818521499634,39,1
StandardGSGP,1470b678-027a-11f0-8bd4-089df4bf3532,fertility,4,10,0.3329126238822937,0.0009932518005371094,176.0,0.36093562841415405,47,1
StandardGSGP,147327fc-027a-11f0-bf61-089df4bf3532,fertility,5,0,0.6563565731048584,0.0009961128234863281,12.0,0.6605877876281738,3,1
StandardGSGP,147327fc-027a-11f0-bf61-089df4bf3532,fertility,5,1,0.6509455442428589,0.0020096302032470703,30.0,0.6572125554084778,9,1
StandardGSGP,147327fc-027a-11f0-bf61-089df4bf3532,fertility,5,2,0.6209853887557983,0.0010101795196533203,48.0,0.6348295211791992,15,1
StandardGSGP,147327fc-027a-11f0-bf61-089df4bf3532,fertility,5,3,0.6209853887557983,0.0009250640869140625,74.0,0.6348295211791992,15,1
StandardGSGP,147327fc-027a-11f0-bf61-089df4bf3532,fertility,5,4,0.590045690536499,0.0009632110595703125,90.0,0.6003783345222473,27,1
StandardGSGP,147327fc-027a-11f0-bf61-089df4bf3532,fertility,5,5,0.5383286476135254,0.0011010169982910156,114.0,0.569428026676178,33,1
StandardGSGP,147327fc-027a-11f0-bf61-089df4bf3532,fertility,5,6,0.49210983514785767,0.0010006427764892578,132.0,0.5294700264930725,39,1
StandardGSGP,147327fc-027a-11f0-bf61-089df4bf3532,fertility,5,7,0.4755626618862152,0.0010051727294921875,168.0,0.5138723850250244,45,1
StandardGSGP,147327fc-027a-11f0-bf61-089df4bf3532,fertility,5,8,0.4755626618862152,0.0010004043579101562,198.0,0.5138723850250244,45,1
StandardGSGP,147327fc-027a-11f0-bf61-089df4bf3532,fertility,5,9,0.42216914892196655,0.0009942054748535156,204.0,0.4706287384033203,51,1
StandardGSGP,147327fc-027a-11f0-bf61-089df4bf3532,fertility,5,10,0.4188440144062042,0.0010094642639160156,218.0,0.4675910472869873,57,1
StandardGSGP,1475e9d5-027a-11f0-b985-089df4bf3532,fertility,6,0,0.411674827337265,0.0011074542999267578,12.0,0.392512708902359,3,1
StandardGSGP,1475e9d5-027a-11f0-b985-089df4bf3532,fertility,6,1,0.400628000497818,0.0008895397186279297,30.0,0.41359037160873413,9,1
StandardGSGP,1475e9d5-027a-11f0-b985-089df4bf3532,fertility,6,2,0.40045496821403503,0.0010027885437011719,54.0,0.39467668533325195,15,1
StandardGSGP,1475e9d5-027a-11f0-b985-089df4bf3532,fertility,6,3,0.39792147278785706,0.0009996891021728516,72.0,0.3995949625968933,21,1
StandardGSGP,1475e9d5-027a-11f0-b985-089df4bf3532,fertility,6,4,0.38370347023010254,0.0009999275207519531,90.0,0.3886663615703583,27,1
StandardGSGP,1475e9d5-027a-11f0-b985-089df4bf3532,fertility,6,5,0.37791597843170166,0.0010585784912109375,120.0,0.39409342408180237,33,1
StandardGSGP,1475e9d5-027a-11f0-b985-089df4bf3532,fertility,6,6,0.3277124762535095,0.0009806156158447266,146.0,0.3530755043029785,39,1
StandardGSGP,1475e9d5-027a-11f0-b985-089df4bf3532,fertility,6,7,0.3277124762535095,0.0009999275207519531,174.0,0.3530755043029785,39,1
StandardGSGP,1475e9d5-027a-11f0-b985-089df4bf3532,fertility,6,8,0.3239089846611023,0.0010073184967041016,186.0,0.34823986887931824,51,1
StandardGSGP,1475e9d5-027a-11f0-b985-089df4bf3532,fertility,6,9,0.32187503576278687,0.0009982585906982422,210.0,0.34897246956825256,57,1
StandardGSGP,1475e9d5-027a-11f0-b985-089df4bf3532,fertility,6,10,0.3210889399051666,0.0009338855743408203,240.0,0.34900733828544617,63,1
StandardGSGP,14785ac4-027a-11f0-aa72-089df4bf3532,fertility,7,0,0.5220540761947632,0.000997781753540039,12.0,0.5503119826316833,3,1
StandardGSGP,14785ac4-027a-11f0-aa72-089df4bf3532,fertility,7,1,0.5220540761947632,0.0019736289978027344,30.0,0.5503119826316833,3,1
StandardGSGP,14785ac4-027a-11f0-aa72-089df4bf3532,fertility,7,2,0.5220540761947632,0.0010254383087158203,30.0,0.5503119826316833,3,1
StandardGSGP,14785ac4-027a-11f0-aa72-089df4bf3532,fertility,7,3,0.5168500542640686,0.0018835067749023438,42.0,0.5433759093284607,15,1
StandardGSGP,14785ac4-027a-11f0-aa72-089df4bf3532,fertility,7,4,0.5168500542640686,0.0010988712310791016,78.0,0.5433759093284607,15,1
StandardGSGP,14785ac4-027a-11f0-aa72-089df4bf3532,fertility,7,5,0.5168500542640686,0.0010097026824951172,96.0,0.5433759093284607,15,1
StandardGSGP,14785ac4-027a-11f0-aa72-089df4bf3532,fertility,7,6,0.5100975036621094,0.0009472370147705078,102.0,0.5366564989089966,21,1
StandardGSGP,14785ac4-027a-11f0-aa72-089df4bf3532,fertility,7,7,0.4635469615459442,0.0009462833404541016,96.0,0.5026279091835022,21,1
StandardGSGP,14785ac4-027a-11f0-aa72-089df4bf3532,fertility,7,8,0.4635469615459442,0.0010573863983154297,102.0,0.5026279091835022,21,1
StandardGSGP,14785ac4-027a-11f0-aa72-089df4bf3532,fertility,7,9,0.42494338750839233,0.0010051727294921875,116.0,0.45869800448417664,27,1
StandardGSGP,14785ac4-027a-11f0-aa72-089df4bf3532,fertility,7,10,0.3901991546154022,0.0009942054748535156,126.0,0.41884419322013855,33,1
StandardGSGP,147b16a3-027a-11f0-80cc-089df4bf3532,fertility,8,0,0.3269059360027313,0.0010025501251220703,14.0,0.35273659229278564,3,1
StandardGSGP,147b16a3-027a-11f0-80cc-089df4bf3532,fertility,8,1,0.3256544768810272,0.0009779930114746094,30.0,0.3519498109817505,9,1
StandardGSGP,147b16a3-027a-11f0-80cc-089df4bf3532,fertility,8,2,0.32311418652534485,0.0010216236114501953,54.0,0.3508271276950836,15,1
StandardGSGP,147b16a3-027a-11f0-80cc-089df4bf3532,fertility,8,3,0.32107481360435486,0.0010051727294921875,80.0,0.34775310754776,21,1
StandardGSGP,147b16a3-027a-11f0-80cc-089df4bf3532,fertility,8,4,0.32107481360435486,0.00099945068359375,102.0,0.34775310754776,21,1
StandardGSGP,147b16a3-027a-11f0-80cc-089df4bf3532,fertility,8,5,0.31780773401260376,0.0009951591491699219,108.0,0.34472641348838806,27,1
StandardGSGP,147b16a3-027a-11f0-80cc-089df4bf3532,fertility,8,6,0.3171190023422241,0.0,124.0,0.34564194083213806,35,1
StandardGSGP,147b16a3-027a-11f0-80cc-089df4bf3532,fertility,8,7,0.31536856293678284,0.0010020732879638672,152.0,0.34380489587783813,41,1
StandardGSGP,147b16a3-027a-11f0-80cc-089df4bf3532,fertility,8,8,0.3128921091556549,0.0009961128234863281,184.0,0.34218737483024597,49,1
StandardGSGP,147b16a3-027a-11f0-80cc-089df4bf3532,fertility,8,9,0.3128921091556549,0.000946044921875,204.0,0.34218737483024597,49,1
StandardGSGP,147b16a3-027a-11f0-80cc-089df4bf3532,fertility,8,10,0.3128921091556549,0.0010650157928466797,214.0,0.34218737483024597,49,1
StandardGSGP,147d87c8-027a-11f0-9df2-089df4bf3532,fertility,9,0,0.3181743621826172,0.0009999275207519531,12.0,0.3406638205051422,3,1
StandardGSGP,147d87c8-027a-11f0-9df2-089df4bf3532,fertility,9,1,0.3181743621826172,0.00099945068359375,30.0,0.3406638205051422,3,1
StandardGSGP,147d87c8-027a-11f0-9df2-089df4bf3532,fertility,9,2,0.3181743621826172,0.0007536411285400391,48.0,0.3406638205051422,3,1
StandardGSGP,147d87c8-027a-11f0-9df2-089df4bf3532,fertility,9,3,0.3148295283317566,0.0010061264038085938,32.0,0.33877232670783997,9,1
StandardGSGP,147d87c8-027a-11f0-9df2-089df4bf3532,fertility,9,4,0.31379804015159607,0.001003265380859375,54.0,0.33943110704421997,15,1
StandardGSGP,147d87c8-027a-11f0-9df2-089df4bf3532,fertility,9,5,0.31262001395225525,0.0010004043579101562,78.0,0.3409387171268463,21,1
StandardGSGP,147d87c8-027a-11f0-9df2-089df4bf3532,fertility,9,6,0.31262001395225525,0.0010001659393310547,92.0,0.3409387171268463,21,1
StandardGSGP,147d87c8-027a-11f0-9df2-089df4bf3532,fertility,9,7,0.31257906556129456,0.0010061264038085938,102.0,0.3407060503959656,27,1
StandardGSGP,147d87c8-027a-11f0-9df2-089df4bf3532,fertility,9,8,0.3118889033794403,0.0010747909545898438,120.0,0.3410038650035858,27,1
StandardGSGP,147d87c8-027a-11f0-9df2-089df4bf3532,fertility,9,9,0.3118889033794403,0.000926971435546875,132.0,0.3410038650035858,27,1
StandardGSGP,147d87c8-027a-11f0-9df2-089df4bf3532,fertility,9,10,0.30760180950164795,0.0009970664978027344,156.0,0.34652256965637207,39,1
StandardGSGP,14803d97-027a-11f0-918a-089df4bf3532,fertility,10,0,0.42582422494888306,0.0,12.0,0.46963173151016235,3,1
StandardGSGP,14803d97-027a-11f0-918a-089df4bf3532,fertility,10,1,0.42294126749038696,0.0009965896606445312,30.0,0.4664176404476166,9,1
StandardGSGP,14803d97-027a-11f0-918a-089df4bf3532,fertility,10,2,0.41881027817726135,0.00093841552734375,50.0,0.45919474959373474,15,1
StandardGSGP,14803d97-027a-11f0-918a-089df4bf3532,fertility,10,3,0.41881027817726135,0.0009598731994628906,68.0,0.45919474959373474,15,1
StandardGSGP,14803d97-027a-11f0-918a-089df4bf3532,fertility,10,4,0.40695303678512573,0.0009999275207519531,78.0,0.46312281489372253,21,1
StandardGSGP,14803d97-027a-11f0-918a-089df4bf3532,fertility,10,5,0.4067290723323822,0.0010769367218017578,102.0,0.4630820155143738,27,1
StandardGSGP,14803d97-027a-11f0-918a-089df4bf3532,fertility,10,6,0.36389806866645813,0.0,126.0,0.40502217411994934,33,1
StandardGSGP,14803d97-027a-11f0-918a-089df4bf3532,fertility,10,7,0.36389806866645813,0.0,134.0,0.40502217411994934,33,1
StandardGSGP,14803d97-027a-11f0-918a-089df4bf3532,fertility,10,8,0.36389806866645813,0.0009965896606445312,150.0,0.40502217411994934,33,1
StandardGSGP,14803d97-027a-11f0-918a-089df4bf3532,fertility,10,9,0.3499913811683655,0.0009415149688720703,152.0,0.39356160163879395,39,1
StandardGSGP,14803d97-027a-11f0-918a-089df4bf3532,fertility,10,10,0.31633245944976807,0.0009558200836181641,174.0,0.3498072326183319,45,1
StandardGSGP,1482b2c2-027a-11f0-bc70-089df4bf3532,fertility,11,0,0.33764582872390747,0.0,14.0,0.36459285020828247,5,1
StandardGSGP,1482b2c2-027a-11f0-bc70-089df4bf3532,fertility,11,1,0.33764582872390747,0.0,36.0,0.36459285020828247,5,1
StandardGSGP,1482b2c2-027a-11f0-bc70-089df4bf3532,fertility,11,2,0.3376178443431854,0.0,42.0,0.36463695764541626,11,1
StandardGSGP,1482b2c2-027a-11f0-bc70-089df4bf3532,fertility,11,3,0.33758729696273804,0.0,62.0,0.3645910322666168,17,1
StandardGSGP,1482b2c2-027a-11f0-bc70-089df4bf3532,fertility,11,4,0.3375862240791321,0.0,86.0,0.3645899295806885,23,1
StandardGSGP,1482b2c2-027a-11f0-bc70-089df4bf3532,fertility,11,5,0.3375532329082489,0.0,112.0,0.3645510673522949,29,1
StandardGSGP,1482b2c2-027a-11f0-bc70-089df4bf3532,fertility,11,6,0.3375057876110077,0.0,128.0,0.36449530720710754,29,1
StandardGSGP,1482b2c2-027a-11f0-bc70-089df4bf3532,fertility,11,7,0.33737674355506897,0.0,146.0,0.3644286096096039,35,1
StandardGSGP,1482b2c2-027a-11f0-bc70-089df4bf3532,fertility,11,8,0.3373388648033142,0.0,164.0,0.3644007444381714,41,1
StandardGSGP,1482b2c2-027a-11f0-bc70-089df4bf3532,fertility,11,9,0.33719751238822937,0.0,182.0,0.3642507493495941,47,1
StandardGSGP,1482b2c2-027a-11f0-bc70-089df4bf3532,fertility,11,10,0.33719751238822937,0.0,206.0,0.3642507493495941,47,1
StandardGSGP,14856153-027a-11f0-a91a-089df4bf3532,fertility,12,0,0.33806169033050537,0.0,12.0,0.3651483952999115,3,1
StandardGSGP,14856153-027a-11f0-a91a-089df4bf3532,fertility,12,1,0.33806169033050537,0.0,32.0,0.3651483952999115,3,1
StandardGSGP,14856153-027a-11f0-a91a-089df4bf3532,fertility,12,2,0.33806169033050537,0.0,46.0,0.3651483952999115,3,1
StandardGSGP,14856153-027a-11f0-a91a-089df4bf3532,fertility,12,3,0.33806169033050537,0.0,50.0,0.3651483952999115,3,1
StandardGSGP,14856153-027a-11f0-a91a-089df4bf3532,fertility,12,4,0.33806169033050537,0.0,36.0,0.3651483952999115,3,1
StandardGSGP,14856153-027a-11f0-a91a-089df4bf3532,fertility,12,5,0.33806169033050537,0.0,48.0,0.3651483952999115,3,1
StandardGSGP,14856153-027a-11f0-a91a-089df4bf3532,fertility,12,6,0.33806169033050537,0.0,66.0,0.3651483952999115,3,1
StandardGSGP,14856153-027a-11f0-a91a-089df4bf3532,fertility,12,7,0.33806169033050537,0.0,58.0,0.3651483952999115,3,1
StandardGSGP,14856153-027a-11f0-a91a-089df4bf3532,fertility,12,8,0.33806169033050537,0.0,78.0,0.3651483952999115,3,1
StandardGSGP,14856153-027a-11f0-a91a-089df4bf3532,fertility,12,9,0.33806169033050537,0.0,82.0,0.3651483952999115,3,1
StandardGSGP,14856153-027a-11f0-a91a-089df4bf3532,fertility,12,10,0.33806169033050537,0.0,100.0,0.3651483952999115,3,1
StandardGSGP,1487c218-027a-11f0-acde-089df4bf3532,fertility,13,0,0.6252391934394836,0.0011973381042480469,12.0,0.632483720779419,3,1
StandardGSGP,1487c218-027a-11f0-acde-089df4bf3532,fertility,13,1,0.5617696642875671,0.001051187515258789,30.0,0.5660894513130188,9,1
StandardGSGP,1487c218-027a-11f0-acde-089df4bf3532,fertility,13,2,0.5564334392547607,0.0014979839324951172,48.0,0.5600718855857849,15,1
StandardGSGP,1487c218-027a-11f0-acde-089df4bf3532,fertility,13,3,0.501680314540863,0.0010123252868652344,72.0,0.5037268400192261,21,1
StandardGSGP,1487c218-027a-11f0-acde-089df4bf3532,fertility,13,4,0.4998547434806824,0.00099945068359375,98.0,0.5015824437141418,27,1
StandardGSGP,1487c218-027a-11f0-acde-089df4bf3532,fertility,13,5,0.465326726436615,0.00099945068359375,114.0,0.46760010719299316,27,1
StandardGSGP,1487c218-027a-11f0-acde-089df4bf3532,fertility,13,6,0.4096642732620239,0.0,126.0,0.4128042161464691,33,1
StandardGSGP,1487c218-027a-11f0-acde-089df4bf3532,fertility,13,7,0.4096642732620239,0.0,144.0,0.4128042161464691,33,1
StandardGSGP,1487c218-027a-11f0-acde-089df4bf3532,fertility,13,8,0.40208700299263,0.0009996891021728516,156.0,0.4011957347393036,39,1
StandardGSGP,1487c218-027a-11f0-acde-089df4bf3532,fertility,13,9,0.3655484616756439,0.0009999275207519531,180.0,0.36419060826301575,45,1
StandardGSGP,1487c218-027a-11f0-acde-089df4bf3532,fertility,13,10,0.3629336655139923,0.0010001659393310547,192.0,0.3672165870666504,45,1
StandardGSGP,148a7ffa-027a-11f0-839f-089df4bf3532,fertility,14,0,0.4729444682598114,0.0009996891021728516,12.0,0.4636566638946533,3,1
StandardGSGP,148a7ffa-027a-11f0-839f-089df4bf3532,fertility,14,1,0.4729444682598114,0.001001119613647461,30.0,0.4636566638946533,3,1
StandardGSGP,148a7ffa-027a-11f0-839f-089df4bf3532,fertility,14,2,0.4656520485877991,0.001999378204345703,36.0,0.4612732529640198,9,1
StandardGSGP,148a7ffa-027a-11f0-839f-089df4bf3532,fertility,14,3,0.4601127505302429,0.0010650157928466797,48.0,0.45721590518951416,15,1
StandardGSGP,148a7ffa-027a-11f0-839f-089df4bf3532,fertility,14,4,0.4601127505302429,0.002004384994506836,74.0,0.45721590518951416,15,1
StandardGSGP,148a7ffa-027a-11f0-839f-089df4bf3532,fertility,14,5,0.4508417546749115,0.0009291172027587891,86.0,0.44904688000679016,29,1
StandardGSGP,148a7ffa-027a-11f0-839f-089df4bf3532,fertility,14,6,0.4498469829559326,0.0009953975677490234,112.0,0.4481830298900604,35,1
StandardGSGP,148a7ffa-027a-11f0-839f-089df4bf3532,fertility,14,7,0.4124314785003662,0.0010178089141845703,138.0,0.4132573902606964,27,1
StandardGSGP,148a7ffa-027a-11f0-839f-089df4bf3532,fertility,14,8,0.4120778739452362,0.0,148.0,0.4060721695423126,33,1
StandardGSGP,148a7ffa-027a-11f0-839f-089df4bf3532,fertility,14,9,0.40938693284988403,0.00099945068359375,164.0,0.39825117588043213,39,1
StandardGSGP,148a7ffa-027a-11f0-839f-089df4bf3532,fertility,14,10,0.3833591938018799,0.0010008811950683594,174.0,0.3822757601737976,45,1
StandardGSGP,148d230f-027a-11f0-9176-089df4bf3532,fertility,15,0,0.5235611796379089,0.0010044574737548828,12.0,0.5324426293373108,3,1
StandardGSGP,148d230f-027a-11f0-9176-089df4bf3532,fertility,15,1,0.49665510654449463,0.0010013580322265625,30.0,0.5068463087081909,9,1
StandardGSGP,148d230f-027a-11f0-9176-089df4bf3532,fertility,15,2,0.4606456756591797,0.0010063648223876953,54.0,0.46836307644844055,15,1
StandardGSGP,148d230f-027a-11f0-9176-089df4bf3532,fertility,15,3,0.4606456756591797,0.0009937286376953125,78.0,0.46836307644844055,15,1
StandardGSGP,148d230f-027a-11f0-9176-089df4bf3532,fertility,15,4,0.45073726773262024,0.0009982585906982422,78.0,0.4599265158176422,21,1
StandardGSGP,148d230f-027a-11f0-9176-089df4bf3532,fertility,15,5,0.4454556703567505,0.0010006427764892578,102.0,0.4546073079109192,27,1
StandardGSGP,148d230f-027a-11f0-9176-089df4bf3532,fertility,15,6,0.4425298273563385,0.0009982585906982422,120.0,0.4513518810272217,33,1
StandardGSGP,148d230f-027a-11f0-9176-089df4bf3532,fertility,15,7,0.41643625497817993,0.0010004043579101562,144.0,0.42415422201156616,39,1
StandardGSGP,148d230f-027a-11f0-9176-089df4bf3532,fertility,15,8,0.38179826736450195,0.0010001659393310547,162.0,0.3840002119541168,39,1
StandardGSGP,148d230f-027a-11f0-9176-089df4bf3532,fertility,15,9,0.3599802553653717,0.0010051727294921875,176.0,0.36358729004859924,45,1
StandardGSGP,148d230f-027a-11f0-9176-089df4bf3532,fertility,15,10,0.3482457101345062,0.0010845661163330078,198.0,0.34950947761535645,51,1
StandardGSGP,1490f227-027a-11f0-9058-089df4bf3532,fertility,16,0,0.4499126076698303,0.0,12.0,0.46912142634391785,3,1
StandardGSGP,1490f227-027a-11f0-9058-089df4bf3532,fertility,16,1,0.44342106580734253,0.001004934310913086,30.0,0.45990216732025146,9,1
StandardGSGP,1490f227-027a-11f0-9058-089df4bf3532,fertility,16,2,0.44342106580734253,0.0009999275207519531,36.0,0.45990216732025146,9,1
StandardGSGP,1490f227-027a-11f0-9058-089df4bf3532,fertility,16,3,0.4403049051761627,0.0010013580322265625,56.0,0.4635099768638611,15,1
StandardGSGP,1490f227-027a-11f0-9058-089df4bf3532,fertility,16,4,0.4363808333873749,0.0009999275207519531,72.0,0.46045181155204773,21,1
StandardGSGP,1490f227-027a-11f0-9058-089df4bf3532,fertility,16,5,0.36818522214889526,0.0009992122650146484,98.0,0.41160690784454346,29,1
StandardGSGP,1490f227-027a-11f0-9058-089df4bf3532,fertility,16,6,0.36337077617645264,0.0010380744934082031,126.0,0.4090770184993744,35,1
StandardGSGP,1490f227-027a-11f0-9058-089df4bf3532,fertility,16,7,0.3628785014152527,0.0010035037994384766,152.0,0.4087947905063629,41,1
StandardGSGP,1490f227-027a-11f0-9058-089df4bf3532,fertility,16,8,0.3620792329311371,0.000995635986328125,164.0,0.40805408358573914,41,1
StandardGSGP,1490f227-027a-11f0-9058-089df4bf3532,fertility,16,9,0.3620792329311371,0.0009999275207519531,182.0,0.40805408358573914,41,1
StandardGSGP,1490f227-027a-11f0-9058-089df4bf3532,fertility,16,10,0.3620792329311371,0.0020020008087158203,194.0,0.40805408358573914,41,1
StandardGSGP,14942654-027a-11f0-9178-089df4bf3532,fertility,17,0,0.5248153805732727,0.0009996891021728516,12.0,0.5708602666854858,3,1
StandardGSGP,14942654-027a-11f0-9178-089df4bf3532,fertility,17,1,0.49828171730041504,0.0010001659393310547,30.0,0.5473597645759583,9,1
StandardGSGP,14942654-027a-11f0-9178-089df4bf3532,fertility,17,2,0.49828171730041504,0.0009996891021728516,42.0,0.5473597645759583,9,1
StandardGSGP,14942654-027a-11f0-9178-089df4bf3532,fertility,17,3,0.49137672781944275,0.0010006427764892578,54.0,0.5499253869056702,15,1
StandardGSGP,14942654-027a-11f0-9178-089df4bf3532,fertility,17,4,0.4650973975658417,0.0009996891021728516,72.0,0.5351359248161316,21,1
StandardGSGP,14942654-027a-11f0-9178-089df4bf3532,fertility,17,5,0.4557620882987976,0.0010008811950683594,96.0,0.5255383849143982,27,1
StandardGSGP,14942654-027a-11f0-9178-089df4bf3532,fertility,17,6,0.4557620882987976,0.0009987354278564453,114.0,0.5255383849143982,27,1
StandardGSGP,14942654-027a-11f0-9178-089df4bf3532,fertility,17,7,0.4557620882987976,0.0020020008087158203,132.0,0.5255383849143982,27,1
StandardGSGP,14942654-027a-11f0-9178-089df4bf3532,fertility,17,8,0.42993393540382385,0.0010001659393310547,126.0,0.4980323016643524,33,1
StandardGSGP,14942654-027a-11f0-9178-089df4bf3532,fertility,17,9,0.39159083366394043,0.002000093460083008,150.0,0.4597587287425995,39,1
StandardGSGP,14942654-027a-11f0-9178-089df4bf3532,fertility,17,10,0.3638681173324585,0.0010001659393310547,168.0,0.419158935546875,45,1
StandardGSGP,14977b7a-027a-11f0-94e4-089df4bf3532,fertility,18,0,0.47540217638015747,0.0,12.0,0.44387802481651306,3,1
StandardGSGP,14977b7a-027a-11f0-94e4-089df4bf3532,fertility,18,1,0.47540217638015747,0.0,30.0,0.44387802481651306,3,1
StandardGSGP,14977b7a-027a-11f0-94e4-089df4bf3532,fertility,18,2,0.4628314673900604,0.0,42.0,0.41812145709991455,15,1
StandardGSGP,14977b7a-027a-11f0-94e4-089df4bf3532,fertility,18,3,0.4294096529483795,0.0,80.0,0.387070894241333,21,1
StandardGSGP,14977b7a-027a-11f0-94e4-089df4bf3532,fertility,18,4,0.4294096529483795,0.0,96.0,0.387070894241333,21,1
StandardGSGP,14977b7a-027a-11f0-94e4-089df4bf3532,fertility,18,5,0.428733229637146,0.0,102.0,0.3863711655139923,27,1
StandardGSGP,14977b7a-027a-11f0-94e4-089df4bf3532,fertility,18,6,0.39353030920028687,0.0,120.0,0.3527386784553528,33,1
StandardGSGP,14977b7a-027a-11f0-94e4-089df4bf3532,fertility,18,7,0.39353030920028687,0.0,132.0,0.3527386784553528,33,1
StandardGSGP,14977b7a-027a-11f0-94e4-089df4bf3532,fertility,18,8,0.38683146238327026,0.015122652053833008,150.0,0.3399481475353241,39,1
StandardGSGP,14977b7a-027a-11f0-94e4-089df4bf3532,fertility,18,9,0.38683146238327026,0.0,168.0,0.3399481475353241,39,1
StandardGSGP,14977b7a-027a-11f0-94e4-089df4bf3532,fertility,18,10,0.37713858485221863,0.0,176.0,0.33182093501091003,47,1
StandardGSGP,1499ca36-027a-11f0-b448-089df4bf3532,fertility,19,0,0.3377464711666107,0.0,12.0,0.3647434711456299,3,1
StandardGSGP,1499ca36-027a-11f0-b448-089df4bf3532,fertility,19,1,0.3377464711666107,0.0,30.0,0.3647434711456299,3,1
StandardGSGP,1499ca36-027a-11f0-b448-089df4bf3532,fertility,19,2,0.3376854658126831,0.0,30.0,0.3647081255912781,9,1
StandardGSGP,1499ca36-027a-11f0-b448-089df4bf3532,fertility,19,3,0.3376854658126831,0.0,48.0,0.3647081255912781,9,1
StandardGSGP,1499ca36-027a-11f0-b448-089df4bf3532,fertility,19,4,0.33768120408058167,0.0,54.0,0.36470845341682434,15,1
StandardGSGP,1499ca36-027a-11f0-b448-089df4bf3532,fertility,19,5,0.33768120408058167,0.0,74.0,0.36470845341682434,15,1
StandardGSGP,1499ca36-027a-11f0-b448-089df4bf3532,fertility,19,6,0.33745720982551575,0.0012507438659667969,78.0,0.3645372688770294,21,1
StandardGSGP,1499ca36-027a-11f0-b448-089df4bf3532,fertility,19,7,0.33744579553604126,0.0010116100311279297,102.0,0.36452731490135193,27,1
StandardGSGP,1499ca36-027a-11f0-b448-089df4bf3532,fertility,19,8,0.33741524815559387,0.0009009838104248047,126.0,0.3643958270549774,33,1
StandardGSGP,1499ca36-027a-11f0-b448-089df4bf3532,fertility,19,9,0.33719465136528015,0.0009984970092773438,150.0,0.36423879861831665,39,1
StandardGSGP,1499ca36-027a-11f0-b448-089df4bf3532,fertility,19,10,0.33682870864868164,0.0009996891021728516,174.0,0.36375200748443604,45,1
StandardGSGP,149dc222-027a-11f0-acd0-089df4bf3532,fertility,20,0,0.4802108108997345,0.001001596450805664,14.0,0.4960097074508667,3,1
StandardGSGP,149dc222-027a-11f0-acd0-089df4bf3532,fertility,20,1,0.4802108108997345,0.0,32.0,0.4960097074508667,3,1
StandardGSGP,149dc222-027a-11f0-acd0-089df4bf3532,fertility,20,2,0.4566057026386261,0.0,42.0,0.4695279896259308,9,1
StandardGSGP,149dc222-027a-11f0-acd0-089df4bf3532,fertility,20,3,0.4548228979110718,0.0,50.0,0.46302396059036255,15,1
StandardGSGP,149dc222-027a-11f0-acd0-089df4bf3532,fertility,20,4,0.4175230860710144,0.0,70.0,0.4202499985694885,23,1
StandardGSGP,149dc222-027a-11f0-acd0-089df4bf3532,fertility,20,5,0.4175230860710144,0.0,86.0,0.4202499985694885,23,1
StandardGSGP,149dc222-027a-11f0-acd0-089df4bf3532,fertility,20,6,0.3783937394618988,0.0,106.0,0.3723052144050598,29,1
StandardGSGP,149dc222-027a-11f0-acd0-089df4bf3532,fertility,20,7,0.3783937394618988,0.0,126.0,0.3723052144050598,29,1
StandardGSGP,149dc222-027a-11f0-acd0-089df4bf3532,fertility,20,8,0.35974550247192383,0.0,134.0,0.35268548130989075,35,1
StandardGSGP,149dc222-027a-11f0-acd0-089df4bf3532,fertility,20,9,0.35974550247192383,0.0,146.0,0.35268548130989075,35,1
StandardGSGP,149dc222-027a-11f0-acd0-089df4bf3532,fertility,20,10,0.35098615288734436,0.0,158.0,0.3485409915447235,41,1
StandardGSGP,14a08740-027a-11f0-86fb-089df4bf3532,fertility,21,0,0.33528998494148254,0.0,14.0,0.36114007234573364,5,1
StandardGSGP,14a08740-027a-11f0-86fb-089df4bf3532,fertility,21,1,0.33528998494148254,0.0,36.0,0.36114007234573364,5,1
StandardGSGP,14a08740-027a-11f0-86fb-089df4bf3532,fertility,21,2,0.33528998494148254,0.006313323974609375,48.0,0.36114007234573364,5,1
StandardGSGP,14a08740-027a-11f0-86fb-089df4bf3532,fertility,21,3,0.33528998494148254,0.001010894775390625,60.0,0.36114007234573364,5,1
StandardGSGP,14a08740-027a-11f0-86fb-089df4bf3532,fertility,21,4,0.33528998494148254,0.0009963512420654297,80.0,0.36114007234573364,5,1
StandardGSGP,14a08740-027a-11f0-86fb-089df4bf3532,fertility,21,5,0.33528998494148254,0.0010297298431396484,40.0,0.36114007234573364,5,1
StandardGSGP,14a08740-027a-11f0-86fb-089df4bf3532,fertility,21,6,0.3338688611984253,0.00021696090698242188,44.0,0.36001056432724,17,1
StandardGSGP,14a08740-027a-11f0-86fb-089df4bf3532,fertility,21,7,0.3338688611984253,0.0,56.0,0.36001056432724,17,1
StandardGSGP,14a08740-027a-11f0-86fb-089df4bf3532,fertility,21,8,0.3333728313446045,0.0,74.0,0.3585455119609833,23,1
StandardGSGP,14a08740-027a-11f0-86fb-089df4bf3532,fertility,21,9,0.3333728313446045,0.0,106.0,0.3585455119609833,23,1
StandardGSGP,14a08740-027a-11f0-86fb-089df4bf3532,fertility,21,10,0.3328104317188263,0.0,116.0,0.3566708564758301,35,1
StandardGSGP,14a222e4-027a-11f0-8a90-089df4bf3532,fertility,22,0,0.3375605046749115,0.0,14.0,0.3645346164703369,5,1
StandardGSGP,14a222e4-027a-11f0-8a90-089df4bf3532,fertility,22,1,0.33755964040756226,0.0,34.0,0.3645332157611847,11,1
StandardGSGP,14a222e4-027a-11f0-8a90-089df4bf3532,fertility,22,2,0.3374450206756592,0.0,60.0,0.36427798867225647,17,1
StandardGSGP,14a222e4-027a-11f0-8a90-089df4bf3532,fertility,22,3,0.33733421564102173,0.0,74.0,0.36435675621032715,17,1
StandardGSGP,14a222e4-027a-11f0-8a90-089df4bf3532,fertility,22,4,0.33732786774635315,0.0,86.0,0.36411893367767334,23,1
StandardGSGP,14a222e4-027a-11f0-8a90-089df4bf3532,fertility,22,5,0.3371677100658417,0.0,104.0,0.36417263746261597,23,1
StandardGSGP,14a222e4-027a-11f0-8a90-089df4bf3532,fertility,22,6,0.3371640741825104,0.0,122.0,0.36410653591156006,29,1
StandardGSGP,14a222e4-027a-11f0-8a90-089df4bf3532,fertility,22,7,0.3367999196052551,0.0,116.0,0.3637782335281372,29,1
StandardGSGP,14a222e4-027a-11f0-8a90-089df4bf3532,fertility,22,8,0.33656081557273865,0.0,134.0,0.36372461915016174,35,1
StandardGSGP,14a222e4-027a-11f0-8a90-089df4bf3532,fertility,22,9,0.3365151584148407,0.0,152.0,0.363863468170166,41,1
StandardGSGP,14a222e4-027a-11f0-8a90-089df4bf3532,fertility,22,10,0.3361189365386963,0.0,164.0,0.3631499111652374,41,1
StandardGSGP,14a6a6ec-027a-11f0-87c7-089df4bf3532,fertility,23,0,0.41832154989242554,0.0,12.0,0.3979112207889557,3,1
StandardGSGP,14a6a6ec-027a-11f0-87c7-089df4bf3532,fertility,23,1,0.41832154989242554,0.0,30.0,0.3979112207889557,3,1
StandardGSGP,14a6a6ec-027a-11f0-87c7-089df4bf3532,fertility,23,2,0.4172411561012268,0.0,42.0,0.3966890573501587,9,1
StandardGSGP,14a6a6ec-027a-11f0-87c7-089df4bf3532,fertility,23,3,0.41483086347579956,0.0,54.0,0.3941921889781952,9,1
StandardGSGP,14a6a6ec-027a-11f0-87c7-089df4bf3532,fertility,23,4,0.4047962427139282,0.0,72.0,0.3861232101917267,15,1
StandardGSGP,14a6a6ec-027a-11f0-87c7-089df4bf3532,fertility,23,5,0.4047192633152008,0.0,66.0,0.38045811653137207,15,1
StandardGSGP,14a6a6ec-027a-11f0-87c7-089df4bf3532,fertility,23,6,0.4047192633152008,0.0,78.0,0.38045811653137207,15,1
StandardGSGP,14a6a6ec-027a-11f0-87c7-089df4bf3532,fertility,23,7,0.37687480449676514,0.0,84.0,0.3660980463027954,21,1
StandardGSGP,14a6a6ec-027a-11f0-87c7-089df4bf3532,fertility,23,8,0.37687480449676514,0.0,96.0,0.3660980463027954,21,1
StandardGSGP,14a6a6ec-027a-11f0-87c7-089df4bf3532,fertility,23,9,0.37352824211120605,0.0,114.0,0.36360231041908264,27,1
StandardGSGP,14a6a6ec-027a-11f0-87c7-089df4bf3532,fertility,23,10,0.37352824211120605,0.0,128.0,0.36360231041908264,27,1
StandardGSGP,14a90ad6-027a-11f0-a7a6-089df4bf3532,fertility,24,0,0.543343186378479,0.0,16.0,0.5445252656936646,3,1
StandardGSGP,14a90ad6-027a-11f0-a7a6-089df4bf3532,fertility,24,1,0.533377468585968,0.0,32.0,0.536372184753418,9,1
StandardGSGP,14a90ad6-027a-11f0-a7a6-089df4bf3532,fertility,24,2,0.533377468585968,0.0,54.0,0.536372184753418,9,1
StandardGSGP,14a90ad6-027a-11f0-a7a6-089df4bf3532,fertility,24,3,0.5298821330070496,0.0,66.0,0.5334891080856323,15,1
StandardGSGP,14a90ad6-027a-11f0-a7a6-089df4bf3532,fertility,24,4,0.5015038251876831,0.0,72.0,0.5074176788330078,21,1
StandardGSGP,14a90ad6-027a-11f0-a7a6-089df4bf3532,fertility,24,5,0.4567713439464569,0.0,96.0,0.46772491931915283,27,1
StandardGSGP,14a90ad6-027a-11f0-a7a6-089df4bf3532,fertility,24,6,0.4567713439464569,0.0,126.0,0.46772491931915283,27,1
StandardGSGP,14a90ad6-027a-11f0-a7a6-089df4bf3532,fertility,24,7,0.42217862606048584,0.0,146.0,0.44252073764801025,41,1
StandardGSGP,14a90ad6-027a-11f0-a7a6-089df4bf3532,fertility,24,8,0.42205750942230225,0.0,168.0,0.4447700083255768,47,1
StandardGSGP,14a90ad6-027a-11f0-a7a6-089df4bf3532,fertility,24,9,0.41453224420547485,0.0,188.0,0.4331008493900299,47,1
StandardGSGP,14a90ad6-027a-11f0-a7a6-089df4bf3532,fertility,24,10,0.388351708650589,0.0,206.0,0.40714508295059204,53,1
StandardGSGP,14abce66-027a-11f0-b69f-089df4bf3532,fertility,25,0,0.3372170329093933,0.0,12.0,0.3642566204071045,3,1
StandardGSGP,14abce66-027a-11f0-b69f-089df4bf3532,fertility,25,1,0.3372170329093933,0.0009660720825195312,30.0,0.3642566204071045,3,1
StandardGSGP,14abce66-027a-11f0-b69f-089df4bf3532,fertility,25,2,0.3371000289916992,0.0006940364837646484,42.0,0.36430466175079346,9,1
StandardGSGP,14abce66-027a-11f0-b69f-089df4bf3532,fertility,25,3,0.3371000289916992,0.0,42.0,0.36430466175079346,9,1
StandardGSGP,14abce66-027a-11f0-b69f-089df4bf3532,fertility,25,4,0.33682918548583984,0.0,66.0,0.36410969495773315,21,1
StandardGSGP,14abce66-027a-11f0-b69f-089df4bf3532,fertility,25,5,0.33682918548583984,0.0,78.0,0.36410969495773315,21,1
StandardGSGP,14abce66-027a-11f0-b69f-089df4bf3532,fertility,25,6,0.33668896555900574,0.0,92.0,0.3638889789581299,27,1
StandardGSGP,14abce66-027a-11f0-b69f-089df4bf3532,fertility,25,7,0.33656546473503113,0.0,122.0,0.36377134919166565,35,1
StandardGSGP,14abce66-027a-11f0-b69f-089df4bf3532,fertility,25,8,0.33591917157173157,0.0,142.0,0.3631829023361206,33,1
StandardGSGP,14abce66-027a-11f0-b69f-089df4bf3532,fertility,25,9,0.33591917157173157,0.0,160.0,0.3631829023361206,33,1
StandardGSGP,14abce66-027a-11f0-b69f-089df4bf3532,fertility,25,10,0.3355575501918793,0.0,164.0,0.3628731667995453,53,1
StandardGSGP,14aea8c7-027a-11f0-835b-089df4bf3532,fertility,26,0,0.33769410848617554,0.0031173229217529297,12.0,0.36475813388824463,3,1
StandardGSGP,14aea8c7-027a-11f0-835b-089df4bf3532,fertility,26,1,0.33769410848617554,0.0010118484497070312,30.0,0.36475813388824463,3,1
StandardGSGP,14aea8c7-027a-11f0-835b-089df4bf3532,fertility,26,2,0.33769410848617554,0.0009980201721191406,48.0,0.36475813388824463,3,1
StandardGSGP,14aea8c7-027a-11f0-835b-089df4bf3532,fertility,26,3,0.33769339323043823,0.0010008811950683594,42.0,0.36475712060928345,9,1
StandardGSGP,14aea8c7-027a-11f0-835b-089df4bf3532,fertility,26,4,0.3376818895339966,0.000997304916381836,42.0,0.3647448718547821,15,1
StandardGSGP,14aea8c7-027a-11f0-835b-089df4bf3532,fertility,26,5,0.33761557936668396,0.0010006427764892578,68.0,0.36466407775878906,23,1
StandardGSGP,14aea8c7-027a-11f0-835b-089df4bf3532,fertility,26,6,0.33739978075027466,0.0009984970092773438,102.0,0.36442771553993225,21,1
StandardGSGP,14aea8c7-027a-11f0-835b-089df4bf3532,fertility,26,7,0.33679813146591187,0.0009984970092773438,112.0,0.36369094252586365,27,1
StandardGSGP,14aea8c7-027a-11f0-835b-089df4bf3532,fertility,26,8,0.33679813146591187,0.0010004043579101562,122.0,0.36369094252586365,27,1
StandardGSGP,14aea8c7-027a-11f0-835b-089df4bf3532,fertility,26,9,0.33679813146591187,0.0010111331939697266,126.0,0.36369094252586365,27,1
StandardGSGP,14aea8c7-027a-11f0-835b-089df4bf3532,fertility,26,10,0.33679813146591187,0.0010037422180175781,144.0,0.36369094252586365,27,1
StandardGSGP,14b1874a-027a-11f0-944a-089df4bf3532,fertility,27,0,0.3376697897911072,0.0,12.0,0.3647668659687042,3,1
StandardGSGP,14b1874a-027a-11f0-944a-089df4bf3532,fertility,27,1,0.3376697897911072,0.0009996891021728516,30.0,0.3647668659687042,3,1
StandardGSGP,14b1874a-027a-11f0-944a-089df4bf3532,fertility,27,2,0.3376697897911072,0.0010030269622802734,42.0,0.3647668659687042,3,1
StandardGSGP,14b1874a-027a-11f0-944a-089df4bf3532,fertility,27,3,0.3376583755016327,0.0009992122650146484,36.0,0.3647526502609253,9,1
StandardGSGP,14b1874a-027a-11f0-944a-089df4bf3532,fertility,27,4,0.3376370072364807,0.0009999275207519531,48.0,0.3647339940071106,9,1
StandardGSGP,14b1874a-027a-11f0-944a-089df4bf3532,fertility,27,5,0.3376312553882599,0.001001596450805664,60.0,0.36479851603507996,15,1
StandardGSGP,14b1874a-027a-11f0-944a-089df4bf3532,fertility,27,6,0.33749955892562866,0.0010018348693847656,78.0,0.3647092580795288,21,1
StandardGSGP,14b1874a-027a-11f0-944a-089df4bf3532,fertility,27,7,0.33726534247398376,0.0009965896606445312,104.0,0.36454105377197266,27,1
StandardGSGP,14b1874a-027a-11f0-944a-089df4bf3532,fertility,27,8,0.33726534247398376,0.0009751319885253906,122.0,0.36454105377197266,27,1
StandardGSGP,14b1874a-027a-11f0-944a-089df4bf3532,fertility,27,9,0.33724287152290344,0.0010271072387695312,126.0,0.3645632266998291,33,1
StandardGSGP,14b1874a-027a-11f0-944a-089df4bf3532,fertility,27,10,0.3371247351169586,0.0009996891021728516,144.0,0.3644602298736572,39,1
StandardGSGP,14b46d7e-027a-11f0-b6db-089df4bf3532,fertility,28,0,0.5787590146064758,0.0,12.0,0.588717520236969,3,1
StandardGSGP,14b46d7e-027a-11f0-b6db-089df4bf3532,fertility,28,1,0.5492097735404968,0.0009980201721191406,30.0,0.564178466796875,9,1
StandardGSGP,14b46d7e-027a-11f0-b6db-089df4bf3532,fertility,28,2,0.5492097735404968,0.0009996891021728516,48.0,0.564178466796875,9,1
StandardGSGP,14b46d7e-027a-11f0-b6db-089df4bf3532,fertility,28,3,0.534713864326477,0.0010213851928710938,60.0,0.5500208735466003,15,1
StandardGSGP,14b46d7e-027a-11f0-b6db-089df4bf3532,fertility,28,4,0.5148482918739319,0.000978708267211914,72.0,0.5346799492835999,21,1
StandardGSGP,14b46d7e-027a-11f0-b6db-089df4bf3532,fertility,28,5,0.489471435546875,0.0010166168212890625,90.0,0.5127488970756531,21,1
StandardGSGP,14b46d7e-027a-11f0-b6db-089df4bf3532,fertility,28,6,0.489471435546875,0.0009829998016357422,114.0,0.5127488970756531,21,1
StandardGSGP,14b46d7e-027a-11f0-b6db-089df4bf3532,fertility,28,7,0.4892365634441376,0.0015912055969238281,128.0,0.5133064985275269,27,1
StandardGSGP,14b46d7e-027a-11f0-b6db-089df4bf3532,fertility,28,8,0.4806596040725708,0.0,146.0,0.5054925084114075,27,1
StandardGSGP,14b46d7e-027a-11f0-b6db-089df4bf3532,fertility,28,9,0.4806596040725708,0.0,186.0,0.5054925084114075,27,1
StandardGSGP,14b46d7e-027a-11f0-b6db-089df4bf3532,fertility,28,10,0.45074009895324707,0.0,180.0,0.48069339990615845,59,1
StandardGSGP,14b5e403-027a-11f0-ac71-089df4bf3532,fertility,29,0,0.46092599630355835,0.0,12.0,0.44883641600608826,3,1
StandardGSGP,14b5e403-027a-11f0-ac71-089df4bf3532,fertility,29,1,0.46092599630355835,0.0,30.0,0.44883641600608826,3,1
StandardGSGP,14b5e403-027a-11f0-ac71-089df4bf3532,fertility,29,2,0.45172423124313354,0.0,36.0,0.4338664710521698,9,1
StandardGSGP,14b5e403-027a-11f0-ac71-089df4bf3532,fertility,29,3,0.4460376501083374,0.0,54.0,0.4345642924308777,15,1
StandardGSGP,14b5e403-027a-11f0-ac71-089df4bf3532,fertility,29,4,0.3856745660305023,0.0,78.0,0.38330981135368347,21,1
StandardGSGP,14b5e403-027a-11f0-ac71-089df4bf3532,fertility,29,5,0.35272157192230225,0.0,96.0,0.3590303361415863,27,1
StandardGSGP,14b5e403-027a-11f0-ac71-089df4bf3532,fertility,29,6,0.34405800700187683,0.0,114.0,0.3538150191307068,33,1
StandardGSGP,14b5e403-027a-11f0-ac71-089df4bf3532,fertility,29,7,0.342629075050354,0.0,144.0,0.350436806678772,33,1
StandardGSGP,14b5e403-027a-11f0-ac71-089df4bf3532,fertility,29,8,0.3368479311466217,0.0,150.0,0.3494202196598053,39,1
StandardGSGP,14b5e403-027a-11f0-ac71-089df4bf3532,fertility,29,9,0.3368479311466217,0.0,174.0,0.3494202196598053,39,1
StandardGSGP,14b5e403-027a-11f0-ac71-089df4bf3532,fertility,29,10,0.3296332061290741,0.0,188.0,0.3477450907230377,45,1
StandardGSGP,14b8421c-027a-11f0-96c8-089df4bf3532,fertility,30,0,0.5,0.0,16.0,0.5,3,1
StandardGSGP,14b8421c-027a-11f0-96c8-089df4bf3532,fertility,30,1,0.468673437833786,0.015645265579223633,30.0,0.46190327405929565,9,1
StandardGSGP,14b8421c-027a-11f0-96c8-089df4bf3532,fertility,30,2,0.4464731812477112,0.0,54.0,0.43933725357055664,15,1
StandardGSGP,14b8421c-027a-11f0-96c8-089df4bf3532,fertility,30,3,0.4346955418586731,0.0010144710540771484,78.0,0.43657055497169495,21,1
StandardGSGP,14b8421c-027a-11f0-96c8-089df4bf3532,fertility,30,4,0.4225602149963379,0.0009992122650146484,96.0,0.42427825927734375,27,1
StandardGSGP,14b8421c-027a-11f0-96c8-089df4bf3532,fertility,30,5,0.41746944189071655,0.0009999275207519531,114.0,0.42207324504852295,27,1
StandardGSGP,14b8421c-027a-11f0-96c8-089df4bf3532,fertility,30,6,0.41746944189071655,0.0,132.0,0.42207324504852295,27,1
StandardGSGP,14b8421c-027a-11f0-96c8-089df4bf3532,fertility,30,7,0.41604509949684143,0.01551365852355957,144.0,0.4200392961502075,33,1
StandardGSGP,14b8421c-027a-11f0-96c8-089df4bf3532,fertility,30,8,0.41604509949684143,0.0,162.0,0.4200392961502075,33,1
StandardGSGP,14b8421c-027a-11f0-96c8-089df4bf3532,fertility,30,9,0.4125126004219055,0.0,174.0,0.4152206480503082,51,1
StandardGSGP,14b8421c-027a-11f0-96c8-089df4bf3532,fertility,30,10,0.4125126004219055,0.013236761093139648,224.0,0.4152206480503082,51,1
