StandardGP,a7133cb7-06c3-11f0-8e3d-54a95b9ec813,eeg,2,0,0.4999997913837433,0.5448062419891357,1344.0,0.49998804926872253,15,1
StandardGP,a7133cb7-06c3-11f0-8e3d-54a95b9ec813,eeg,2,1,0.4999997913837433,1.4053866863250732,1168.0,0.49998804926872253,15,1
StandardGP,a7133cb7-06c3-11f0-8e3d-54a95b9ec813,eeg,2,2,0.49981915950775146,0.43121862411499023,1304.0,0.499185711145401,27,1
StandardGP,a7133cb7-06c3-11f0-8e3d-54a95b9ec813,eeg,2,3,0.49981915950775146,0.6520199775695801,1294.0,0.499185711145401,27,1
StandardGP,a7133cb7-06c3-11f0-8e3d-54a95b9ec813,eeg,2,4,0.49981915950775146,0.7700173854827881,1570.0,0.499185711145401,27,1
StandardGP,a7133cb7-06c3-11f0-8e3d-54a95b9ec813,eeg,2,5,0.4992581903934479,0.4313986301422119,1610.0,0.49885454773902893,13,1
StandardGP,a7133cb7-06c3-11f0-8e3d-54a95b9ec813,eeg,2,6,0.4992581903934479,0.5337080955505371,2024.0,0.49885454773902893,13,1
StandardGP,a7133cb7-06c3-11f0-8e3d-54a95b9ec813,eeg,2,7,0.4992581903934479,0.5178337097167969,2096.0,0.49885454773902893,13,1
StandardGP,a7133cb7-06c3-11f0-8e3d-54a95b9ec813,eeg,2,8,0.4992581903934479,0.6909563541412354,2446.0,0.49885454773902893,13,1
StandardGP,a7133cb7-06c3-11f0-8e3d-54a95b9ec813,eeg,2,9,0.4992581903934479,0.6020021438598633,2778.0,0.49885454773902893,13,1
StandardGP,a7133cb7-06c3-11f0-8e3d-54a95b9ec813,eeg,2,10,0.4992581903934479,0.6807749271392822,3254.0,0.49885454773902893,13,1
StandardGP,a7133cb7-06c3-11f0-8e3d-54a95b9ec813,eeg,2,11,0.4992581903934479,0.9719834327697754,3408.0,0.49885454773902893,13,1
StandardGP,a7133cb7-06c3-11f0-8e3d-54a95b9ec813,eeg,2,12,0.4992581903934479,0.666414737701416,3724.0,0.49885454773902893,13,1
StandardGP,a7133cb7-06c3-11f0-8e3d-54a95b9ec813,eeg,2,13,0.4992581903934479,1.5360331535339355,4302.0,0.49885454773902893,13,1
StandardGP,a7133cb7-06c3-11f0-8e3d-54a95b9ec813,eeg,2,14,0.4992581903934479,0.6820416450500488,5608.0,0.49885454773902893,13,1
StandardGP,a7133cb7-06c3-11f0-8e3d-54a95b9ec813,eeg,2,15,0.4992581903934479,0.8179521560668945,6784.0,0.49885454773902893,13,1
StandardGP,a7133cb7-06c3-11f0-8e3d-54a95b9ec813,eeg,2,16,0.4992581903934479,2.1157748699188232,7940.0,0.49885454773902893,13,1
StandardGP,a7133cb7-06c3-11f0-8e3d-54a95b9ec813,eeg,2,17,0.4992581903934479,0.9803712368011475,7836.0,0.49885454773902893,13,1
StandardGP,a7133cb7-06c3-11f0-8e3d-54a95b9ec813,eeg,2,18,0.4992581903934479,0.9164426326751709,7284.0,0.49885454773902893,13,1
StandardGP,a7133cb7-06c3-11f0-8e3d-54a95b9ec813,eeg,2,19,0.4992581903934479,1.3133749961853027,7584.0,0.49885454773902893,13,1
StandardGP,a7133cb7-06c3-11f0-8e3d-54a95b9ec813,eeg,2,20,0.4992581903934479,0.9078118801116943,7946.0,0.49885454773902893,13,1
StandardGP,a7133cb7-06c3-11f0-8e3d-54a95b9ec813,eeg,2,21,0.4992581903934479,1.057649850845337,8734.0,0.49885454773902893,13,1
StandardGP,a7133cb7-06c3-11f0-8e3d-54a95b9ec813,eeg,2,22,0.4992581903934479,2.2643771171569824,8836.0,0.49885454773902893,13,1
StandardGP,a7133cb7-06c3-11f0-8e3d-54a95b9ec813,eeg,2,23,0.4992581903934479,1.0732595920562744,9320.0,0.49885454773902893,13,1
StandardGP,a7133cb7-06c3-11f0-8e3d-54a95b9ec813,eeg,2,24,0.4992581903934479,1.3076777458190918,9222.0,0.49885454773902893,13,1
StandardGP,a7133cb7-06c3-11f0-8e3d-54a95b9ec813,eeg,2,25,0.4992581903934479,1.1134636402130127,9692.0,0.49885454773902893,13,1
StandardGP,a7133cb7-06c3-11f0-8e3d-54a95b9ec813,eeg,2,26,0.4992581903934479,1.2795560359954834,10772.0,0.49885454773902893,13,1
StandardGP,a7133cb7-06c3-11f0-8e3d-54a95b9ec813,eeg,2,27,0.4992581903934479,1.640507459640503,10566.0,0.49885454773902893,13,1
StandardGP,a7133cb7-06c3-11f0-8e3d-54a95b9ec813,eeg,2,28,0.4992581903934479,2.3101487159729004,11144.0,0.49885454773902893,13,1
StandardGP,a7133cb7-06c3-11f0-8e3d-54a95b9ec813,eeg,2,29,0.49916693568229675,1.5526037216186523,10188.0,0.49822288751602173,125,1
StandardGP,a7133cb7-06c3-11f0-8e3d-54a95b9ec813,eeg,2,30,0.49916693568229675,1.3645710945129395,11850.0,0.49822288751602173,125,1
StandardGP,a7133cb7-06c3-11f0-8e3d-54a95b9ec813,eeg,2,31,0.4991668164730072,1.8147509098052979,12944.0,0.4982226490974426,141,1
StandardGP,a7133cb7-06c3-11f0-8e3d-54a95b9ec813,eeg,2,32,0.49818161129951477,3.4025838375091553,14952.0,0.49573105573654175,199,1
StandardGP,a7133cb7-06c3-11f0-8e3d-54a95b9ec813,eeg,2,33,0.49818161129951477,1.946418046951294,14598.0,0.49573105573654175,199,1
StandardGP,a7133cb7-06c3-11f0-8e3d-54a95b9ec813,eeg,2,34,0.49818161129951477,2.2336277961730957,16604.0,0.49573105573654175,199,1
StandardGP,a7133cb7-06c3-11f0-8e3d-54a95b9ec813,eeg,2,35,0.498181015253067,1.9831962585449219,17992.0,0.4957292079925537,115,1
StandardGP,a7133cb7-06c3-11f0-8e3d-54a95b9ec813,eeg,2,36,0.498181015253067,4.6114349365234375,21698.0,0.4957292079925537,115,1
StandardGP,a7133cb7-06c3-11f0-8e3d-54a95b9ec813,eeg,2,37,0.498181015253067,3.0831594467163086,23322.0,0.4957292079925537,115,1
StandardGP,a7133cb7-06c3-11f0-8e3d-54a95b9ec813,eeg,2,38,0.4981277883052826,3.200684070587158,23914.0,0.49561256170272827,89,1
StandardGP,a7133cb7-06c3-11f0-8e3d-54a95b9ec813,eeg,2,39,0.4981277883052826,5.243144989013672,23848.0,0.49561256170272827,89,1
StandardGP,a7133cb7-06c3-11f0-8e3d-54a95b9ec813,eeg,2,40,0.4981277883052826,3.1887505054473877,22904.0,0.49561256170272827,89,1
StandardGP,a7133cb7-06c3-11f0-8e3d-54a95b9ec813,eeg,2,41,0.4981277883052826,3.0943446159362793,22412.0,0.49561256170272827,89,1
StandardGP,a7133cb7-06c3-11f0-8e3d-54a95b9ec813,eeg,2,42,0.4981277883052826,2.8335936069488525,21318.0,0.49561256170272827,89,1
StandardGP,a7133cb7-06c3-11f0-8e3d-54a95b9ec813,eeg,2,43,0.4981277883052826,3.586327075958252,19426.0,0.49561256170272827,89,1
StandardGP,a7133cb7-06c3-11f0-8e3d-54a95b9ec813,eeg,2,44,0.4981277883052826,2.802175760269165,19038.0,0.49561256170272827,89,1
StandardGP,a7133cb7-06c3-11f0-8e3d-54a95b9ec813,eeg,2,45,0.4981277883052826,1.633035659790039,15502.0,0.49561256170272827,89,1
StandardGP,a7133cb7-06c3-11f0-8e3d-54a95b9ec813,eeg,2,46,0.4981277883052826,2.202439069747925,16370.0,0.49561256170272827,89,1
StandardGP,a7133cb7-06c3-11f0-8e3d-54a95b9ec813,eeg,2,47,0.4981277883052826,1.831183671951294,16116.0,0.49561256170272827,89,1
StandardGP,a7133cb7-06c3-11f0-8e3d-54a95b9ec813,eeg,2,48,0.4981277883052826,3.730886459350586,16022.0,0.49561256170272827,89,1
StandardGP,a7133cb7-06c3-11f0-8e3d-54a95b9ec813,eeg,2,49,0.4981277883052826,2.000504732131958,18190.0,0.49561256170272827,89,1
StandardGP,a7133cb7-06c3-11f0-8e3d-54a95b9ec813,eeg,2,50,0.4981277883052826,2.311650037765503,17992.0,0.49561256170272827,89,1
StandardGP,a7133cb7-06c3-11f0-8e3d-54a95b9ec813,eeg,2,51,0.4968371093273163,2.6353366374969482,20086.0,0.498565673828125,283,1
StandardGP,a7133cb7-06c3-11f0-8e3d-54a95b9ec813,eeg,2,52,0.4968371093273163,2.268625259399414,21926.0,0.498565673828125,283,1
StandardGP,a7133cb7-06c3-11f0-8e3d-54a95b9ec813,eeg,2,53,0.4962899088859558,2.9985527992248535,24304.0,0.49658292531967163,303,1
StandardGP,a7133cb7-06c3-11f0-8e3d-54a95b9ec813,eeg,2,54,0.4962899088859558,3.229012966156006,27136.0,0.49658292531967163,303,1
StandardGP,a7133cb7-06c3-11f0-8e3d-54a95b9ec813,eeg,2,55,0.4962896406650543,3.6651451587677,28096.0,0.4965786337852478,351,1
StandardGP,a7133cb7-06c3-11f0-8e3d-54a95b9ec813,eeg,2,56,0.49580055475234985,5.665680170059204,30800.0,0.4974577724933624,495,1
StandardGP,a7133cb7-06c3-11f0-8e3d-54a95b9ec813,eeg,2,57,0.49580055475234985,3.941828727722168,30590.0,0.4974577724933624,495,1
StandardGP,a7133cb7-06c3-11f0-8e3d-54a95b9ec813,eeg,2,58,0.49433907866477966,4.570674419403076,33482.0,0.4979945123195648,387,1
StandardGP,a7133cb7-06c3-11f0-8e3d-54a95b9ec813,eeg,2,59,0.49433889985084534,4.280636310577393,34482.0,0.4979936182498932,311,1
StandardGP,a7133cb7-06c3-11f0-8e3d-54a95b9ec813,eeg,2,60,0.49426156282424927,4.9308061599731445,37146.0,0.49740514159202576,395,1
StandardGP,a7133cb7-06c3-11f0-8e3d-54a95b9ec813,eeg,2,61,0.49426156282424927,6.769235610961914,40232.0,0.49740514159202576,395,1
StandardGP,a7133cb7-06c3-11f0-8e3d-54a95b9ec813,eeg,2,62,0.4937573969364166,6.274402141571045,40956.0,0.499655157327652,319,1
StandardGP,a7133cb7-06c3-11f0-8e3d-54a95b9ec813,eeg,2,63,0.49329236149787903,5.663749933242798,41564.0,0.49554121494293213,395,1
StandardGP,a7133cb7-06c3-11f0-8e3d-54a95b9ec813,eeg,2,64,0.49329236149787903,6.684604644775391,38464.0,0.49554121494293213,395,1
StandardGP,a7133cb7-06c3-11f0-8e3d-54a95b9ec813,eeg,2,65,0.49329236149787903,5.29611611366272,38596.0,0.49554121494293213,395,1
StandardGP,a7133cb7-06c3-11f0-8e3d-54a95b9ec813,eeg,2,66,0.49329236149787903,5.982355117797852,38242.0,0.49554121494293213,395,1
StandardGP,a7133cb7-06c3-11f0-8e3d-54a95b9ec813,eeg,2,67,0.49329236149787903,5.503140211105347,39292.0,0.49554121494293213,395,1
StandardGP,a7133cb7-06c3-11f0-8e3d-54a95b9ec813,eeg,2,68,0.49301624298095703,6.387630224227905,39586.0,0.49717992544174194,319,1
StandardGP,a7133cb7-06c3-11f0-8e3d-54a95b9ec813,eeg,2,69,0.49301624298095703,6.250934362411499,40158.0,0.49717992544174194,319,1
StandardGP,a7133cb7-06c3-11f0-8e3d-54a95b9ec813,eeg,2,70,0.49301624298095703,6.051511526107788,41974.0,0.49717992544174194,319,1
StandardGP,a7133cb7-06c3-11f0-8e3d-54a95b9ec813,eeg,2,71,0.49301621317863464,6.911381959915161,42720.0,0.49717992544174194,319,1
StandardGP,a7133cb7-06c3-11f0-8e3d-54a95b9ec813,eeg,2,72,0.49301621317863464,5.4223082065582275,41148.0,0.49717992544174194,319,1
StandardGP,a7133cb7-06c3-11f0-8e3d-54a95b9ec813,eeg,2,73,0.49301618337631226,7.733662843704224,42292.0,0.49717947840690613,367,1
StandardGP,a7133cb7-06c3-11f0-8e3d-54a95b9ec813,eeg,2,74,0.49301618337631226,6.583590507507324,41042.0,0.49717947840690613,367,1
StandardGP,a7133cb7-06c3-11f0-8e3d-54a95b9ec813,eeg,2,75,0.49301618337631226,5.395025730133057,41786.0,0.49717947840690613,367,1
StandardGP,a7133cb7-06c3-11f0-8e3d-54a95b9ec813,eeg,2,76,0.49301618337631226,6.294559478759766,40034.0,0.49717947840690613,367,1
StandardGP,a7133cb7-06c3-11f0-8e3d-54a95b9ec813,eeg,2,77,0.49301618337631226,5.531383037567139,40720.0,0.49717947840690613,367,1
StandardGP,a7133cb7-06c3-11f0-8e3d-54a95b9ec813,eeg,2,78,0.49301618337631226,6.688720226287842,41698.0,0.49717947840690613,367,1
StandardGP,a7133cb7-06c3-11f0-8e3d-54a95b9ec813,eeg,2,79,0.49301618337631226,5.317663908004761,41386.0,0.49717947840690613,367,1
StandardGP,a7133cb7-06c3-11f0-8e3d-54a95b9ec813,eeg,2,80,0.49301618337631226,7.566598892211914,41310.0,0.49717947840690613,367,1
StandardGP,a7133cb7-06c3-11f0-8e3d-54a95b9ec813,eeg,2,81,0.4929400682449341,6.353539228439331,40804.0,0.4976946711540222,325,1
StandardGP,a7133cb7-06c3-11f0-8e3d-54a95b9ec813,eeg,2,82,0.4929400682449341,5.245400428771973,41552.0,0.4976946711540222,325,1
StandardGP,a7133cb7-06c3-11f0-8e3d-54a95b9ec813,eeg,2,83,0.4929400682449341,6.671125411987305,41022.0,0.4976946711540222,325,1
StandardGP,a7133cb7-06c3-11f0-8e3d-54a95b9ec813,eeg,2,84,0.4929400682449341,5.199721097946167,41826.0,0.4976946711540222,325,1
StandardGP,a7133cb7-06c3-11f0-8e3d-54a95b9ec813,eeg,2,85,0.4929400682449341,6.68621826171875,45152.0,0.4976946711540222,325,1
StandardGP,a7133cb7-06c3-11f0-8e3d-54a95b9ec813,eeg,2,86,0.4929400682449341,6.874172925949097,44522.0,0.4976946711540222,325,1
StandardGP,a7133cb7-06c3-11f0-8e3d-54a95b9ec813,eeg,2,87,0.49255648255348206,5.119704246520996,42634.0,0.49775806069374084,317,1
StandardGP,a7133cb7-06c3-11f0-8e3d-54a95b9ec813,eeg,2,88,0.49255648255348206,6.815370082855225,44956.0,0.49775806069374084,317,1
StandardGP,a7133cb7-06c3-11f0-8e3d-54a95b9ec813,eeg,2,89,0.49255648255348206,6.501883506774902,44612.0,0.49775806069374084,317,1
StandardGP,a7133cb7-06c3-11f0-8e3d-54a95b9ec813,eeg,2,90,0.49255648255348206,5.318389892578125,44752.0,0.49775806069374084,317,1
StandardGP,a7133cb7-06c3-11f0-8e3d-54a95b9ec813,eeg,2,91,0.4925558567047119,7.06317663192749,43178.0,0.49775391817092896,281,1
StandardGP,a7133cb7-06c3-11f0-8e3d-54a95b9ec813,eeg,2,92,0.4925558567047119,6.550146102905273,43772.0,0.49775391817092896,281,1
StandardGP,a7133cb7-06c3-11f0-8e3d-54a95b9ec813,eeg,2,93,0.4925558567047119,6.198176622390747,43626.0,0.49775391817092896,281,1
StandardGP,a7133cb7-06c3-11f0-8e3d-54a95b9ec813,eeg,2,94,0.4925558567047119,5.949129104614258,40228.0,0.49775391817092896,281,1
StandardGP,a7133cb7-06c3-11f0-8e3d-54a95b9ec813,eeg,2,95,0.4925558567047119,6.22150444984436,41396.0,0.49775391817092896,281,1
StandardGP,a7133cb7-06c3-11f0-8e3d-54a95b9ec813,eeg,2,96,0.4925558567047119,5.564794063568115,39878.0,0.49775391817092896,281,1
StandardGP,a7133cb7-06c3-11f0-8e3d-54a95b9ec813,eeg,2,97,0.4925558567047119,6.3053879737854,40098.0,0.49775391817092896,281,1
StandardGP,a7133cb7-06c3-11f0-8e3d-54a95b9ec813,eeg,2,98,0.4925558567047119,5.894252300262451,40658.0,0.49775391817092896,281,1
StandardGP,a7133cb7-06c3-11f0-8e3d-54a95b9ec813,eeg,2,99,0.4925558567047119,6.272724628448486,46852.0,0.49775391817092896,281,1
StandardGP,a7133cb7-06c3-11f0-8e3d-54a95b9ec813,eeg,2,100,0.4925558567047119,7.782663106918335,48512.0,0.49775391817092896,281,1
StandardGP,a7133cb7-06c3-11f0-8e3d-54a95b9ec813,eeg,2,101,0.4925558567047119,8.180329322814941,52492.0,0.49775391817092896,281,1
StandardGP,a7133cb7-06c3-11f0-8e3d-54a95b9ec813,eeg,2,102,0.4925558567047119,8.002132177352905,55468.0,0.49775391817092896,281,1
StandardGP,a7133cb7-06c3-11f0-8e3d-54a95b9ec813,eeg,2,103,0.4925558567047119,8.288975238800049,52586.0,0.49775391817092896,281,1
StandardGP,a7133cb7-06c3-11f0-8e3d-54a95b9ec813,eeg,2,104,0.4925558567047119,7.949317693710327,54778.0,0.49775391817092896,281,1
StandardGP,a7133cb7-06c3-11f0-8e3d-54a95b9ec813,eeg,2,105,0.4925558567047119,8.948067903518677,52994.0,0.49775391817092896,281,1
StandardGP,a7133cb7-06c3-11f0-8e3d-54a95b9ec813,eeg,2,106,0.4925558567047119,8.081907749176025,52370.0,0.49775391817092896,281,1
StandardGP,a7133cb7-06c3-11f0-8e3d-54a95b9ec813,eeg,2,107,0.4925554692745209,8.66938853263855,50914.0,0.4977512061595917,257,1
StandardGP,a7133cb7-06c3-11f0-8e3d-54a95b9ec813,eeg,2,108,0.4925495982170105,6.213285446166992,47726.0,0.4972932040691376,293,1
StandardGP,a7133cb7-06c3-11f0-8e3d-54a95b9ec813,eeg,2,109,0.492530882358551,7.196125507354736,45208.0,0.49720922112464905,261,1
StandardGP,a7133cb7-06c3-11f0-8e3d-54a95b9ec813,eeg,2,110,0.492530882358551,7.862492322921753,45880.0,0.49720922112464905,261,1
StandardGP,a7133cb7-06c3-11f0-8e3d-54a95b9ec813,eeg,2,111,0.492530882358551,5.7178943157196045,43968.0,0.49720922112464905,261,1
StandardGP,a7133cb7-06c3-11f0-8e3d-54a95b9ec813,eeg,2,112,0.492530882358551,6.495935678482056,42786.0,0.49720922112464905,261,1
StandardGP,a7133cb7-06c3-11f0-8e3d-54a95b9ec813,eeg,2,113,0.4924543797969818,6.382354736328125,42694.0,0.49804237484931946,297,1
StandardGP,a7133cb7-06c3-11f0-8e3d-54a95b9ec813,eeg,2,114,0.4924543797969818,6.53113865852356,42880.0,0.49804237484931946,297,1
StandardGP,a7133cb7-06c3-11f0-8e3d-54a95b9ec813,eeg,2,115,0.4924543797969818,6.561141014099121,42912.0,0.49804237484931946,297,1
StandardGP,a7133cb7-06c3-11f0-8e3d-54a95b9ec813,eeg,2,116,0.4924543797969818,5.767443418502808,40506.0,0.49804237484931946,297,1
StandardGP,a7133cb7-06c3-11f0-8e3d-54a95b9ec813,eeg,2,117,0.4924543797969818,6.685784816741943,41376.0,0.49804237484931946,297,1
StandardGP,a7133cb7-06c3-11f0-8e3d-54a95b9ec813,eeg,2,118,0.49243250489234924,5.115339279174805,39830.0,0.49610066413879395,297,1
StandardGP,a7133cb7-06c3-11f0-8e3d-54a95b9ec813,eeg,2,119,0.49243250489234924,7.385411739349365,38998.0,0.49610066413879395,297,1
StandardGP,a7133cb7-06c3-11f0-8e3d-54a95b9ec813,eeg,2,120,0.49243250489234924,7.030744314193726,42738.0,0.49610066413879395,297,1
StandardGP,a7133cb7-06c3-11f0-8e3d-54a95b9ec813,eeg,2,121,0.49243250489234924,6.499539852142334,44000.0,0.49610066413879395,297,1
StandardGP,a7133cb7-06c3-11f0-8e3d-54a95b9ec813,eeg,2,122,0.49243250489234924,8.627538442611694,50454.0,0.49610066413879395,297,1
StandardGP,a7133cb7-06c3-11f0-8e3d-54a95b9ec813,eeg,2,123,0.49243247509002686,8.681893110275269,52672.0,0.49610069394111633,301,1
StandardGP,a7133cb7-06c3-11f0-8e3d-54a95b9ec813,eeg,2,124,0.4923191964626312,6.849836111068726,51506.0,0.4955931007862091,297,1
StandardGP,a7133cb7-06c3-11f0-8e3d-54a95b9ec813,eeg,2,125,0.4923191964626312,8.715638875961304,50976.0,0.4955931007862091,297,1
StandardGP,a7133cb7-06c3-11f0-8e3d-54a95b9ec813,eeg,2,126,0.4923191964626312,7.833666801452637,49900.0,0.4955931007862091,297,1
StandardGP,a7133cb7-06c3-11f0-8e3d-54a95b9ec813,eeg,2,127,0.4923191964626312,6.440816640853882,46856.0,0.4955931007862091,297,1
StandardGP,a7133cb7-06c3-11f0-8e3d-54a95b9ec813,eeg,2,128,0.4923191964626312,7.478013277053833,46008.0,0.4955931007862091,297,1
StandardGP,a7133cb7-06c3-11f0-8e3d-54a95b9ec813,eeg,2,129,0.49231916666030884,7.600072860717773,46882.0,0.4955931603908539,321,1
StandardGP,a7133cb7-06c3-11f0-8e3d-54a95b9ec813,eeg,2,130,0.4923159182071686,7.41871190071106,46172.0,0.4956227242946625,289,1
StandardGP,a7133cb7-06c3-11f0-8e3d-54a95b9ec813,eeg,2,131,0.4923159182071686,6.403838396072388,44446.0,0.4956227242946625,289,1
StandardGP,a7133cb7-06c3-11f0-8e3d-54a95b9ec813,eeg,2,132,0.4923159182071686,6.334988594055176,42760.0,0.4956227242946625,289,1
StandardGP,a7133cb7-06c3-11f0-8e3d-54a95b9ec813,eeg,2,133,0.4923159182071686,6.66716456413269,41284.0,0.4956227242946625,289,1
StandardGP,a7133cb7-06c3-11f0-8e3d-54a95b9ec813,eeg,2,134,0.4923159182071686,5.919693946838379,42970.0,0.4956227242946625,289,1
StandardGP,a7133cb7-06c3-11f0-8e3d-54a95b9ec813,eeg,2,135,0.49231579899787903,6.848032236099243,44218.0,0.49562135338783264,293,1
StandardGP,a7133cb7-06c3-11f0-8e3d-54a95b9ec813,eeg,2,136,0.49231579899787903,5.930396556854248,39062.0,0.49562135338783264,293,1
StandardGP,a7133cb7-06c3-11f0-8e3d-54a95b9ec813,eeg,2,137,0.49231579899787903,6.304195880889893,39732.0,0.49562135338783264,293,1
StandardGP,a7133cb7-06c3-11f0-8e3d-54a95b9ec813,eeg,2,138,0.49231579899787903,6.786871671676636,38418.0,0.49562135338783264,293,1
StandardGP,a7133cb7-06c3-11f0-8e3d-54a95b9ec813,eeg,2,139,0.49231579899787903,5.499380350112915,37706.0,0.49562135338783264,293,1
StandardGP,a7133cb7-06c3-11f0-8e3d-54a95b9ec813,eeg,2,140,0.49231579899787903,5.820381164550781,39600.0,0.49562135338783264,293,1
StandardGP,a7133cb7-06c3-11f0-8e3d-54a95b9ec813,eeg,2,141,0.49231579899787903,5.7633280754089355,39324.0,0.49562135338783264,293,1
StandardGP,a7133cb7-06c3-11f0-8e3d-54a95b9ec813,eeg,2,142,0.49231579899787903,6.25799822807312,40228.0,0.49562135338783264,293,1
StandardGP,a7133cb7-06c3-11f0-8e3d-54a95b9ec813,eeg,2,143,0.49231579899787903,5.133709192276001,39714.0,0.49562135338783264,293,1
StandardGP,a7133cb7-06c3-11f0-8e3d-54a95b9ec813,eeg,2,144,0.49231579899787903,5.948065996170044,39166.0,0.49562135338783264,293,1
StandardGP,a7133cb7-06c3-11f0-8e3d-54a95b9ec813,eeg,2,145,0.49231579899787903,5.997061014175415,40084.0,0.49562135338783264,293,1
StandardGP,a7133cb7-06c3-11f0-8e3d-54a95b9ec813,eeg,2,146,0.49231579899787903,5.783978462219238,38620.0,0.49562135338783264,293,1
StandardGP,a7133cb7-06c3-11f0-8e3d-54a95b9ec813,eeg,2,147,0.49231579899787903,4.9144957065582275,36496.0,0.49562135338783264,293,1
StandardGP,a7133cb7-06c3-11f0-8e3d-54a95b9ec813,eeg,2,148,0.49231579899787903,5.034972906112671,34628.0,0.49562135338783264,293,1
StandardGP,a7133cb7-06c3-11f0-8e3d-54a95b9ec813,eeg,2,149,0.49231579899787903,5.2153120040893555,33340.0,0.49562135338783264,293,1
StandardGP,a7133cb7-06c3-11f0-8e3d-54a95b9ec813,eeg,2,150,0.49231573939323425,4.50092077255249,34460.0,0.4956217110157013,265,1
StandardGP,a7133cb7-06c3-11f0-8e3d-54a95b9ec813,eeg,2,151,0.49231573939323425,5.582620859146118,35018.0,0.4956217110157013,265,1
StandardGP,a7133cb7-06c3-11f0-8e3d-54a95b9ec813,eeg,2,152,0.4922823905944824,4.515563726425171,33148.0,0.4956205487251282,273,1
StandardGP,a7133cb7-06c3-11f0-8e3d-54a95b9ec813,eeg,2,153,0.4922823905944824,5.315680265426636,33466.0,0.4956205487251282,273,1
StandardGP,a7133cb7-06c3-11f0-8e3d-54a95b9ec813,eeg,2,154,0.4922823905944824,5.122124433517456,32214.0,0.4956205487251282,273,1
StandardGP,a7133cb7-06c3-11f0-8e3d-54a95b9ec813,eeg,2,155,0.4922823905944824,4.582085609436035,33036.0,0.4956205487251282,273,1
StandardGP,a7133cb7-06c3-11f0-8e3d-54a95b9ec813,eeg,2,156,0.4922823905944824,4.781674146652222,32230.0,0.4956205487251282,273,1
StandardGP,a7133cb7-06c3-11f0-8e3d-54a95b9ec813,eeg,2,157,0.4922823905944824,3.952040433883667,32332.0,0.4956205487251282,273,1
StandardGP,a7133cb7-06c3-11f0-8e3d-54a95b9ec813,eeg,2,158,0.4922823905944824,4.814666986465454,31526.0,0.4956205487251282,273,1
StandardGP,a7133cb7-06c3-11f0-8e3d-54a95b9ec813,eeg,2,159,0.4922823905944824,5.318126916885376,34914.0,0.4956205487251282,273,1
StandardGP,a7133cb7-06c3-11f0-8e3d-54a95b9ec813,eeg,2,160,0.4922823905944824,5.154198408126831,35782.0,0.4956205487251282,273,1
StandardGP,a7133cb7-06c3-11f0-8e3d-54a95b9ec813,eeg,2,161,0.4922823905944824,4.571038722991943,35624.0,0.4956205487251282,273,1
StandardGP,a7133cb7-06c3-11f0-8e3d-54a95b9ec813,eeg,2,162,0.4922823905944824,4.888955354690552,34602.0,0.4956205487251282,273,1
StandardGP,a7133cb7-06c3-11f0-8e3d-54a95b9ec813,eeg,2,163,0.4922823905944824,5.301638603210449,35950.0,0.4956205487251282,273,1
StandardGP,a7133cb7-06c3-11f0-8e3d-54a95b9ec813,eeg,2,164,0.4922823905944824,5.131568670272827,36674.0,0.4956205487251282,273,1
StandardGP,a7133cb7-06c3-11f0-8e3d-54a95b9ec813,eeg,2,165,0.4922823905944824,4.87052321434021,37492.0,0.4956205487251282,273,1
StandardGP,a7133cb7-06c3-11f0-8e3d-54a95b9ec813,eeg,2,166,0.49192625284194946,5.371033191680908,37046.0,0.4901202321052551,461,1
StandardGP,a7133cb7-06c3-11f0-8e3d-54a95b9ec813,eeg,2,167,0.49192625284194946,5.4109272956848145,36890.0,0.4901202321052551,461,1
StandardGP,a7133cb7-06c3-11f0-8e3d-54a95b9ec813,eeg,2,168,0.49192625284194946,4.634893178939819,37678.0,0.4901202321052551,461,1
StandardGP,a7133cb7-06c3-11f0-8e3d-54a95b9ec813,eeg,2,169,0.49192625284194946,5.612004041671753,37282.0,0.4901202321052551,461,1
StandardGP,a7133cb7-06c3-11f0-8e3d-54a95b9ec813,eeg,2,170,0.49192267656326294,5.68440055847168,36890.0,0.4901261329650879,569,1
StandardGP,a7133cb7-06c3-11f0-8e3d-54a95b9ec813,eeg,2,171,0.49192267656326294,4.288551330566406,37340.0,0.4901261329650879,569,1
StandardGP,a7133cb7-06c3-11f0-8e3d-54a95b9ec813,eeg,2,172,0.49192267656326294,6.1607184410095215,38454.0,0.4901261329650879,569,1
StandardGP,a7133cb7-06c3-11f0-8e3d-54a95b9ec813,eeg,2,173,0.4919225573539734,5.833091735839844,39162.0,0.4901260435581207,569,1
StandardGP,a7133cb7-06c3-11f0-8e3d-54a95b9ec813,eeg,2,174,0.48677706718444824,6.266965627670288,38542.0,0.48493775725364685,537,1
StandardGP,a7133cb7-06c3-11f0-8e3d-54a95b9ec813,eeg,2,175,0.4867419898509979,5.661198616027832,39608.0,0.48511257767677307,537,1
StandardGP,a7133cb7-06c3-11f0-8e3d-54a95b9ec813,eeg,2,176,0.4867419898509979,5.518031597137451,41988.0,0.48511257767677307,537,1
StandardGP,a7133cb7-06c3-11f0-8e3d-54a95b9ec813,eeg,2,177,0.4867393672466278,6.330020904541016,41912.0,0.4851154088973999,641,1
StandardGP,a7133cb7-06c3-11f0-8e3d-54a95b9ec813,eeg,2,178,0.4867393672466278,8.176162004470825,45624.0,0.4851154088973999,641,1
StandardGP,a7133cb7-06c3-11f0-8e3d-54a95b9ec813,eeg,2,179,0.48673132061958313,8.860520362854004,48094.0,0.48511990904808044,609,1
StandardGP,a7133cb7-06c3-11f0-8e3d-54a95b9ec813,eeg,2,180,0.48671233654022217,8.777987241744995,53328.0,0.48510831594467163,609,1
StandardGP,a7133cb7-06c3-11f0-8e3d-54a95b9ec813,eeg,2,181,0.48671233654022217,8.724884033203125,53932.0,0.48510831594467163,609,1
StandardGP,a7133cb7-06c3-11f0-8e3d-54a95b9ec813,eeg,2,182,0.48671233654022217,9.698621034622192,52648.0,0.48510831594467163,609,1
StandardGP,a7133cb7-06c3-11f0-8e3d-54a95b9ec813,eeg,2,183,0.4867004454135895,9.515134811401367,55516.0,0.4851265549659729,565,1
StandardGP,a7133cb7-06c3-11f0-8e3d-54a95b9ec813,eeg,2,184,0.4867004454135895,10.29352593421936,54962.0,0.4851265549659729,565,1
StandardGP,a7133cb7-06c3-11f0-8e3d-54a95b9ec813,eeg,2,185,0.4866306185722351,9.74085521697998,56456.0,0.48519447445869446,601,1
StandardGP,a7133cb7-06c3-11f0-8e3d-54a95b9ec813,eeg,2,186,0.4866306185722351,9.436530590057373,58780.0,0.48519447445869446,601,1
StandardGP,a7133cb7-06c3-11f0-8e3d-54a95b9ec813,eeg,2,187,0.4866306185722351,9.845141649246216,58866.0,0.48519447445869446,601,1
StandardGP,a7133cb7-06c3-11f0-8e3d-54a95b9ec813,eeg,2,188,0.4866306185722351,10.600836038589478,60040.0,0.48519447445869446,601,1
StandardGP,a7133cb7-06c3-11f0-8e3d-54a95b9ec813,eeg,2,189,0.4866306185722351,10.821524143218994,61766.0,0.48519447445869446,601,1
StandardGP,a7133cb7-06c3-11f0-8e3d-54a95b9ec813,eeg,2,190,0.4866306185722351,11.248534917831421,65396.0,0.48519447445869446,601,1
StandardGP,a7133cb7-06c3-11f0-8e3d-54a95b9ec813,eeg,2,191,0.4866122603416443,14.063832998275757,71032.0,0.48521822690963745,613,1
StandardGP,a7133cb7-06c3-11f0-8e3d-54a95b9ec813,eeg,2,192,0.4861287772655487,12.248682260513306,68054.0,0.48577091097831726,649,1
StandardGP,a7133cb7-06c3-11f0-8e3d-54a95b9ec813,eeg,2,193,0.4861287772655487,11.902354717254639,68124.0,0.48577091097831726,649,1
StandardGP,a7133cb7-06c3-11f0-8e3d-54a95b9ec813,eeg,2,194,0.4861070215702057,12.629326105117798,64944.0,0.4873999059200287,761,1
StandardGP,a7133cb7-06c3-11f0-8e3d-54a95b9ec813,eeg,2,195,0.4861070215702057,12.16614818572998,70494.0,0.4873999059200287,761,1
StandardGP,a7133cb7-06c3-11f0-8e3d-54a95b9ec813,eeg,2,196,0.4861070215702057,12.299885749816895,71318.0,0.4873999059200287,761,1
StandardGP,a7133cb7-06c3-11f0-8e3d-54a95b9ec813,eeg,2,197,0.4861070215702057,13.233823299407959,70636.0,0.4873999059200287,761,1
StandardGP,a7133cb7-06c3-11f0-8e3d-54a95b9ec813,eeg,2,198,0.4861070215702057,12.014590740203857,74350.0,0.4873999059200287,761,1
