StandardGSGP,b13700c8-0012-11f0-8457-089df4bf3532,dataset_1,0,0,0.4653465747833252,1.5373921394348145,18472.0,0.4783715009689331,127,1
StandardGSGP,b13700c8-0012-11f0-8457-089df4bf3532,dataset_1,0,1,0.4686940908432007,0.9887073040008545,22164.0,0.4805031418800354,71,1
StandardGSGP,b13700c8-0012-11f0-8457-089df4bf3532,dataset_1,0,2,0.4686940908432007,0.9094815254211426,29388.0,0.4805031418800354,71,1
StandardGSGP,b13700c8-0012-11f0-8457-089df4bf3532,dataset_1,0,3,0.4686940908432007,0.9092941284179688,47962.0,0.4805031418800354,71,1
StandardGSGP,b13700c8-0012-11f0-8457-089df4bf3532,dataset_1,0,4,0.4686940908432007,0.8960130214691162,66000.0,0.4805031418800354,71,1
StandardGSGP,b13700c8-0012-11f0-8457-089df4bf3532,dataset_1,0,5,0.4686940908432007,0.8735661506652832,80442.0,0.4805031418800354,71,1
StandardGSGP,b13700c8-0012-11f0-8457-089df4bf3532,dataset_1,0,6,0.47233113646507263,0.9080326557159424,84806.0,0.4870210289955139,127,1
StandardGSGP,b13700c8-0012-11f0-8457-089df4bf3532,dataset_1,0,7,0.47804877161979675,0.8165779113769531,87192.0,0.4843161702156067,127,1
StandardGSGP,b13700c8-0012-11f0-8457-089df4bf3532,dataset_1,0,8,0.47804877161979675,0.92067551612854,84470.0,0.4843161702156067,127,1
StandardGSGP,b13700c8-0012-11f0-8457-089df4bf3532,dataset_1,0,9,0.4787233769893646,0.8781201839447021,79398.0,0.4843161702156067,133,1
StandardGSGP,b13700c8-0012-11f0-8457-089df4bf3532,dataset_1,0,10,0.4787233769893646,0.77004075050354,75330.0,0.4843161702156067,133,1
StandardGSGP,b13700c8-0012-11f0-8457-089df4bf3532,dataset_1,0,11,0.4787233769893646,0.8159425258636475,75848.0,0.4843161702156067,133,1
StandardGSGP,b13700c8-0012-11f0-8457-089df4bf3532,dataset_1,0,12,0.4787233769893646,0.9263358116149902,78858.0,0.4843161702156067,133,1
StandardGSGP,b13700c8-0012-11f0-8457-089df4bf3532,dataset_1,0,13,0.4867957830429077,0.9269318580627441,83150.0,0.48944100737571716,141,1
StandardGSGP,b13700c8-0012-11f0-8457-089df4bf3532,dataset_1,0,14,0.4867957830429077,0.9052255153656006,87602.0,0.48944100737571716,141,1
StandardGSGP,b13700c8-0012-11f0-8457-089df4bf3532,dataset_1,0,15,0.4867957830429077,0.7863702774047852,91650.0,0.48944100737571716,141,1
StandardGSGP,b13700c8-0012-11f0-8457-089df4bf3532,dataset_1,0,16,0.4867957830429077,0.8626925945281982,96270.0,0.48944100737571716,141,1
StandardGSGP,b13700c8-0012-11f0-8457-089df4bf3532,dataset_1,0,17,0.4867957830429077,0.813469648361206,100730.0,0.48944100737571716,141,1
StandardGSGP,b13700c8-0012-11f0-8457-089df4bf3532,dataset_1,0,18,0.4944089353084564,0.8023591041564941,104622.0,0.5193621516227722,205,1
StandardGSGP,b13700c8-0012-11f0-8457-089df4bf3532,dataset_1,0,19,0.49958229064941406,0.8320670127868652,108176.0,0.5199063420295715,219,1
StandardGSGP,b13700c8-0012-11f0-8457-089df4bf3532,dataset_1,0,20,0.49958229064941406,0.7794604301452637,111866.0,0.5199063420295715,219,1
StandardGSGP,b13700c8-0012-11f0-8457-089df4bf3532,dataset_1,0,21,0.5000000596046448,0.8158860206604004,115986.0,0.5103281140327454,235,1
StandardGSGP,b13700c8-0012-11f0-8457-089df4bf3532,dataset_1,0,22,0.5011876821517944,0.8190221786499023,119510.0,0.5128779411315918,229,1
StandardGSGP,b13700c8-0012-11f0-8457-089df4bf3532,dataset_1,0,23,0.5034399628639221,0.8027234077453613,123620.0,0.5142207145690918,239,1
StandardGSGP,b13700c8-0012-11f0-8457-089df4bf3532,dataset_1,0,24,0.5034399628639221,0.8074259757995605,127226.0,0.5142207145690918,239,1
StandardGSGP,b13700c8-0012-11f0-8457-089df4bf3532,dataset_1,0,25,0.5036555528640747,0.8145833015441895,132090.0,0.5165714621543884,249,1
StandardGSGP,b13700c8-0012-11f0-8457-089df4bf3532,dataset_1,0,26,0.5095155239105225,0.8472952842712402,135774.0,0.5187878608703613,253,1
StandardGSGP,b13700c8-0012-11f0-8457-089df4bf3532,dataset_1,0,27,0.5095155239105225,0.8156497478485107,139448.0,0.5187878608703613,253,1
StandardGSGP,b13700c8-0012-11f0-8457-089df4bf3532,dataset_1,0,28,0.5095155239105225,0.785733699798584,143064.0,0.5187878608703613,253,1
StandardGSGP,b13700c8-0012-11f0-8457-089df4bf3532,dataset_1,0,29,0.5126014351844788,0.8159012794494629,146392.0,0.518072247505188,261,1
StandardGSGP,b13700c8-0012-11f0-8457-089df4bf3532,dataset_1,0,30,0.5131691098213196,0.8009810447692871,149306.0,0.5287081599235535,259,1
StandardGSGP,b13700c8-0012-11f0-8457-089df4bf3532,dataset_1,0,31,0.5131691098213196,0.7690274715423584,152934.0,0.5287081599235535,259,1
StandardGSGP,b13700c8-0012-11f0-8457-089df4bf3532,dataset_1,0,32,0.5155854821205139,0.7984774112701416,156406.0,0.5306603908538818,277,1
StandardGSGP,b13700c8-0012-11f0-8457-089df4bf3532,dataset_1,0,33,0.5155854821205139,0.797238826751709,158806.0,0.5306603908538818,277,1
StandardGSGP,b13700c8-0012-11f0-8457-089df4bf3532,dataset_1,0,34,0.5155854821205139,0.8468647003173828,162048.0,0.5306603908538818,277,1
StandardGSGP,b13700c8-0012-11f0-8457-089df4bf3532,dataset_1,0,35,0.5155854821205139,0.8167812824249268,165454.0,0.5306603908538818,277,1
StandardGSGP,b13700c8-0012-11f0-8457-089df4bf3532,dataset_1,0,36,0.5155854821205139,0.7540631294250488,169200.0,0.5306603908538818,277,1
StandardGSGP,b13700c8-0012-11f0-8457-089df4bf3532,dataset_1,0,37,0.5155854821205139,0.8329756259918213,172116.0,0.5306603908538818,277,1
StandardGSGP,b13700c8-0012-11f0-8457-089df4bf3532,dataset_1,0,38,0.5155854821205139,0.8162126541137695,175210.0,0.5306603908538818,277,1
StandardGSGP,b13700c8-0012-11f0-8457-089df4bf3532,dataset_1,0,39,0.5155854821205139,0.8021197319030762,179272.0,0.5306603908538818,277,1
StandardGSGP,b13700c8-0012-11f0-8457-089df4bf3532,dataset_1,0,40,0.5155854821205139,0.8133828639984131,183404.0,0.5306603908538818,277,1
StandardGSGP,b13700c8-0012-11f0-8457-089df4bf3532,dataset_1,0,41,0.5155854821205139,0.6908836364746094,186856.0,0.5306603908538818,277,1
StandardGSGP,b13700c8-0012-11f0-8457-089df4bf3532,dataset_1,0,42,0.5155854821205139,0.8929119110107422,191552.0,0.5306603908538818,277,1
StandardGSGP,b13700c8-0012-11f0-8457-089df4bf3532,dataset_1,0,43,0.5155854821205139,0.8139336109161377,195886.0,0.5306603908538818,277,1
StandardGSGP,b13700c8-0012-11f0-8457-089df4bf3532,dataset_1,0,44,0.5212721824645996,0.801276445388794,199000.0,0.5387283563613892,413,1
StandardGSGP,b13700c8-0012-11f0-8457-089df4bf3532,dataset_1,0,45,0.5212721824645996,0.7993571758270264,203044.0,0.5387283563613892,413,1
StandardGSGP,b13700c8-0012-11f0-8457-089df4bf3532,dataset_1,0,46,0.5212721824645996,0.7681567668914795,206428.0,0.5387283563613892,413,1
StandardGSGP,b13700c8-0012-11f0-8457-089df4bf3532,dataset_1,0,47,0.5224556922912598,0.7543606758117676,209590.0,0.5408515334129333,419,1
StandardGSGP,b13700c8-0012-11f0-8457-089df4bf3532,dataset_1,0,48,0.5234182476997375,0.7375869750976562,213704.0,0.5425287485122681,437,1
StandardGSGP,b13700c8-0012-11f0-8457-089df4bf3532,dataset_1,0,49,0.5257185697555542,0.7472507953643799,217992.0,0.5429480671882629,445,1
StandardGSGP,b13700c8-0012-11f0-8457-089df4bf3532,dataset_1,0,50,0.5294567942619324,0.7870407104492188,221922.0,0.550693690776825,453,1
StandardGSGP,b13700c8-0012-11f0-8457-089df4bf3532,dataset_1,0,51,0.5294567942619324,0.814319372177124,226398.0,0.550693690776825,453,1
StandardGSGP,b13700c8-0012-11f0-8457-089df4bf3532,dataset_1,0,52,0.5308166146278381,0.8010990619659424,228990.0,0.5515021681785583,463,1
StandardGSGP,b13700c8-0012-11f0-8457-089df4bf3532,dataset_1,0,53,0.5308166146278381,0.7855908870697021,232232.0,0.5515021681785583,463,1
StandardGSGP,b13700c8-0012-11f0-8457-089df4bf3532,dataset_1,0,54,0.5308166146278381,0.7986581325531006,235156.0,0.5515021681785583,463,1
StandardGSGP,b13700c8-0012-11f0-8457-089df4bf3532,dataset_1,0,55,0.5308166146278381,0.8689348697662354,238264.0,0.5515021681785583,463,1
StandardGSGP,b13700c8-0012-11f0-8457-089df4bf3532,dataset_1,0,56,0.5312259197235107,0.8244009017944336,241064.0,0.5489773750305176,475,1
StandardGSGP,b13700c8-0012-11f0-8457-089df4bf3532,dataset_1,0,57,0.5312259197235107,0.7960116863250732,246462.0,0.5489773750305176,475,1
StandardGSGP,b13700c8-0012-11f0-8457-089df4bf3532,dataset_1,0,58,0.5312259197235107,0.6924567222595215,250446.0,0.5489773750305176,475,1
StandardGSGP,b13700c8-0012-11f0-8457-089df4bf3532,dataset_1,0,59,0.5364134311676025,0.7511510848999023,255272.0,0.5386313796043396,521,1
StandardGSGP,b13700c8-0012-11f0-8457-089df4bf3532,dataset_1,0,60,0.5364134311676025,0.8312058448791504,259638.0,0.5386313796043396,521,1
StandardGSGP,b13700c8-0012-11f0-8457-089df4bf3532,dataset_1,0,61,0.5369862914085388,0.8151588439941406,263848.0,0.5386313796043396,527,1
StandardGSGP,b13700c8-0012-11f0-8457-089df4bf3532,dataset_1,0,62,0.5369862914085388,0.8038961887359619,267418.0,0.5386313796043396,527,1
StandardGSGP,b13700c8-0012-11f0-8457-089df4bf3532,dataset_1,0,63,0.5369862914085388,0.7695720195770264,271384.0,0.5386313796043396,527,1
StandardGSGP,b13700c8-0012-11f0-8457-089df4bf3532,dataset_1,0,64,0.5369862914085388,0.7218706607818604,275204.0,0.5386313796043396,527,1
StandardGSGP,b13700c8-0012-11f0-8457-089df4bf3532,dataset_1,0,65,0.5369862914085388,0.7989132404327393,279204.0,0.5386313796043396,527,1
StandardGSGP,b13700c8-0012-11f0-8457-089df4bf3532,dataset_1,0,66,0.5369862914085388,0.7706477642059326,282972.0,0.5386313796043396,527,1
StandardGSGP,b13700c8-0012-11f0-8457-089df4bf3532,dataset_1,0,67,0.5378283262252808,0.8019013404846191,287244.0,0.5392265319824219,533,1
StandardGSGP,b13700c8-0012-11f0-8457-089df4bf3532,dataset_1,0,68,0.5378283262252808,0.926048994064331,291628.0,0.5392265319824219,533,1
StandardGSGP,b13700c8-0012-11f0-8457-089df4bf3532,dataset_1,0,69,0.5378283262252808,0.8006384372711182,295424.0,0.5392265319824219,533,1
StandardGSGP,b13700c8-0012-11f0-8457-089df4bf3532,dataset_1,0,70,0.5378283262252808,0.8144726753234863,299208.0,0.5392265319824219,533,1
StandardGSGP,b13700c8-0012-11f0-8457-089df4bf3532,dataset_1,0,71,0.5378283262252808,0.7698268890380859,302972.0,0.5392265319824219,533,1
StandardGSGP,b13700c8-0012-11f0-8457-089df4bf3532,dataset_1,0,72,0.5378283262252808,0.8158445358276367,306644.0,0.5392265319824219,533,1
StandardGSGP,b13700c8-0012-11f0-8457-089df4bf3532,dataset_1,0,73,0.5383716225624084,0.7841291427612305,310532.0,0.5440528392791748,595,1
StandardGSGP,b13700c8-0012-11f0-8457-089df4bf3532,dataset_1,0,74,0.5383716225624084,0.7850944995880127,314192.0,0.5440528392791748,595,1
StandardGSGP,b13700c8-0012-11f0-8457-089df4bf3532,dataset_1,0,75,0.5383716225624084,0.8025608062744141,318612.0,0.5440528392791748,595,1
StandardGSGP,b13700c8-0012-11f0-8457-089df4bf3532,dataset_1,0,76,0.5420991778373718,0.8010854721069336,322260.0,0.5424836277961731,617,1
StandardGSGP,b13700c8-0012-11f0-8457-089df4bf3532,dataset_1,0,77,0.5420991778373718,0.862513542175293,325656.0,0.5424836277961731,617,1
StandardGSGP,b13700c8-0012-11f0-8457-089df4bf3532,dataset_1,0,78,0.5420991778373718,0.8004119396209717,329030.0,0.5424836277961731,617,1
StandardGSGP,b13700c8-0012-11f0-8457-089df4bf3532,dataset_1,0,79,0.5420991778373718,0.8171751499176025,332228.0,0.5424836277961731,617,1
StandardGSGP,b13700c8-0012-11f0-8457-089df4bf3532,dataset_1,0,80,0.5420991778373718,0.8088438510894775,335476.0,0.5424836277961731,617,1
StandardGSGP,b13700c8-0012-11f0-8457-089df4bf3532,dataset_1,0,81,0.5429098010063171,0.8318426609039307,339026.0,0.562824547290802,649,1
StandardGSGP,b13700c8-0012-11f0-8457-089df4bf3532,dataset_1,0,82,0.5429098010063171,0.7544445991516113,343236.0,0.562824547290802,649,1
StandardGSGP,b13700c8-0012-11f0-8457-089df4bf3532,dataset_1,0,83,0.5429098010063171,0.8155336380004883,348020.0,0.562824547290802,649,1
StandardGSGP,b13700c8-0012-11f0-8457-089df4bf3532,dataset_1,0,84,0.5458595752716064,0.785203218460083,351374.0,0.5639958381652832,657,1
StandardGSGP,b13700c8-0012-11f0-8457-089df4bf3532,dataset_1,0,85,0.5458595752716064,0.8153374195098877,355270.0,0.5639958381652832,657,1
StandardGSGP,b13700c8-0012-11f0-8457-089df4bf3532,dataset_1,0,86,0.5458595752716064,0.8151819705963135,359054.0,0.5639958381652832,657,1
StandardGSGP,b13700c8-0012-11f0-8457-089df4bf3532,dataset_1,0,87,0.5480916500091553,0.7876133918762207,362328.0,0.5610278248786926,683,1
StandardGSGP,b13700c8-0012-11f0-8457-089df4bf3532,dataset_1,0,88,0.5480916500091553,0.753364086151123,365798.0,0.5610278248786926,683,1
StandardGSGP,b13700c8-0012-11f0-8457-089df4bf3532,dataset_1,0,89,0.5495356321334839,0.7658414840698242,370290.0,0.5652173757553101,687,1
StandardGSGP,b13700c8-0012-11f0-8457-089df4bf3532,dataset_1,0,90,0.5495356321334839,0.771294355392456,374768.0,0.5652173757553101,687,1
StandardGSGP,b13700c8-0012-11f0-8457-089df4bf3532,dataset_1,0,91,0.5495356321334839,0.8166038990020752,377906.0,0.5652173757553101,687,1
StandardGSGP,b13700c8-0012-11f0-8457-089df4bf3532,dataset_1,0,92,0.5495356321334839,0.7377851009368896,381496.0,0.5652173757553101,687,1
StandardGSGP,b13700c8-0012-11f0-8457-089df4bf3532,dataset_1,0,93,0.5497206449508667,0.8010897636413574,384720.0,0.5624344348907471,693,1
StandardGSGP,b13700c8-0012-11f0-8457-089df4bf3532,dataset_1,0,94,0.5497206449508667,0.8563241958618164,388964.0,0.5624344348907471,693,1
StandardGSGP,b13700c8-0012-11f0-8457-089df4bf3532,dataset_1,0,95,0.5497206449508667,0.7385001182556152,393768.0,0.5624344348907471,693,1
StandardGSGP,b13700c8-0012-11f0-8457-089df4bf3532,dataset_1,0,96,0.5497206449508667,0.7639031410217285,397410.0,0.5624344348907471,693,1
StandardGSGP,b13700c8-0012-11f0-8457-089df4bf3532,dataset_1,0,97,0.5508001446723938,0.7680060863494873,402284.0,0.5624344348907471,699,1
StandardGSGP,b13700c8-0012-11f0-8457-089df4bf3532,dataset_1,0,98,0.5508001446723938,0.7864198684692383,407726.0,0.5624344348907471,699,1
StandardGSGP,b13700c8-0012-11f0-8457-089df4bf3532,dataset_1,0,99,0.5524163246154785,0.7551460266113281,410782.0,0.5654450058937073,723,1
StandardGSGP,b13700c8-0012-11f0-8457-089df4bf3532,dataset_1,0,100,0.5538461804389954,0.7753074169158936,414472.0,0.568965494632721,729,1
StandardGSGP,b13700c8-0012-11f0-8457-089df4bf3532,dataset_1,0,101,0.5538461804389954,0.7713537216186523,418838.0,0.568965494632721,729,1
StandardGSGP,b13700c8-0012-11f0-8457-089df4bf3532,dataset_1,0,102,0.5538461804389954,0.7831475734710693,422872.0,0.568965494632721,729,1
StandardGSGP,b13700c8-0012-11f0-8457-089df4bf3532,dataset_1,0,103,0.5550459027290344,0.8006360530853271,426068.0,0.5677419304847717,745,1
StandardGSGP,b13700c8-0012-11f0-8457-089df4bf3532,dataset_1,0,104,0.5550459027290344,0.8298642635345459,430586.0,0.5677419304847717,745,1
StandardGSGP,b13700c8-0012-11f0-8457-089df4bf3532,dataset_1,0,105,0.5578703880310059,0.799828052520752,434336.0,0.571739137172699,759,1
StandardGSGP,b13700c8-0012-11f0-8457-089df4bf3532,dataset_1,0,106,0.5578703880310059,0.786304235458374,437736.0,0.571739137172699,759,1
StandardGSGP,b13700c8-0012-11f0-8457-089df4bf3532,dataset_1,0,107,0.5578703880310059,0.8167319297790527,441724.0,0.571739137172699,759,1
StandardGSGP,b13700c8-0012-11f0-8457-089df4bf3532,dataset_1,0,108,0.5578703880310059,0.8681483268737793,445840.0,0.571739137172699,759,1
StandardGSGP,b13700c8-0012-11f0-8457-089df4bf3532,dataset_1,0,109,0.5578703880310059,0.7395532131195068,449810.0,0.571739137172699,759,1
StandardGSGP,b13700c8-0012-11f0-8457-089df4bf3532,dataset_1,0,110,0.5578703880310059,0.8610002994537354,453524.0,0.571739137172699,759,1
StandardGSGP,b13700c8-0012-11f0-8457-089df4bf3532,dataset_1,0,111,0.5578703880310059,0.8010799884796143,457382.0,0.571739137172699,759,1
StandardGSGP,b13700c8-0012-11f0-8457-089df4bf3532,dataset_1,0,112,0.5578703880310059,0.7835485935211182,461722.0,0.571739137172699,759,1
StandardGSGP,b13700c8-0012-11f0-8457-089df4bf3532,dataset_1,0,113,0.5578703880310059,0.799689769744873,466908.0,0.571739137172699,759,1
StandardGSGP,b13700c8-0012-11f0-8457-089df4bf3532,dataset_1,0,114,0.5578703880310059,0.7863733768463135,470912.0,0.571739137172699,759,1
StandardGSGP,b13700c8-0012-11f0-8457-089df4bf3532,dataset_1,0,115,0.5578703880310059,0.8072965145111084,474174.0,0.571739137172699,759,1
StandardGSGP,b13700c8-0012-11f0-8457-089df4bf3532,dataset_1,0,116,0.5578703880310059,0.7878029346466064,479152.0,0.571739137172699,759,1
StandardGSGP,b13700c8-0012-11f0-8457-089df4bf3532,dataset_1,0,117,0.5578703880310059,0.7707216739654541,483132.0,0.571739137172699,759,1
StandardGSGP,b13700c8-0012-11f0-8457-089df4bf3532,dataset_1,0,118,0.5578703880310059,0.8169333934783936,484034.0,0.571739137172699,759,1
StandardGSGP,b13700c8-0012-11f0-8457-089df4bf3532,dataset_1,0,119,0.5578703880310059,0.7647817134857178,487824.0,0.571739137172699,759,1
StandardGSGP,b13700c8-0012-11f0-8457-089df4bf3532,dataset_1,0,120,0.5578703880310059,0.830864667892456,491176.0,0.571739137172699,759,1
StandardGSGP,b13700c8-0012-11f0-8457-089df4bf3532,dataset_1,0,121,0.5578703880310059,0.8944315910339355,492892.0,0.571739137172699,759,1
StandardGSGP,b13700c8-0012-11f0-8457-089df4bf3532,dataset_1,0,122,0.5578703880310059,0.7701709270477295,499054.0,0.571739137172699,759,1
StandardGSGP,b13700c8-0012-11f0-8457-089df4bf3532,dataset_1,0,123,0.5578703880310059,0.7998478412628174,499916.0,0.571739137172699,759,1
StandardGSGP,b13700c8-0012-11f0-8457-089df4bf3532,dataset_1,0,124,0.5578703880310059,0.7999377250671387,503720.0,0.571739137172699,759,1
StandardGSGP,b13700c8-0012-11f0-8457-089df4bf3532,dataset_1,0,125,0.5578703880310059,0.7555744647979736,506902.0,0.571739137172699,759,1
StandardGSGP,b13700c8-0012-11f0-8457-089df4bf3532,dataset_1,0,126,0.5578703880310059,0.8282749652862549,512036.0,0.571739137172699,759,1
StandardGSGP,b13700c8-0012-11f0-8457-089df4bf3532,dataset_1,0,127,0.5578703880310059,0.7374913692474365,516636.0,0.571739137172699,759,1
StandardGSGP,b13700c8-0012-11f0-8457-089df4bf3532,dataset_1,0,128,0.5578703880310059,0.8165199756622314,523988.0,0.571739137172699,759,1
StandardGSGP,b13700c8-0012-11f0-8457-089df4bf3532,dataset_1,0,129,0.5585168600082397,0.7816510200500488,526988.0,0.5605234503746033,1085,1
StandardGSGP,b13700c8-0012-11f0-8457-089df4bf3532,dataset_1,0,130,0.5585862994194031,0.7321181297302246,532534.0,0.5618221163749695,1095,1
StandardGSGP,b13700c8-0012-11f0-8457-089df4bf3532,dataset_1,0,131,0.5586073398590088,0.7857279777526855,539056.0,0.5573770403862,1093,1
StandardGSGP,b13700c8-0012-11f0-8457-089df4bf3532,dataset_1,0,132,0.5595375895500183,0.7816019058227539,542864.0,0.5624321699142456,1099,1
StandardGSGP,b13700c8-0012-11f0-8457-089df4bf3532,dataset_1,0,133,0.5595375895500183,0.7533314228057861,548524.0,0.5624321699142456,1099,1
StandardGSGP,b13700c8-0012-11f0-8457-089df4bf3532,dataset_1,0,134,0.5595375895500183,0.8323719501495361,555290.0,0.5624321699142456,1099,1
StandardGSGP,b13700c8-0012-11f0-8457-089df4bf3532,dataset_1,0,135,0.5595375895500183,0.873300313949585,559652.0,0.5624321699142456,1099,1
StandardGSGP,b13700c8-0012-11f0-8457-089df4bf3532,dataset_1,0,136,0.5607404708862305,0.819575309753418,562478.0,0.5652173757553101,1115,1
StandardGSGP,b13700c8-0012-11f0-8457-089df4bf3532,dataset_1,0,137,0.5607404708862305,0.7682108879089355,567004.0,0.5652173757553101,1115,1
StandardGSGP,b13700c8-0012-11f0-8457-089df4bf3532,dataset_1,0,138,0.561511754989624,0.7705307006835938,572616.0,0.5673912763595581,1127,1
StandardGSGP,b13700c8-0012-11f0-8457-089df4bf3532,dataset_1,0,139,0.561511754989624,0.786320686340332,576012.0,0.5673912763595581,1127,1
StandardGSGP,b13700c8-0012-11f0-8457-089df4bf3532,dataset_1,0,140,0.561511754989624,0.7821626663208008,580562.0,0.5673912763595581,1127,1
StandardGSGP,b13700c8-0012-11f0-8457-089df4bf3532,dataset_1,0,141,0.561511754989624,0.7869381904602051,583030.0,0.5673912763595581,1127,1
StandardGSGP,b13700c8-0012-11f0-8457-089df4bf3532,dataset_1,0,142,0.561511754989624,0.8488051891326904,587356.0,0.5673912763595581,1127,1
StandardGSGP,b13700c8-0012-11f0-8457-089df4bf3532,dataset_1,0,143,0.561511754989624,0.7630517482757568,591998.0,0.5673912763595581,1127,1
StandardGSGP,b13700c8-0012-11f0-8457-089df4bf3532,dataset_1,0,144,0.561511754989624,0.7233664989471436,595804.0,0.5673912763595581,1127,1
StandardGSGP,b13700c8-0012-11f0-8457-089df4bf3532,dataset_1,0,145,0.5617021322250366,0.9395606517791748,599590.0,0.5664488077163696,1135,1
StandardGSGP,b13700c8-0012-11f0-8457-089df4bf3532,dataset_1,0,146,0.5623793005943298,0.7546770572662354,603016.0,0.5673912763595581,1145,1
StandardGSGP,b13700c8-0012-11f0-8457-089df4bf3532,dataset_1,0,147,0.562403678894043,0.8310370445251465,606730.0,0.5655471086502075,1157,1
StandardGSGP,b13700c8-0012-11f0-8457-089df4bf3532,dataset_1,0,148,0.5626934766769409,0.8141915798187256,609636.0,0.5680087208747864,1163,1
StandardGSGP,b13700c8-0012-11f0-8457-089df4bf3532,dataset_1,0,149,0.5626934766769409,0.7701971530914307,612790.0,0.5680087208747864,1163,1
StandardGSGP,b13700c8-0012-11f0-8457-089df4bf3532,dataset_1,0,150,0.5626934766769409,0.8386878967285156,616064.0,0.5680087208747864,1163,1
StandardGSGP,b13700c8-0012-11f0-8457-089df4bf3532,dataset_1,0,151,0.5626934766769409,0.7540853023529053,619904.0,0.5680087208747864,1163,1
StandardGSGP,b13700c8-0012-11f0-8457-089df4bf3532,dataset_1,0,152,0.5628604292869568,0.8012692928314209,623534.0,0.5695792436599731,1201,1
StandardGSGP,b13700c8-0012-11f0-8457-089df4bf3532,dataset_1,0,153,0.5635659098625183,0.8088746070861816,627124.0,0.5680087208747864,1177,1
StandardGSGP,b13700c8-0012-11f0-8457-089df4bf3532,dataset_1,0,154,0.5635659098625183,0.801243782043457,630580.0,0.5680087208747864,1177,1
StandardGSGP,b13700c8-0012-11f0-8457-089df4bf3532,dataset_1,0,155,0.5635659098625183,0.8472630977630615,634740.0,0.5680087208747864,1177,1
StandardGSGP,b13700c8-0012-11f0-8457-089df4bf3532,dataset_1,0,156,0.5635659098625183,0.7986397743225098,638976.0,0.5680087208747864,1177,1
StandardGSGP,b13700c8-0012-11f0-8457-089df4bf3532,dataset_1,0,157,0.5635659098625183,0.7539448738098145,643168.0,0.5680087208747864,1177,1
StandardGSGP,b13700c8-0012-11f0-8457-089df4bf3532,dataset_1,0,158,0.5635659098625183,0.7747499942779541,645064.0,0.5680087208747864,1177,1
StandardGSGP,b13700c8-0012-11f0-8457-089df4bf3532,dataset_1,0,159,0.5635659098625183,0.7877597808837891,649122.0,0.5680087208747864,1177,1
StandardGSGP,b13700c8-0012-11f0-8457-089df4bf3532,dataset_1,0,160,0.5635659098625183,0.7708797454833984,651984.0,0.5680087208747864,1177,1
StandardGSGP,b13700c8-0012-11f0-8457-089df4bf3532,dataset_1,0,161,0.5635659098625183,0.8934848308563232,656460.0,0.5680087208747864,1177,1
StandardGSGP,b13700c8-0012-11f0-8457-089df4bf3532,dataset_1,0,162,0.5635659098625183,0.7888936996459961,661254.0,0.5680087208747864,1177,1
StandardGSGP,b13700c8-0012-11f0-8457-089df4bf3532,dataset_1,0,163,0.5635659098625183,0.8298687934875488,666522.0,0.5680087208747864,1177,1
StandardGSGP,b13700c8-0012-11f0-8457-089df4bf3532,dataset_1,0,164,0.5635659098625183,0.941535234451294,669478.0,0.5680087208747864,1177,1
StandardGSGP,b13700c8-0012-11f0-8457-089df4bf3532,dataset_1,0,165,0.5635659098625183,0.7540087699890137,672910.0,0.5680087208747864,1177,1
StandardGSGP,b13700c8-0012-11f0-8457-089df4bf3532,dataset_1,0,166,0.5635659098625183,0.8148746490478516,675932.0,0.5680087208747864,1177,1
StandardGSGP,b13700c8-0012-11f0-8457-089df4bf3532,dataset_1,0,167,0.5635659098625183,0.7709667682647705,679898.0,0.5680087208747864,1177,1
StandardGSGP,b13700c8-0012-11f0-8457-089df4bf3532,dataset_1,0,168,0.5651662945747375,0.8013935089111328,682774.0,0.5790055394172668,1353,1
StandardGSGP,b13700c8-0012-11f0-8457-089df4bf3532,dataset_1,0,169,0.5651662945747375,0.7995977401733398,686502.0,0.5790055394172668,1353,1
StandardGSGP,b13700c8-0012-11f0-8457-089df4bf3532,dataset_1,0,170,0.5662885904312134,0.7702105045318604,690900.0,0.5736095905303955,1385,1
StandardGSGP,b13700c8-0012-11f0-8457-089df4bf3532,dataset_1,0,171,0.5662885904312134,0.7829816341400146,694972.0,0.5736095905303955,1385,1
StandardGSGP,b13700c8-0012-11f0-8457-089df4bf3532,dataset_1,0,172,0.5668491721153259,0.761329174041748,698334.0,0.5723612904548645,1393,1
StandardGSGP,b13700c8-0012-11f0-8457-089df4bf3532,dataset_1,0,173,0.5668491721153259,0.7701883316040039,697028.0,0.5723612904548645,1393,1
StandardGSGP,b13700c8-0012-11f0-8457-089df4bf3532,dataset_1,0,174,0.5668491721153259,0.7920365333557129,698214.0,0.5723612904548645,1393,1
StandardGSGP,b13700c8-0012-11f0-8457-089df4bf3532,dataset_1,0,175,0.5668491721153259,0.779789924621582,699546.0,0.5723612904548645,1393,1
StandardGSGP,b13700c8-0012-11f0-8457-089df4bf3532,dataset_1,0,176,0.5684958696365356,0.7697627544403076,702130.0,0.5742793679237366,1421,1
StandardGSGP,b13700c8-0012-11f0-8457-089df4bf3532,dataset_1,0,177,0.5684958696365356,0.8160514831542969,705058.0,0.5742793679237366,1421,1
StandardGSGP,b13700c8-0012-11f0-8457-089df4bf3532,dataset_1,0,178,0.5684958696365356,0.8018789291381836,711174.0,0.5742793679237366,1421,1
StandardGSGP,b13700c8-0012-11f0-8457-089df4bf3532,dataset_1,0,179,0.5684958696365356,0.7856884002685547,714678.0,0.5742793679237366,1421,1
StandardGSGP,b13700c8-0012-11f0-8457-089df4bf3532,dataset_1,0,180,0.5685592889785767,0.7854337692260742,715550.0,0.5776329636573792,1447,1
StandardGSGP,b13700c8-0012-11f0-8457-089df4bf3532,dataset_1,0,181,0.5685592889785767,0.7707710266113281,717656.0,0.5776329636573792,1447,1
StandardGSGP,b13700c8-0012-11f0-8457-089df4bf3532,dataset_1,0,182,0.5696449279785156,0.8006901741027832,720166.0,0.5732899308204651,1335,1
StandardGSGP,b13700c8-0012-11f0-8457-089df4bf3532,dataset_1,0,183,0.5696449279785156,0.7848613262176514,724008.0,0.5732899308204651,1335,1
StandardGSGP,b13700c8-0012-11f0-8457-089df4bf3532,dataset_1,0,184,0.569654643535614,0.7700493335723877,726328.0,0.5896328091621399,1343,1
StandardGSGP,b13700c8-0012-11f0-8457-089df4bf3532,dataset_1,0,185,0.569654643535614,0.8302555084228516,731588.0,0.5896328091621399,1343,1
StandardGSGP,b13700c8-0012-11f0-8457-089df4bf3532,dataset_1,0,186,0.5702095031738281,0.7852025032043457,735086.0,0.5896328091621399,1359,1
StandardGSGP,b13700c8-0012-11f0-8457-089df4bf3532,dataset_1,0,187,0.5715405941009521,0.9860291481018066,737292.0,0.5742358565330505,1499,1
StandardGSGP,b13700c8-0012-11f0-8457-089df4bf3532,dataset_1,0,188,0.5716511011123657,0.809912919998169,740522.0,0.58441561460495,1363,1
StandardGSGP,b13700c8-0012-11f0-8457-089df4bf3532,dataset_1,0,189,0.5723221302032471,0.8016743659973145,742942.0,0.582694411277771,1525,1
StandardGSGP,b13700c8-0012-11f0-8457-089df4bf3532,dataset_1,0,190,0.5723221302032471,0.845855712890625,745792.0,0.582694411277771,1525,1
StandardGSGP,b13700c8-0012-11f0-8457-089df4bf3532,dataset_1,0,191,0.5723221302032471,0.8021669387817383,744994.0,0.582694411277771,1525,1
StandardGSGP,b13700c8-0012-11f0-8457-089df4bf3532,dataset_1,0,192,0.5723221302032471,0.8302140235900879,747962.0,0.582694411277771,1525,1
StandardGSGP,b13700c8-0012-11f0-8457-089df4bf3532,dataset_1,0,193,0.5723221302032471,0.8438341617584229,751834.0,0.582694411277771,1525,1
StandardGSGP,b13700c8-0012-11f0-8457-089df4bf3532,dataset_1,0,194,0.5723221302032471,0.7859740257263184,755282.0,0.582694411277771,1525,1
StandardGSGP,b13700c8-0012-11f0-8457-089df4bf3532,dataset_1,0,195,0.5728800296783447,0.7845046520233154,760690.0,0.5814207792282104,1531,1
StandardGSGP,b13700c8-0012-11f0-8457-089df4bf3532,dataset_1,0,196,0.5728800296783447,0.7840580940246582,767096.0,0.5814207792282104,1531,1
StandardGSGP,b13700c8-0012-11f0-8457-089df4bf3532,dataset_1,0,197,0.5728800296783447,0.7235260009765625,775180.0,0.5814207792282104,1531,1
StandardGSGP,b13700c8-0012-11f0-8457-089df4bf3532,dataset_1,0,198,0.5728800296783447,0.8386490345001221,782066.0,0.5814207792282104,1531,1
StandardGSGP,b13700c8-0012-11f0-8457-089df4bf3532,dataset_1,0,199,0.5736314058303833,0.7559890747070312,787330.0,0.58620685338974,1585,1
StandardGSGP,b13700c8-0012-11f0-8457-089df4bf3532,dataset_1,0,200,0.5751938223838806,0.863109827041626,791428.0,0.5874730348587036,1479,1
StandardGSGP,b13700c8-0012-11f0-8457-089df4bf3532,dataset_1,0,201,0.5751938223838806,0.7956411838531494,796002.0,0.5874730348587036,1479,1
StandardGSGP,b13700c8-0012-11f0-8457-089df4bf3532,dataset_1,0,202,0.5751938223838806,0.8015000820159912,798986.0,0.5874730348587036,1479,1
StandardGSGP,b13700c8-0012-11f0-8457-089df4bf3532,dataset_1,0,203,0.5751938223838806,0.8466794490814209,802450.0,0.5874730348587036,1479,1
StandardGSGP,b13700c8-0012-11f0-8457-089df4bf3532,dataset_1,0,204,0.5758634209632874,0.7998490333557129,805620.0,0.5874730348587036,1487,1
StandardGSGP,b13700c8-0012-11f0-8457-089df4bf3532,dataset_1,0,205,0.5758634209632874,0.8185620307922363,809216.0,0.5874730348587036,1487,1
StandardGSGP,b13700c8-0012-11f0-8457-089df4bf3532,dataset_1,0,206,0.5758634209632874,0.8150036334991455,812866.0,0.5874730348587036,1487,1
StandardGSGP,b13700c8-0012-11f0-8457-089df4bf3532,dataset_1,0,207,0.5765345692634583,0.7853002548217773,816026.0,0.5893824696540833,1493,1
StandardGSGP,b13700c8-0012-11f0-8457-089df4bf3532,dataset_1,0,208,0.5774319171905518,0.8106563091278076,819810.0,0.5893824696540833,1507,1
StandardGSGP,b13700c8-0012-11f0-8457-089df4bf3532,dataset_1,0,209,0.5774319171905518,0.7859694957733154,822160.0,0.5893824696540833,1507,1
StandardGSGP,b13700c8-0012-11f0-8457-089df4bf3532,dataset_1,0,210,0.5774319171905518,0.7710156440734863,826016.0,0.5893824696540833,1507,1
StandardGSGP,b13700c8-0012-11f0-8457-089df4bf3532,dataset_1,0,211,0.5774319171905518,0.8005235195159912,826816.0,0.5893824696540833,1507,1
StandardGSGP,b13700c8-0012-11f0-8457-089df4bf3532,dataset_1,0,212,0.5774319171905518,0.7999293804168701,829806.0,0.5893824696540833,1507,1
StandardGSGP,b13700c8-0012-11f0-8457-089df4bf3532,dataset_1,0,213,0.5777433514595032,0.7641046047210693,830828.0,0.5900217294692993,1543,1
StandardGSGP,b13700c8-0012-11f0-8457-089df4bf3532,dataset_1,0,214,0.5777433514595032,0.8768453598022461,832478.0,0.5900217294692993,1543,1
StandardGSGP,b13700c8-0012-11f0-8457-089df4bf3532,dataset_1,0,215,0.5777433514595032,0.8014576435089111,832760.0,0.5900217294692993,1543,1
StandardGSGP,b13700c8-0012-11f0-8457-089df4bf3532,dataset_1,0,216,0.5778641104698181,0.7816309928894043,832464.0,0.5900217294692993,1549,1
StandardGSGP,b13700c8-0012-11f0-8457-089df4bf3532,dataset_1,0,217,0.5778992176055908,0.7031948566436768,834548.0,0.591549277305603,1563,1
StandardGSGP,b13700c8-0012-11f0-8457-089df4bf3532,dataset_1,0,218,0.5778992176055908,0.7707574367523193,835368.0,0.591549277305603,1563,1
StandardGSGP,b13700c8-0012-11f0-8457-089df4bf3532,dataset_1,0,219,0.5778992176055908,0.7357051372528076,838238.0,0.591549277305603,1563,1
StandardGSGP,b13700c8-0012-11f0-8457-089df4bf3532,dataset_1,0,220,0.5778992176055908,0.8147571086883545,837448.0,0.591549277305603,1563,1
StandardGSGP,b13700c8-0012-11f0-8457-089df4bf3532,dataset_1,0,221,0.57851243019104,0.7854154109954834,839216.0,0.5838779807090759,1605,1
StandardGSGP,b13700c8-0012-11f0-8457-089df4bf3532,dataset_1,0,222,0.57851243019104,0.8153641223907471,841514.0,0.5838779807090759,1605,1
StandardGSGP,b13700c8-0012-11f0-8457-089df4bf3532,dataset_1,0,223,0.57851243019104,0.8020105361938477,845660.0,0.5838779807090759,1605,1
StandardGSGP,b13700c8-0012-11f0-8457-089df4bf3532,dataset_1,0,224,0.57851243019104,0.8637857437133789,850430.0,0.5838779807090759,1605,1
StandardGSGP,b13700c8-0012-11f0-8457-089df4bf3532,dataset_1,0,225,0.57851243019104,0.8290362358093262,855764.0,0.5838779807090759,1605,1
StandardGSGP,b13700c8-0012-11f0-8457-089df4bf3532,dataset_1,0,226,0.57851243019104,0.7708055973052979,859340.0,0.5838779807090759,1605,1
StandardGSGP,b13700c8-0012-11f0-8457-089df4bf3532,dataset_1,0,227,0.57851243019104,0.8156111240386963,865744.0,0.5838779807090759,1605,1
StandardGSGP,b13700c8-0012-11f0-8457-089df4bf3532,dataset_1,0,228,0.57851243019104,0.7843849658966064,874502.0,0.5838779807090759,1605,1
StandardGSGP,b13700c8-0012-11f0-8457-089df4bf3532,dataset_1,0,229,0.57851243019104,0.6916043758392334,884500.0,0.5838779807090759,1605,1
StandardGSGP,b13700c8-0012-11f0-8457-089df4bf3532,dataset_1,0,230,0.57851243019104,0.8010756969451904,890898.0,0.5838779807090759,1605,1
StandardGSGP,b13700c8-0012-11f0-8457-089df4bf3532,dataset_1,0,231,0.5792778730392456,0.8948009014129639,894664.0,0.584782600402832,1615,1
StandardGSGP,b13700c8-0012-11f0-8457-089df4bf3532,dataset_1,0,232,0.5792778730392456,0.7715685367584229,901770.0,0.584782600402832,1615,1
StandardGSGP,b13700c8-0012-11f0-8457-089df4bf3532,dataset_1,0,233,0.5792778730392456,0.7985434532165527,907320.0,0.584782600402832,1615,1
StandardGSGP,b13700c8-0012-11f0-8457-089df4bf3532,dataset_1,0,234,0.5792778730392456,0.7708494663238525,910032.0,0.584782600402832,1615,1
StandardGSGP,b13700c8-0012-11f0-8457-089df4bf3532,dataset_1,0,235,0.5792778730392456,0.7993221282958984,914940.0,0.584782600402832,1615,1
StandardGSGP,b13700c8-0012-11f0-8457-089df4bf3532,dataset_1,0,236,0.5794676542282104,0.8166487216949463,920032.0,0.5856236815452576,1871,1
StandardGSGP,b13700c8-0012-11f0-8457-089df4bf3532,dataset_1,0,237,0.5794676542282104,0.8016297817230225,922048.0,0.5856236815452576,1871,1
StandardGSGP,b13700c8-0012-11f0-8457-089df4bf3532,dataset_1,0,238,0.5794676542282104,0.815507173538208,922902.0,0.5856236815452576,1871,1
StandardGSGP,b13700c8-0012-11f0-8457-089df4bf3532,dataset_1,0,239,0.5794676542282104,0.8161098957061768,928294.0,0.5856236815452576,1871,1
StandardGSGP,b13700c8-0012-11f0-8457-089df4bf3532,dataset_1,0,240,0.5794676542282104,0.7857503890991211,932284.0,0.5856236815452576,1871,1
StandardGSGP,b13700c8-0012-11f0-8457-089df4bf3532,dataset_1,0,241,0.5794676542282104,0.828622579574585,934242.0,0.5856236815452576,1871,1
StandardGSGP,b13700c8-0012-11f0-8457-089df4bf3532,dataset_1,0,242,0.579541027545929,0.7854580879211426,935422.0,0.5796791911125183,1661,1
StandardGSGP,b13700c8-0012-11f0-8457-089df4bf3532,dataset_1,0,243,0.579541027545929,0.7848267555236816,941942.0,0.5796791911125183,1661,1
StandardGSGP,b13700c8-0012-11f0-8457-089df4bf3532,dataset_1,0,244,0.5804168581962585,0.8155674934387207,948116.0,0.585152804851532,1739,1
StandardGSGP,b13700c8-0012-11f0-8457-089df4bf3532,dataset_1,0,245,0.5804168581962585,0.7858657836914062,956172.0,0.585152804851532,1739,1
StandardGSGP,b13700c8-0012-11f0-8457-089df4bf3532,dataset_1,0,246,0.5807465314865112,0.8003532886505127,958600.0,0.585152804851532,1747,1
StandardGSGP,b13700c8-0012-11f0-8457-089df4bf3532,dataset_1,0,247,0.5807465314865112,0.8151609897613525,957228.0,0.585152804851532,1747,1
StandardGSGP,b13700c8-0012-11f0-8457-089df4bf3532,dataset_1,0,248,0.5807465314865112,0.7855434417724609,957918.0,0.585152804851532,1747,1
StandardGSGP,b13700c8-0012-11f0-8457-089df4bf3532,dataset_1,0,249,0.580974817276001,0.8144440650939941,964736.0,0.585152804851532,1753,1
StandardGSGP,b13700c8-0012-11f0-8457-089df4bf3532,dataset_1,0,250,0.580974817276001,0.7743616104125977,968344.0,0.585152804851532,1753,1
StandardGSGP,b13700c8-0012-11f0-8457-089df4bf3532,dataset_1,0,251,0.580974817276001,0.8174641132354736,967796.0,0.585152804851532,1753,1
StandardGSGP,b13700c8-0012-11f0-8457-089df4bf3532,dataset_1,0,252,0.580974817276001,0.7985324859619141,967978.0,0.585152804851532,1753,1
StandardGSGP,b13700c8-0012-11f0-8457-089df4bf3532,dataset_1,0,253,0.580974817276001,0.8312785625457764,971922.0,0.585152804851532,1753,1
StandardGSGP,b13700c8-0012-11f0-8457-089df4bf3532,dataset_1,0,254,0.580974817276001,0.8370974063873291,975434.0,0.585152804851532,1753,1
StandardGSGP,b13700c8-0012-11f0-8457-089df4bf3532,dataset_1,0,255,0.580974817276001,0.9603683948516846,976124.0,0.585152804851532,1753,1
StandardGSGP,b13700c8-0012-11f0-8457-089df4bf3532,dataset_1,0,256,0.580974817276001,0.9725973606109619,981092.0,0.585152804851532,1753,1
StandardGSGP,b13700c8-0012-11f0-8457-089df4bf3532,dataset_1,0,257,0.580974817276001,0.8764181137084961,989306.0,0.585152804851532,1753,1
StandardGSGP,b13700c8-0012-11f0-8457-089df4bf3532,dataset_1,0,258,0.580974817276001,0.7708783149719238,988828.0,0.585152804851532,1753,1
StandardGSGP,b13700c8-0012-11f0-8457-089df4bf3532,dataset_1,0,259,0.580974817276001,0.8287351131439209,984988.0,0.585152804851532,1753,1
StandardGSGP,b13700c8-0012-11f0-8457-089df4bf3532,dataset_1,0,260,0.5812033414840698,0.8021304607391357,991018.0,0.5836066007614136,1767,1
StandardGSGP,b13700c8-0012-11f0-8457-089df4bf3532,dataset_1,0,261,0.5812033414840698,0.8160686492919922,994756.0,0.5836066007614136,1767,1
StandardGSGP,b13700c8-0012-11f0-8457-089df4bf3532,dataset_1,0,262,0.5812033414840698,0.7796759605407715,1000130.0,0.5836066007614136,1767,1
StandardGSGP,b13700c8-0012-11f0-8457-089df4bf3532,dataset_1,0,263,0.5815602540969849,0.7793221473693848,1004208.0,0.5848850011825562,1781,1
StandardGSGP,b13700c8-0012-11f0-8457-089df4bf3532,dataset_1,0,264,0.5815602540969849,0.8002171516418457,1010294.0,0.5848850011825562,1781,1
StandardGSGP,b13700c8-0012-11f0-8457-089df4bf3532,dataset_1,0,265,0.5815602540969849,0.7884185314178467,1014256.0,0.5848850011825562,1781,1
StandardGSGP,b13700c8-0012-11f0-8457-089df4bf3532,dataset_1,0,266,0.5815602540969849,0.6442520618438721,1024584.0,0.5848850011825562,1781,1
StandardGSGP,b13700c8-0012-11f0-8457-089df4bf3532,dataset_1,0,267,0.5824049115180969,0.9026103019714355,1026792.0,0.602173924446106,2109,1
StandardGSGP,b13700c8-0012-11f0-8457-089df4bf3532,dataset_1,0,268,0.5824049115180969,0.8013167381286621,1032584.0,0.602173924446106,2109,1
StandardGSGP,b13700c8-0012-11f0-8457-089df4bf3532,dataset_1,0,269,0.5824049115180969,0.7707858085632324,1039358.0,0.602173924446106,2109,1
StandardGSGP,b13700c8-0012-11f0-8457-089df4bf3532,dataset_1,0,270,0.5824049115180969,0.811614990234375,1045112.0,0.602173924446106,2109,1
StandardGSGP,b13700c8-0012-11f0-8457-089df4bf3532,dataset_1,0,271,0.5824049115180969,0.7864701747894287,1053192.0,0.602173924446106,2109,1
StandardGSGP,b13700c8-0012-11f0-8457-089df4bf3532,dataset_1,0,272,0.5828835964202881,0.8148512840270996,1063122.0,0.6028292179107666,2131,1
StandardGSGP,b13700c8-0012-11f0-8457-089df4bf3532,dataset_1,0,273,0.5828835964202881,0.7996377944946289,1070174.0,0.6028292179107666,2131,1
StandardGSGP,b13700c8-0012-11f0-8457-089df4bf3532,dataset_1,0,274,0.5828835964202881,0.7856817245483398,1076294.0,0.6028292179107666,2131,1
StandardGSGP,b13700c8-0012-11f0-8457-089df4bf3532,dataset_1,0,275,0.5829803347587585,0.833667516708374,1082624.0,0.6008676886558533,2163,1
StandardGSGP,b13700c8-0012-11f0-8457-089df4bf3532,dataset_1,0,276,0.5832049250602722,0.7769701480865479,1091144.0,0.6015201210975647,2177,1
StandardGSGP,b13700c8-0012-11f0-8457-089df4bf3532,dataset_1,0,277,0.5832049250602722,0.8067383766174316,1093648.0,0.6015201210975647,2177,1
StandardGSGP,b13700c8-0012-11f0-8457-089df4bf3532,dataset_1,0,278,0.5832049250602722,0.8031740188598633,1098144.0,0.6015201210975647,2177,1
StandardGSGP,b13700c8-0012-11f0-8457-089df4bf3532,dataset_1,0,279,0.5832049250602722,0.7871615886688232,1103622.0,0.6015201210975647,2177,1
StandardGSGP,b13700c8-0012-11f0-8457-089df4bf3532,dataset_1,0,280,0.5833012461662292,0.7996971607208252,1106788.0,0.602173924446106,2161,1
StandardGSGP,b13700c8-0012-11f0-8457-089df4bf3532,dataset_1,0,281,0.5840708613395691,0.8622503280639648,1111008.0,0.6038961410522461,2173,1
StandardGSGP,b13700c8-0012-11f0-8457-089df4bf3532,dataset_1,0,282,0.5840708613395691,0.786872386932373,1116172.0,0.6038961410522461,2173,1
StandardGSGP,b13700c8-0012-11f0-8457-089df4bf3532,dataset_1,0,283,0.5844256281852722,0.830129861831665,1117960.0,0.6060605645179749,2187,1
StandardGSGP,b13700c8-0012-11f0-8457-089df4bf3532,dataset_1,0,284,0.5844256281852722,0.7854251861572266,1119748.0,0.6060605645179749,2187,1
StandardGSGP,b13700c8-0012-11f0-8457-089df4bf3532,dataset_1,0,285,0.5844256281852722,0.8084256649017334,1123304.0,0.6060605645179749,2187,1
StandardGSGP,b13700c8-0012-11f0-8457-089df4bf3532,dataset_1,0,286,0.5844256281852722,0.8136749267578125,1126890.0,0.6060605645179749,2187,1
StandardGSGP,b13700c8-0012-11f0-8457-089df4bf3532,dataset_1,0,287,0.5849710702896118,0.786693811416626,1129994.0,0.6040992736816406,2207,1
StandardGSGP,b13700c8-0012-11f0-8457-089df4bf3532,dataset_1,0,288,0.5849710702896118,0.78238844871521,1132418.0,0.6040992736816406,2207,1
StandardGSGP,b13700c8-0012-11f0-8457-089df4bf3532,dataset_1,0,289,0.5849710702896118,0.7531716823577881,1135756.0,0.6040992736816406,2207,1
StandardGSGP,b13700c8-0012-11f0-8457-089df4bf3532,dataset_1,0,290,0.5849710702896118,0.7688219547271729,1137916.0,0.6040992736816406,2207,1
StandardGSGP,b13700c8-0012-11f0-8457-089df4bf3532,dataset_1,0,291,0.5859823822975159,0.7811481952667236,1140574.0,0.6040992736816406,2283,1
StandardGSGP,b13700c8-0012-11f0-8457-089df4bf3532,dataset_1,0,292,0.5863392353057861,0.7688858509063721,1144536.0,0.6060605645179749,2291,1
StandardGSGP,b13700c8-0012-11f0-8457-089df4bf3532,dataset_1,0,293,0.5874663591384888,0.7859969139099121,1147908.0,0.6052060723304749,2297,1
StandardGSGP,b13700c8-0012-11f0-8457-089df4bf3532,dataset_1,0,294,0.5874663591384888,0.8760242462158203,1150628.0,0.6052060723304749,2297,1
StandardGSGP,b13700c8-0012-11f0-8457-089df4bf3532,dataset_1,0,295,0.5884676575660706,0.7857949733734131,1152528.0,0.5984427332878113,2303,1
StandardGSGP,b13700c8-0012-11f0-8457-089df4bf3532,dataset_1,0,296,0.5884676575660706,0.7675375938415527,1155684.0,0.5984427332878113,2303,1
StandardGSGP,b13700c8-0012-11f0-8457-089df4bf3532,dataset_1,0,297,0.5887000560760498,0.7819709777832031,1161228.0,0.5984427332878113,2327,1
StandardGSGP,b13700c8-0012-11f0-8457-089df4bf3532,dataset_1,0,298,0.5887000560760498,0.8171916007995605,1165546.0,0.5984427332878113,2327,1
StandardGSGP,b13700c8-0012-11f0-8457-089df4bf3532,dataset_1,0,299,0.5887000560760498,0.839475154876709,1169240.0,0.5984427332878113,2327,1
StandardGSGP,b13700c8-0012-11f0-8457-089df4bf3532,dataset_1,0,300,0.5887000560760498,0.8024470806121826,1174234.0,0.5984427332878113,2327,1
StandardGSGP,b13700c8-0012-11f0-8457-089df4bf3532,dataset_1,0,301,0.5887000560760498,0.8353166580200195,1177972.0,0.5984427332878113,2327,1
StandardGSGP,b13700c8-0012-11f0-8457-089df4bf3532,dataset_1,0,302,0.5887000560760498,0.7926590442657471,1180498.0,0.5984427332878113,2327,1
StandardGSGP,b13700c8-0012-11f0-8457-089df4bf3532,dataset_1,0,303,0.5887000560760498,0.769615650177002,1183968.0,0.5984427332878113,2327,1
StandardGSGP,b13700c8-0012-11f0-8457-089df4bf3532,dataset_1,0,304,0.5889328122138977,0.799689531326294,1187152.0,0.5984427332878113,2347,1
StandardGSGP,b13700c8-0012-11f0-8457-089df4bf3532,dataset_1,0,305,0.5889328122138977,0.7985129356384277,1191734.0,0.5984427332878113,2347,1
StandardGSGP,b13700c8-0012-11f0-8457-089df4bf3532,dataset_1,0,306,0.5892019271850586,0.7860321998596191,1195268.0,0.6055248379707336,2399,1
StandardGSGP,b13700c8-0012-11f0-8457-089df4bf3532,dataset_1,0,307,0.5892019271850586,0.8925554752349854,1198204.0,0.6055248379707336,2399,1
StandardGSGP,b13700c8-0012-11f0-8457-089df4bf3532,dataset_1,0,308,0.5892019271850586,0.7867715358734131,1201450.0,0.6055248379707336,2399,1
StandardGSGP,b13700c8-0012-11f0-8457-089df4bf3532,dataset_1,0,309,0.5892019271850586,0.80857253074646,1203766.0,0.6055248379707336,2399,1
StandardGSGP,b13700c8-0012-11f0-8457-089df4bf3532,dataset_1,0,310,0.5892019271850586,0.8594932556152344,1205960.0,0.6055248379707336,2399,1
StandardGSGP,b13700c8-0012-11f0-8457-089df4bf3532,dataset_1,0,311,0.5892019271850586,0.7222011089324951,1208662.0,0.6055248379707336,2399,1
StandardGSGP,b13700c8-0012-11f0-8457-089df4bf3532,dataset_1,0,312,0.5896632671356201,0.8004591464996338,1211400.0,0.6055248379707336,2413,1
StandardGSGP,b13700c8-0012-11f0-8457-089df4bf3532,dataset_1,0,313,0.5896632671356201,0.8140130043029785,1214742.0,0.6055248379707336,2413,1
StandardGSGP,b13700c8-0012-11f0-8457-089df4bf3532,dataset_1,0,314,0.5896632671356201,0.7862915992736816,1219160.0,0.6055248379707336,2413,1
StandardGSGP,b13700c8-0012-11f0-8457-089df4bf3532,dataset_1,0,315,0.5896632671356201,0.809258222579956,1223470.0,0.6055248379707336,2413,1
StandardGSGP,b13700c8-0012-11f0-8457-089df4bf3532,dataset_1,0,316,0.5896632671356201,0.7859420776367188,1227846.0,0.6055248379707336,2413,1
StandardGSGP,b13700c8-0012-11f0-8457-089df4bf3532,dataset_1,0,317,0.5900742411613464,0.8070540428161621,1231880.0,0.6046002507209778,2475,1
StandardGSGP,b13700c8-0012-11f0-8457-089df4bf3532,dataset_1,0,318,0.5900742411613464,0.7881758213043213,1235330.0,0.6046002507209778,2475,1
StandardGSGP,b13700c8-0012-11f0-8457-089df4bf3532,dataset_1,0,319,0.5900742411613464,0.7877926826477051,1240136.0,0.6046002507209778,2475,1
StandardGSGP,b13700c8-0012-11f0-8457-089df4bf3532,dataset_1,0,320,0.5900742411613464,0.8145315647125244,1244418.0,0.6046002507209778,2475,1
StandardGSGP,b13700c8-0012-11f0-8457-089df4bf3532,dataset_1,0,321,0.5900742411613464,0.8461565971374512,1248638.0,0.6046002507209778,2475,1
StandardGSGP,b13700c8-0012-11f0-8457-089df4bf3532,dataset_1,0,322,0.5900742411613464,0.7864646911621094,1252598.0,0.6046002507209778,2475,1
StandardGSGP,b13700c8-0012-11f0-8457-089df4bf3532,dataset_1,0,323,0.5906614661216736,0.7743668556213379,1256770.0,0.6061269044876099,2489,1
StandardGSGP,b13700c8-0012-11f0-8457-089df4bf3532,dataset_1,0,324,0.5906776189804077,0.7419655323028564,1260890.0,0.6050604581832886,2495,1
StandardGSGP,b13700c8-0012-11f0-8457-089df4bf3532,dataset_1,0,325,0.5906776189804077,0.7397892475128174,1264556.0,0.6050604581832886,2495,1
StandardGSGP,b13700c8-0012-11f0-8457-089df4bf3532,dataset_1,0,326,0.5906776189804077,0.8160476684570312,1268402.0,0.6050604581832886,2495,1
StandardGSGP,b13700c8-0012-11f0-8457-089df4bf3532,dataset_1,0,327,0.5915714502334595,0.8025717735290527,1272266.0,0.6061946749687195,2503,1
StandardGSGP,b13700c8-0012-11f0-8457-089df4bf3532,dataset_1,0,328,0.5916600823402405,0.814967155456543,1275478.0,0.6055248379707336,2513,1
StandardGSGP,b13700c8-0012-11f0-8457-089df4bf3532,dataset_1,0,329,0.5916600823402405,0.7845537662506104,1279158.0,0.6055248379707336,2513,1
StandardGSGP,b13700c8-0012-11f0-8457-089df4bf3532,dataset_1,0,330,0.5916600823402405,0.7383549213409424,1283008.0,0.6055248379707336,2513,1
StandardGSGP,b13700c8-0012-11f0-8457-089df4bf3532,dataset_1,0,331,0.5916600823402405,0.7370100021362305,1287062.0,0.6055248379707336,2513,1
StandardGSGP,b13700c8-0012-11f0-8457-089df4bf3532,dataset_1,0,332,0.5916600823402405,0.7868649959564209,1290532.0,0.6055248379707336,2513,1
StandardGSGP,b13700c8-0012-11f0-8457-089df4bf3532,dataset_1,0,333,0.5916600823402405,0.7704629898071289,1294168.0,0.6055248379707336,2513,1
StandardGSGP,b13700c8-0012-11f0-8457-089df4bf3532,dataset_1,0,334,0.5916600823402405,0.8425843715667725,1297918.0,0.6055248379707336,2513,1
StandardGSGP,b13700c8-0012-11f0-8457-089df4bf3532,dataset_1,0,335,0.5916600823402405,0.8016455173492432,1300618.0,0.6055248379707336,2513,1
StandardGSGP,b13700c8-0012-11f0-8457-089df4bf3532,dataset_1,0,336,0.592621386051178,0.8126704692840576,1304160.0,0.6059275269508362,2543,1
StandardGSGP,b13700c8-0012-11f0-8457-089df4bf3532,dataset_1,0,337,0.592621386051178,0.7754697799682617,1306430.0,0.6059275269508362,2543,1
StandardGSGP,b13700c8-0012-11f0-8457-089df4bf3532,dataset_1,0,338,0.592621386051178,0.7833428382873535,1308576.0,0.6059275269508362,2543,1
StandardGSGP,b13700c8-0012-11f0-8457-089df4bf3532,dataset_1,0,339,0.592621386051178,0.8307476043701172,1311522.0,0.6059275269508362,2543,1
StandardGSGP,b13700c8-0012-11f0-8457-089df4bf3532,dataset_1,0,340,0.5934323668479919,0.7986266613006592,1312846.0,0.6070640087127686,2571,1
StandardGSGP,b13700c8-0012-11f0-8457-089df4bf3532,dataset_1,0,341,0.5934323668479919,0.7852423191070557,1314626.0,0.6070640087127686,2571,1
StandardGSGP,b13700c8-0012-11f0-8457-089df4bf3532,dataset_1,0,342,0.5934323668479919,0.8298897743225098,1317048.0,0.6070640087127686,2571,1
StandardGSGP,b13700c8-0012-11f0-8457-089df4bf3532,dataset_1,0,343,0.5934323668479919,0.7865123748779297,1320428.0,0.6070640087127686,2571,1
StandardGSGP,b13700c8-0012-11f0-8457-089df4bf3532,dataset_1,0,344,0.5934323668479919,0.8346550464630127,1323848.0,0.6070640087127686,2571,1
StandardGSGP,b13700c8-0012-11f0-8457-089df4bf3532,dataset_1,0,345,0.5934323668479919,0.7889342308044434,1325698.0,0.6070640087127686,2571,1
StandardGSGP,b13700c8-0012-11f0-8457-089df4bf3532,dataset_1,0,346,0.5934323668479919,0.7711691856384277,1327816.0,0.6070640087127686,2571,1
StandardGSGP,b13700c8-0012-11f0-8457-089df4bf3532,dataset_1,0,347,0.5934323668479919,0.8008573055267334,1331454.0,0.6070640087127686,2571,1
StandardGSGP,b13700c8-0012-11f0-8457-089df4bf3532,dataset_1,0,348,0.5934323668479919,0.8758680820465088,1334542.0,0.6070640087127686,2571,1
StandardGSGP,b13700c8-0012-11f0-8457-089df4bf3532,dataset_1,0,349,0.5934323668479919,0.7858736515045166,1338020.0,0.6070640087127686,2571,1
StandardGSGP,b13700c8-0012-11f0-8457-089df4bf3532,dataset_1,0,350,0.5934323668479919,0.8140285015106201,1341144.0,0.6070640087127686,2571,1
StandardGSGP,b13700c8-0012-11f0-8457-089df4bf3532,dataset_1,0,351,0.5934323668479919,0.8332610130310059,1343746.0,0.6070640087127686,2571,1
StandardGSGP,b13700c8-0012-11f0-8457-089df4bf3532,dataset_1,0,352,0.5934323668479919,0.8178253173828125,1347550.0,0.6070640087127686,2571,1
StandardGSGP,b13700c8-0012-11f0-8457-089df4bf3532,dataset_1,0,353,0.5934323668479919,0.7920022010803223,1350900.0,0.6070640087127686,2571,1
StandardGSGP,b13700c8-0012-11f0-8457-089df4bf3532,dataset_1,0,354,0.5934323668479919,0.8033657073974609,1354688.0,0.6070640087127686,2571,1
StandardGSGP,b13700c8-0012-11f0-8457-089df4bf3532,dataset_1,0,355,0.5934323668479919,0.8222110271453857,1357524.0,0.6070640087127686,2571,1
StandardGSGP,b13700c8-0012-11f0-8457-089df4bf3532,dataset_1,0,356,0.5934323668479919,0.7815346717834473,1359794.0,0.6070640087127686,2571,1
StandardGSGP,b13700c8-0012-11f0-8457-089df4bf3532,dataset_1,0,357,0.5934323668479919,0.8060154914855957,1363450.0,0.6070640087127686,2571,1
StandardGSGP,b13700c8-0012-11f0-8457-089df4bf3532,dataset_1,0,358,0.5934323668479919,0.8299717903137207,1368648.0,0.6070640087127686,2571,1
StandardGSGP,b13700c8-0012-11f0-8457-089df4bf3532,dataset_1,0,359,0.5934323668479919,0.786982536315918,1373066.0,0.6070640087127686,2571,1
StandardGSGP,b13700c8-0012-11f0-8457-089df4bf3532,dataset_1,0,360,0.5934323668479919,0.815406084060669,1377726.0,0.6070640087127686,2571,1
StandardGSGP,b13700c8-0012-11f0-8457-089df4bf3532,dataset_1,0,361,0.5934323668479919,0.8463294506072998,1380456.0,0.6070640087127686,2571,1
StandardGSGP,b13700c8-0012-11f0-8457-089df4bf3532,dataset_1,0,362,0.5934323668479919,0.7859416007995605,1381602.0,0.6070640087127686,2571,1
StandardGSGP,b13700c8-0012-11f0-8457-089df4bf3532,dataset_1,0,363,0.5934323668479919,0.784759521484375,1384902.0,0.6070640087127686,2571,1
StandardGSGP,b13700c8-0012-11f0-8457-089df4bf3532,dataset_1,0,364,0.5934323668479919,0.8001129627227783,1388530.0,0.6070640087127686,2571,1
StandardGSGP,b13700c8-0012-11f0-8457-089df4bf3532,dataset_1,0,365,0.5934323668479919,0.8969519138336182,1394148.0,0.6070640087127686,2571,1
StandardGSGP,b13700c8-0012-11f0-8457-089df4bf3532,dataset_1,0,366,0.5934323668479919,0.7706906795501709,1395676.0,0.6070640087127686,2571,1
StandardGSGP,b13700c8-0012-11f0-8457-089df4bf3532,dataset_1,0,367,0.5934323668479919,0.7806789875030518,1397616.0,0.6070640087127686,2571,1
StandardGSGP,b13700c8-0012-11f0-8457-089df4bf3532,dataset_1,0,368,0.5934323668479919,0.8637373447418213,1400798.0,0.6070640087127686,2571,1
StandardGSGP,b13700c8-0012-11f0-8457-089df4bf3532,dataset_1,0,369,0.5934323668479919,0.8156027793884277,1404772.0,0.6070640087127686,2571,1
StandardGSGP,b13700c8-0012-11f0-8457-089df4bf3532,dataset_1,0,370,0.5934323668479919,0.785768985748291,1409680.0,0.6070640087127686,2571,1
StandardGSGP,b13700c8-0012-11f0-8457-089df4bf3532,dataset_1,0,371,0.5934323668479919,0.861138105392456,1408136.0,0.6070640087127686,2571,1
StandardGSGP,b13700c8-0012-11f0-8457-089df4bf3532,dataset_1,0,372,0.5934323668479919,0.7697124481201172,1413144.0,0.6070640087127686,2571,1
StandardGSGP,b13700c8-0012-11f0-8457-089df4bf3532,dataset_1,0,373,0.5934323668479919,0.7705447673797607,1417424.0,0.6070640087127686,2571,1
StandardGSGP,b13700c8-0012-11f0-8457-089df4bf3532,dataset_1,0,374,0.59375,0.8289365768432617,1418304.0,0.6063946485519409,2589,1
StandardGSGP,b13700c8-0012-11f0-8457-089df4bf3532,dataset_1,0,375,0.5937984585762024,0.8601565361022949,1415316.0,0.6074561476707458,2725,1
StandardGSGP,b13700c8-0012-11f0-8457-089df4bf3532,dataset_1,0,376,0.5949119329452515,0.8244481086730957,1415976.0,0.6050604581832886,2585,1
StandardGSGP,b13700c8-0012-11f0-8457-089df4bf3532,dataset_1,0,377,0.5949119329452515,0.7686870098114014,1417698.0,0.6050604581832886,2585,1
StandardGSGP,b13700c8-0012-11f0-8457-089df4bf3532,dataset_1,0,378,0.5949119329452515,0.7774658203125,1417798.0,0.6050604581832886,2585,1
StandardGSGP,b13700c8-0012-11f0-8457-089df4bf3532,dataset_1,0,379,0.5949119329452515,0.8407268524169922,1420076.0,0.6050604581832886,2585,1
StandardGSGP,b13700c8-0012-11f0-8457-089df4bf3532,dataset_1,0,380,0.5949119329452515,0.7858843803405762,1418102.0,0.6050604581832886,2585,1
StandardGSGP,b13700c8-0012-11f0-8457-089df4bf3532,dataset_1,0,381,0.5949119329452515,0.7708590030670166,1413866.0,0.6050604581832886,2585,1
StandardGSGP,b13700c8-0012-11f0-8457-089df4bf3532,dataset_1,0,382,0.5949119329452515,0.8139429092407227,1420270.0,0.6050604581832886,2585,1
StandardGSGP,b13700c8-0012-11f0-8457-089df4bf3532,dataset_1,0,383,0.5949119329452515,0.7551136016845703,1424194.0,0.6050604581832886,2585,1
StandardGSGP,b13700c8-0012-11f0-8457-089df4bf3532,dataset_1,0,384,0.5949119329452515,0.8070619106292725,1423976.0,0.6050604581832886,2585,1
StandardGSGP,b13700c8-0012-11f0-8457-089df4bf3532,dataset_1,0,385,0.5949119329452515,0.8028907775878906,1430344.0,0.6050604581832886,2585,1
StandardGSGP,b13700c8-0012-11f0-8457-089df4bf3532,dataset_1,0,386,0.5949119329452515,0.7545804977416992,1439398.0,0.6050604581832886,2585,1
StandardGSGP,b13700c8-0012-11f0-8457-089df4bf3532,dataset_1,0,387,0.5949119329452515,0.8411331176757812,1440802.0,0.6050604581832886,2585,1
StandardGSGP,b13700c8-0012-11f0-8457-089df4bf3532,dataset_1,0,388,0.5949119329452515,0.7839248180389404,1445686.0,0.6050604581832886,2585,1
StandardGSGP,b13700c8-0012-11f0-8457-089df4bf3532,dataset_1,0,389,0.5949119329452515,0.8485453128814697,1446598.0,0.6050604581832886,2585,1
StandardGSGP,b13700c8-0012-11f0-8457-089df4bf3532,dataset_1,0,390,0.5949119329452515,0.7675755023956299,1448620.0,0.6050604581832886,2585,1
StandardGSGP,b13700c8-0012-11f0-8457-089df4bf3532,dataset_1,0,391,0.5949119329452515,0.8018603324890137,1452858.0,0.6050604581832886,2585,1
StandardGSGP,b13700c8-0012-11f0-8457-089df4bf3532,dataset_1,0,392,0.5949119329452515,0.907280683517456,1456384.0,0.6050604581832886,2585,1
StandardGSGP,b13700c8-0012-11f0-8457-089df4bf3532,dataset_1,0,393,0.5949119329452515,0.9888975620269775,1459838.0,0.6050604581832886,2585,1
StandardGSGP,b13700c8-0012-11f0-8457-089df4bf3532,dataset_1,0,394,0.5949119329452515,0.8806731700897217,1463778.0,0.6050604581832886,2585,1
StandardGSGP,b13700c8-0012-11f0-8457-089df4bf3532,dataset_1,0,395,0.5949119329452515,0.9216659069061279,1472044.0,0.6050604581832886,2585,1
StandardGSGP,b13700c8-0012-11f0-8457-089df4bf3532,dataset_1,0,396,0.5949119329452515,0.8007845878601074,1472856.0,0.6050604581832886,2585,1
StandardGSGP,b13700c8-0012-11f0-8457-089df4bf3532,dataset_1,0,397,0.5949119329452515,0.8493843078613281,1473782.0,0.6050604581832886,2585,1
StandardGSGP,b13700c8-0012-11f0-8457-089df4bf3532,dataset_1,0,398,0.59586101770401,0.7902634143829346,1482770.0,0.6050604581832886,2913,1
StandardGSGP,b13700c8-0012-11f0-8457-089df4bf3532,dataset_1,0,399,0.59586101770401,0.7857420444488525,1490720.0,0.6050604581832886,2913,1
StandardGSGP,b13700c8-0012-11f0-8457-089df4bf3532,dataset_1,0,400,0.59586101770401,0.7839858531951904,1491894.0,0.6050604581832886,2913,1
StandardGSGP,b13700c8-0012-11f0-8457-089df4bf3532,dataset_1,0,401,0.59586101770401,0.7548007965087891,1495396.0,0.6050604581832886,2913,1
StandardGSGP,b13700c8-0012-11f0-8457-089df4bf3532,dataset_1,0,402,0.59586101770401,0.9207658767700195,1498044.0,0.6050604581832886,2913,1
StandardGSGP,b13700c8-0012-11f0-8457-089df4bf3532,dataset_1,0,403,0.5960937738418579,0.8301162719726562,1494966.0,0.6050604581832886,2923,1
StandardGSGP,b13700c8-0012-11f0-8457-089df4bf3532,dataset_1,0,404,0.5960937738418579,0.7857279777526855,1493986.0,0.6050604581832886,2923,1
StandardGSGP,b13700c8-0012-11f0-8457-089df4bf3532,dataset_1,0,405,0.5960937738418579,0.8604235649108887,1496616.0,0.6050604581832886,2923,1
StandardGSGP,b13700c8-0012-11f0-8457-089df4bf3532,dataset_1,0,406,0.5960937738418579,0.8955752849578857,1501974.0,0.6050604581832886,2923,1
StandardGSGP,b13700c8-0012-11f0-8457-089df4bf3532,dataset_1,0,407,0.5960937738418579,0.7885751724243164,1506266.0,0.6050604581832886,2923,1
StandardGSGP,b13700c8-0012-11f0-8457-089df4bf3532,dataset_1,0,408,0.5960937738418579,0.8579025268554688,1504506.0,0.6050604581832886,2923,1
StandardGSGP,b13700c8-0012-11f0-8457-089df4bf3532,dataset_1,0,409,0.5960937738418579,0.8629515171051025,1512250.0,0.6050604581832886,2923,1
StandardGSGP,b13700c8-0012-11f0-8457-089df4bf3532,dataset_1,0,410,0.5960937738418579,0.8856444358825684,1518024.0,0.6050604581832886,2923,1
StandardGSGP,b13700c8-0012-11f0-8457-089df4bf3532,dataset_1,0,411,0.5960937738418579,0.8025648593902588,1515920.0,0.6050604581832886,2923,1
StandardGSGP,b13700c8-0012-11f0-8457-089df4bf3532,dataset_1,0,412,0.5960937738418579,0.7963669300079346,1515026.0,0.6050604581832886,2923,1
StandardGSGP,b13700c8-0012-11f0-8457-089df4bf3532,dataset_1,0,413,0.5960937738418579,0.8999159336090088,1517374.0,0.6050604581832886,2923,1
StandardGSGP,b13700c8-0012-11f0-8457-089df4bf3532,dataset_1,0,414,0.5966419577598572,0.8014311790466309,1519970.0,0.6050604581832886,2937,1
StandardGSGP,b13700c8-0012-11f0-8457-089df4bf3532,dataset_1,0,415,0.5966419577598572,1.2513766288757324,1519962.0,0.6050604581832886,2937,1
StandardGSGP,b13700c8-0012-11f0-8457-089df4bf3532,dataset_1,0,416,0.5966419577598572,1.1474313735961914,1524572.0,0.6050604581832886,2937,1
StandardGSGP,b13700c8-0012-11f0-8457-089df4bf3532,dataset_1,0,417,0.5966419577598572,0.9856014251708984,1521094.0,0.6050604581832886,2937,1
StandardGSGP,b13700c8-0012-11f0-8457-089df4bf3532,dataset_1,0,418,0.5966419577598572,0.829993486404419,1520830.0,0.6050604581832886,2937,1
StandardGSGP,b13700c8-0012-11f0-8457-089df4bf3532,dataset_1,0,419,0.5966419577598572,0.8438310623168945,1516044.0,0.6050604581832886,2937,1
StandardGSGP,b13700c8-0012-11f0-8457-089df4bf3532,dataset_1,0,420,0.5966419577598572,0.6789982318878174,1522340.0,0.6050604581832886,2937,1
StandardGSGP,b13700c8-0012-11f0-8457-089df4bf3532,dataset_1,0,421,0.5966419577598572,0.6510157585144043,1522790.0,0.6050604581832886,2937,1
StandardGSGP,b13700c8-0012-11f0-8457-089df4bf3532,dataset_1,0,422,0.5966419577598572,0.6169121265411377,1522928.0,0.6050604581832886,2937,1
StandardGSGP,b13700c8-0012-11f0-8457-089df4bf3532,dataset_1,0,423,0.5966419577598572,0.6941754817962646,1526754.0,0.6050604581832886,2937,1
StandardGSGP,b13700c8-0012-11f0-8457-089df4bf3532,dataset_1,0,424,0.5966419577598572,0.6433770656585693,1531664.0,0.6050604581832886,2937,1
StandardGSGP,b13700c8-0012-11f0-8457-089df4bf3532,dataset_1,0,425,0.5966419577598572,0.64569091796875,1533950.0,0.6050604581832886,2937,1
StandardGSGP,b13700c8-0012-11f0-8457-089df4bf3532,dataset_1,0,426,0.5966419577598572,0.7748193740844727,1538564.0,0.6050604581832886,2937,1
StandardGSGP,b13700c8-0012-11f0-8457-089df4bf3532,dataset_1,0,427,0.5966419577598572,0.6557810306549072,1540024.0,0.6050604581832886,2937,1
StandardGSGP,b13700c8-0012-11f0-8457-089df4bf3532,dataset_1,0,428,0.5966419577598572,0.7002947330474854,1542676.0,0.6050604581832886,2937,1
StandardGSGP,b13700c8-0012-11f0-8457-089df4bf3532,dataset_1,0,429,0.5966419577598572,0.7133529186248779,1545842.0,0.6050604581832886,2937,1
StandardGSGP,b13700c8-0012-11f0-8457-089df4bf3532,dataset_1,0,430,0.5966419577598572,0.7959542274475098,1550238.0,0.6050604581832886,2937,1
StandardGSGP,b13700c8-0012-11f0-8457-089df4bf3532,dataset_1,0,431,0.5966419577598572,0.7000963687896729,1551966.0,0.6050604581832886,2937,1
StandardGSGP,b13700c8-0012-11f0-8457-089df4bf3532,dataset_1,0,432,0.5966419577598572,0.8179011344909668,1553558.0,0.6050604581832886,2937,1
StandardGSGP,b13700c8-0012-11f0-8457-089df4bf3532,dataset_1,0,433,0.5966419577598572,0.7483339309692383,1554836.0,0.6050604581832886,2937,1
StandardGSGP,b13700c8-0012-11f0-8457-089df4bf3532,dataset_1,0,434,0.5966419577598572,0.6598961353302002,1552630.0,0.6050604581832886,2937,1
StandardGSGP,b13700c8-0012-11f0-8457-089df4bf3532,dataset_1,0,435,0.5966419577598572,0.732140302658081,1554216.0,0.6050604581832886,2937,1
StandardGSGP,b13700c8-0012-11f0-8457-089df4bf3532,dataset_1,0,436,0.5966419577598572,0.815899133682251,1557686.0,0.6050604581832886,2937,1
StandardGSGP,b13700c8-0012-11f0-8457-089df4bf3532,dataset_1,0,437,0.5966419577598572,0.685776948928833,1563050.0,0.6050604581832886,2937,1
StandardGSGP,b13700c8-0012-11f0-8457-089df4bf3532,dataset_1,0,438,0.5966419577598572,0.7990648746490479,1565394.0,0.6050604581832886,2937,1
StandardGSGP,b13700c8-0012-11f0-8457-089df4bf3532,dataset_1,0,439,0.5966419577598572,0.6703372001647949,1568868.0,0.6050604581832886,2937,1
StandardGSGP,b13700c8-0012-11f0-8457-089df4bf3532,dataset_1,0,440,0.5966419577598572,0.6627340316772461,1577448.0,0.6050604581832886,2937,1
StandardGSGP,b13700c8-0012-11f0-8457-089df4bf3532,dataset_1,0,441,0.5966419577598572,0.8076519966125488,1577062.0,0.6050604581832886,2937,1
StandardGSGP,b13700c8-0012-11f0-8457-089df4bf3532,dataset_1,0,442,0.5966419577598572,0.7158279418945312,1578154.0,0.6050604581832886,2937,1
StandardGSGP,b13700c8-0012-11f0-8457-089df4bf3532,dataset_1,0,443,0.5966419577598572,0.7353439331054688,1582328.0,0.6050604581832886,2937,1
StandardGSGP,b13700c8-0012-11f0-8457-089df4bf3532,dataset_1,0,444,0.5966419577598572,0.7943601608276367,1586916.0,0.6050604581832886,2937,1
StandardGSGP,b13700c8-0012-11f0-8457-089df4bf3532,dataset_1,0,445,0.5966419577598572,0.7365806102752686,1588122.0,0.6050604581832886,2937,1
StandardGSGP,b13700c8-0012-11f0-8457-089df4bf3532,dataset_1,0,446,0.5966419577598572,0.7527315616607666,1586720.0,0.6050604581832886,2937,1
StandardGSGP,b13700c8-0012-11f0-8457-089df4bf3532,dataset_1,0,447,0.5966419577598572,0.7863216400146484,1588642.0,0.6050604581832886,2937,1
StandardGSGP,b13700c8-0012-11f0-8457-089df4bf3532,dataset_1,0,448,0.5966419577598572,0.7374680042266846,1591934.0,0.6050604581832886,2937,1
StandardGSGP,b13700c8-0012-11f0-8457-089df4bf3532,dataset_1,0,449,0.5966419577598572,0.6950507164001465,1596650.0,0.6050604581832886,2937,1
StandardGSGP,b13700c8-0012-11f0-8457-089df4bf3532,dataset_1,0,450,0.5966419577598572,0.6418452262878418,1597896.0,0.6050604581832886,2937,1
StandardGSGP,b13700c8-0012-11f0-8457-089df4bf3532,dataset_1,0,451,0.5966419577598572,0.6973626613616943,1600568.0,0.6050604581832886,2937,1
StandardGSGP,b13700c8-0012-11f0-8457-089df4bf3532,dataset_1,0,452,0.5966419577598572,0.7196271419525146,1601252.0,0.6050604581832886,2937,1
StandardGSGP,b13700c8-0012-11f0-8457-089df4bf3532,dataset_1,0,453,0.5966419577598572,0.7487730979919434,1604400.0,0.6050604581832886,2937,1
StandardGSGP,b13700c8-0012-11f0-8457-089df4bf3532,dataset_1,0,454,0.5966419577598572,0.6841917037963867,1606476.0,0.6050604581832886,2937,1
StandardGSGP,b13700c8-0012-11f0-8457-089df4bf3532,dataset_1,0,455,0.5966419577598572,0.7157235145568848,1605646.0,0.6050604581832886,2937,1
StandardGSGP,b13700c8-0012-11f0-8457-089df4bf3532,dataset_1,0,456,0.5966419577598572,0.749387264251709,1604268.0,0.6050604581832886,2937,1
StandardGSGP,b13700c8-0012-11f0-8457-089df4bf3532,dataset_1,0,457,0.5966419577598572,0.7678718566894531,1602264.0,0.6050604581832886,2937,1
StandardGSGP,b13700c8-0012-11f0-8457-089df4bf3532,dataset_1,0,458,0.5966419577598572,0.6657509803771973,1605640.0,0.6050604581832886,2937,1
StandardGSGP,b13700c8-0012-11f0-8457-089df4bf3532,dataset_1,0,459,0.5966419577598572,0.7103772163391113,1601128.0,0.6050604581832886,2937,1
StandardGSGP,b13700c8-0012-11f0-8457-089df4bf3532,dataset_1,0,460,0.5966419577598572,0.7232546806335449,1604304.0,0.6050604581832886,2937,1
StandardGSGP,b13700c8-0012-11f0-8457-089df4bf3532,dataset_1,0,461,0.5966419577598572,0.7576773166656494,1602846.0,0.6050604581832886,2937,1
StandardGSGP,b13700c8-0012-11f0-8457-089df4bf3532,dataset_1,0,462,0.5966419577598572,0.8086671829223633,1603958.0,0.6050604581832886,2937,1
StandardGSGP,b13700c8-0012-11f0-8457-089df4bf3532,dataset_1,0,463,0.5966419577598572,0.7335011959075928,1606320.0,0.6050604581832886,2937,1
StandardGSGP,b13700c8-0012-11f0-8457-089df4bf3532,dataset_1,0,464,0.5966419577598572,0.7065114974975586,1605512.0,0.6050604581832886,2937,1
StandardGSGP,b13700c8-0012-11f0-8457-089df4bf3532,dataset_1,0,465,0.5966419577598572,0.7714424133300781,1605994.0,0.6050604581832886,2937,1
StandardGSGP,b13700c8-0012-11f0-8457-089df4bf3532,dataset_1,0,466,0.5966419577598572,0.7726621627807617,1607568.0,0.6050604581832886,2937,1
StandardGSGP,b13700c8-0012-11f0-8457-089df4bf3532,dataset_1,0,467,0.5966419577598572,0.7307112216949463,1608230.0,0.6050604581832886,2937,1
StandardGSGP,b13700c8-0012-11f0-8457-089df4bf3532,dataset_1,0,468,0.5966419577598572,0.7291107177734375,1605106.0,0.6050604581832886,2937,1
StandardGSGP,b13700c8-0012-11f0-8457-089df4bf3532,dataset_1,0,469,0.5966419577598572,0.7322616577148438,1605376.0,0.6050604581832886,2937,1
StandardGSGP,b13700c8-0012-11f0-8457-089df4bf3532,dataset_1,0,470,0.5966419577598572,0.7521944046020508,1605894.0,0.6050604581832886,2937,1
StandardGSGP,b13700c8-0012-11f0-8457-089df4bf3532,dataset_1,0,471,0.5966419577598572,0.8438291549682617,1607562.0,0.6050604581832886,2937,1
StandardGSGP,b13700c8-0012-11f0-8457-089df4bf3532,dataset_1,0,472,0.5966419577598572,0.7116754055023193,1612856.0,0.6050604581832886,2937,1
StandardGSGP,b13700c8-0012-11f0-8457-089df4bf3532,dataset_1,0,473,0.5966419577598572,0.7414896488189697,1620086.0,0.6050604581832886,2937,1
StandardGSGP,b13700c8-0012-11f0-8457-089df4bf3532,dataset_1,0,474,0.5966419577598572,0.723827600479126,1615648.0,0.6050604581832886,2937,1
StandardGSGP,b13700c8-0012-11f0-8457-089df4bf3532,dataset_1,0,475,0.5966419577598572,0.7670559883117676,1610276.0,0.6050604581832886,2937,1
StandardGSGP,b13700c8-0012-11f0-8457-089df4bf3532,dataset_1,0,476,0.5966419577598572,0.8134970664978027,1616644.0,0.6050604581832886,2937,1
StandardGSGP,b13700c8-0012-11f0-8457-089df4bf3532,dataset_1,0,477,0.5966419577598572,0.7745442390441895,1616436.0,0.6050604581832886,2937,1
StandardGSGP,b13700c8-0012-11f0-8457-089df4bf3532,dataset_1,0,478,0.5966419577598572,0.7738552093505859,1619766.0,0.6050604581832886,2937,1
StandardGSGP,b13700c8-0012-11f0-8457-089df4bf3532,dataset_1,0,479,0.5966419577598572,1.0082595348358154,1621130.0,0.6050604581832886,2937,1
StandardGSGP,b13700c8-0012-11f0-8457-089df4bf3532,dataset_1,0,480,0.5966419577598572,0.9198222160339355,1627246.0,0.6050604581832886,2937,1
StandardGSGP,b13700c8-0012-11f0-8457-089df4bf3532,dataset_1,0,481,0.5966419577598572,0.9494979381561279,1628738.0,0.6050604581832886,2937,1
StandardGSGP,b13700c8-0012-11f0-8457-089df4bf3532,dataset_1,0,482,0.5966419577598572,0.9313492774963379,1634618.0,0.6050604581832886,2937,1
StandardGSGP,b13700c8-0012-11f0-8457-089df4bf3532,dataset_1,0,483,0.5966419577598572,0.9349675178527832,1637924.0,0.6050604581832886,2937,1
StandardGSGP,b13700c8-0012-11f0-8457-089df4bf3532,dataset_1,0,484,0.5966419577598572,1.0354015827178955,1640520.0,0.6050604581832886,2937,1
StandardGSGP,b13700c8-0012-11f0-8457-089df4bf3532,dataset_1,0,485,0.5966419577598572,0.8109126091003418,1643248.0,0.6050604581832886,2937,1
StandardGSGP,b13700c8-0012-11f0-8457-089df4bf3532,dataset_1,0,486,0.5966419577598572,0.7552444934844971,1652938.0,0.6050604581832886,2937,1
StandardGSGP,b13700c8-0012-11f0-8457-089df4bf3532,dataset_1,0,487,0.5966419577598572,0.7421040534973145,1655872.0,0.6050604581832886,2937,1
StandardGSGP,b13700c8-0012-11f0-8457-089df4bf3532,dataset_1,0,488,0.5966419577598572,0.7481834888458252,1657784.0,0.6050604581832886,2937,1
StandardGSGP,b13700c8-0012-11f0-8457-089df4bf3532,dataset_1,0,489,0.5966419577598572,0.7642221450805664,1657644.0,0.6050604581832886,2937,1
StandardGSGP,b13700c8-0012-11f0-8457-089df4bf3532,dataset_1,0,490,0.5966419577598572,0.8045706748962402,1657680.0,0.6050604581832886,2937,1
StandardGSGP,b13700c8-0012-11f0-8457-089df4bf3532,dataset_1,0,491,0.5966419577598572,0.8924071788787842,1657006.0,0.6050604581832886,2937,1
StandardGSGP,b13700c8-0012-11f0-8457-089df4bf3532,dataset_1,0,492,0.5966419577598572,0.9563214778900146,1657936.0,0.6050604581832886,2937,1
StandardGSGP,b13700c8-0012-11f0-8457-089df4bf3532,dataset_1,0,493,0.5966419577598572,0.7864234447479248,1651972.0,0.6050604581832886,2937,1
StandardGSGP,b13700c8-0012-11f0-8457-089df4bf3532,dataset_1,0,494,0.5966419577598572,0.7031593322753906,1653344.0,0.6050604581832886,2937,1
StandardGSGP,b13700c8-0012-11f0-8457-089df4bf3532,dataset_1,0,495,0.5966419577598572,0.7852492332458496,1652348.0,0.6050604581832886,2937,1
StandardGSGP,b13700c8-0012-11f0-8457-089df4bf3532,dataset_1,0,496,0.5966419577598572,0.7337031364440918,1652308.0,0.6050604581832886,2937,1
StandardGSGP,b13700c8-0012-11f0-8457-089df4bf3532,dataset_1,0,497,0.5966419577598572,0.7299363613128662,1663832.0,0.6050604581832886,2937,1
StandardGSGP,b13700c8-0012-11f0-8457-089df4bf3532,dataset_1,0,498,0.5966419577598572,0.910233736038208,1668138.0,0.6050604581832886,2937,1
StandardGSGP,b13700c8-0012-11f0-8457-089df4bf3532,dataset_1,0,499,0.5966419577598572,0.8168840408325195,1665584.0,0.6050604581832886,2937,1
StandardGSGP,b13700c8-0012-11f0-8457-089df4bf3532,dataset_1,0,500,0.5975231528282166,0.8075895309448242,1673274.0,0.6030701994895935,3409,1
StandardGSGP,08d4d1c8-0054-11f0-9108-089df4bf3532,dataset_1,0,0,0.4653465747833252,0.8987951278686523,18472.0,0.4783715009689331,127,1
StandardGSGP,08d4d1c8-0054-11f0-9108-089df4bf3532,dataset_1,0,1,0.4686940908432007,0.9165563583374023,22164.0,0.4805031418800354,71,1
StandardGSGP,e37f0542-007d-11f0-b3b8-089df4bf3532,dataset_1,0,0,0.5467127561569214,0.5616695880889893,18890.0,0.4146341383457184,127,1
StandardGSGP,e37f0542-007d-11f0-b3b8-089df4bf3532,dataset_1,0,1,0.559999942779541,0.28173089027404785,21350.0,0.37974685430526733,11,1
StandardGSGP,e37f0542-007d-11f0-b3b8-089df4bf3532,dataset_1,0,2,0.559999942779541,0.2803232669830322,27878.0,0.37974685430526733,11,1
StandardGSGP,e37f0542-007d-11f0-b3b8-089df4bf3532,dataset_1,0,3,0.559999942779541,0.2505354881286621,37442.0,0.37974685430526733,11,1
StandardGSGP,e37f0542-007d-11f0-b3b8-089df4bf3532,dataset_1,0,4,0.559999942779541,0.28298091888427734,49226.0,0.37974685430526733,11,1
StandardGSGP,e37f0542-007d-11f0-b3b8-089df4bf3532,dataset_1,0,5,0.559999942779541,0.2913320064544678,56680.0,0.37974685430526733,11,1
StandardGSGP,e37f0542-007d-11f0-b3b8-089df4bf3532,dataset_1,0,6,0.5602837204933167,0.29973363876342773,62816.0,0.4197531044483185,59,1
StandardGSGP,e37f0542-007d-11f0-b3b8-089df4bf3532,dataset_1,0,7,0.5614034533500671,0.2656097412109375,67178.0,0.4146341383457184,99,1
StandardGSGP,e37f0542-007d-11f0-b3b8-089df4bf3532,dataset_1,0,8,0.5614034533500671,0.2683260440826416,65718.0,0.4146341383457184,99,1
StandardGSGP,e37f0542-007d-11f0-b3b8-089df4bf3532,dataset_1,0,9,0.5614034533500671,0.4107496738433838,62508.0,0.4146341383457184,99,1
StandardGSGP,e37f0542-007d-11f0-b3b8-089df4bf3532,dataset_1,0,10,0.565371036529541,0.2895658016204834,62926.0,0.4146341383457184,109,1
StandardGSGP,e37f0542-007d-11f0-b3b8-089df4bf3532,dataset_1,0,11,0.565371036529541,0.2688407897949219,67730.0,0.4146341383457184,109,1
StandardGSGP,e37f0542-007d-11f0-b3b8-089df4bf3532,dataset_1,0,12,0.565371036529541,0.2907123565673828,73164.0,0.4146341383457184,109,1
StandardGSGP,e37f0542-007d-11f0-b3b8-089df4bf3532,dataset_1,0,13,0.565371036529541,0.26757121086120605,78520.0,0.4146341383457184,109,1
StandardGSGP,e37f0542-007d-11f0-b3b8-089df4bf3532,dataset_1,0,14,0.565371036529541,0.28301429748535156,85106.0,0.4146341383457184,109,1
StandardGSGP,e37f0542-007d-11f0-b3b8-089df4bf3532,dataset_1,0,15,0.565371036529541,0.28177356719970703,91816.0,0.4146341383457184,109,1
StandardGSGP,e37f0542-007d-11f0-b3b8-089df4bf3532,dataset_1,0,16,0.565371036529541,0.29591870307922363,99888.0,0.4146341383457184,109,1
StandardGSGP,e37f0542-007d-11f0-b3b8-089df4bf3532,dataset_1,0,17,0.565371036529541,0.2813720703125,108124.0,0.4146341383457184,109,1
StandardGSGP,e37f0542-007d-11f0-b3b8-089df4bf3532,dataset_1,0,18,0.565371036529541,0.25091075897216797,115530.0,0.4146341383457184,109,1
StandardGSGP,e37f0542-007d-11f0-b3b8-089df4bf3532,dataset_1,0,19,0.5663082003593445,0.25940752029418945,122456.0,0.3999999761581421,285,1
StandardGSGP,e37f0542-007d-11f0-b3b8-089df4bf3532,dataset_1,0,20,0.5663082003593445,0.2968754768371582,129944.0,0.3999999761581421,285,1
StandardGSGP,e37f0542-007d-11f0-b3b8-089df4bf3532,dataset_1,0,21,0.5663082003593445,0.2801051139831543,137578.0,0.3999999761581421,285,1
StandardGSGP,e37f0542-007d-11f0-b3b8-089df4bf3532,dataset_1,0,22,0.5663082003593445,0.26891374588012695,145978.0,0.3999999761581421,285,1
StandardGSGP,e37f0542-007d-11f0-b3b8-089df4bf3532,dataset_1,0,23,0.5663082003593445,0.6026430130004883,152234.0,0.3999999761581421,285,1
StandardGSGP,e37f0542-007d-11f0-b3b8-089df4bf3532,dataset_1,0,24,0.5663082003593445,0.31836915016174316,159180.0,0.3999999761581421,285,1
StandardGSGP,e37f0542-007d-11f0-b3b8-089df4bf3532,dataset_1,0,25,0.5663082003593445,0.29416346549987793,165906.0,0.3999999761581421,285,1
StandardGSGP,e37f0542-007d-11f0-b3b8-089df4bf3532,dataset_1,0,26,0.5663082003593445,0.3154902458190918,171228.0,0.3999999761581421,285,1
StandardGSGP,e37f0542-007d-11f0-b3b8-089df4bf3532,dataset_1,0,27,0.5663082003593445,0.2851095199584961,175556.0,0.3999999761581421,285,1
StandardGSGP,e37f0542-007d-11f0-b3b8-089df4bf3532,dataset_1,0,28,0.5663082003593445,0.26450228691101074,181322.0,0.3999999761581421,285,1
StandardGSGP,e37f0542-007d-11f0-b3b8-089df4bf3532,dataset_1,0,29,0.5663082003593445,0.29440999031066895,186018.0,0.3999999761581421,285,1
StandardGSGP,e37f0542-007d-11f0-b3b8-089df4bf3532,dataset_1,0,30,0.5663082003593445,0.2691004276275635,193018.0,0.3999999761581421,285,1
StandardGSGP,e37f0542-007d-11f0-b3b8-089df4bf3532,dataset_1,0,31,0.5663082003593445,0.3017232418060303,198696.0,0.3999999761581421,285,1
StandardGSGP,e37f0542-007d-11f0-b3b8-089df4bf3532,dataset_1,0,32,0.5663082003593445,0.2693169116973877,205150.0,0.3999999761581421,285,1
StandardGSGP,e37f0542-007d-11f0-b3b8-089df4bf3532,dataset_1,0,33,0.5663082003593445,0.2495713233947754,211680.0,0.3999999761581421,285,1
StandardGSGP,e37f0542-007d-11f0-b3b8-089df4bf3532,dataset_1,0,34,0.5663082003593445,0.3802497386932373,216948.0,0.3999999761581421,285,1
