StandardGSGP,ba836ba7-0013-11f0-a8aa-089df4bf3532,dataset_1,0,0,0.478540301322937,0.9723749160766602,18472.0,0.5302056670188904,5,1
StandardGSGP,ba836ba7-0013-11f0-a8aa-089df4bf3532,dataset_1,0,1,0.4644612669944763,0.625159740447998,23304.0,0.4699842631816864,11,1
StandardGSGP,ba836ba7-0013-11f0-a8aa-089df4bf3532,dataset_1,0,2,0.46438002586364746,0.6738924980163574,29948.0,0.49265673756599426,19,1
StandardGSGP,ba836ba7-0013-11f0-a8aa-089df4bf3532,dataset_1,0,3,0.4607837200164795,0.6179013252258301,33714.0,0.4389142394065857,23,1
StandardGSGP,ba836ba7-0013-11f0-a8aa-089df4bf3532,dataset_1,0,4,0.45905888080596924,0.5329272747039795,36316.0,0.4717768430709839,31,1
StandardGSGP,ba836ba7-0013-11f0-a8aa-089df4bf3532,dataset_1,0,5,0.45336711406707764,0.599982738494873,40948.0,0.47848212718963623,47,1
StandardGSGP,ba836ba7-0013-11f0-a8aa-089df4bf3532,dataset_1,0,6,0.44171443581581116,0.5134332180023193,44706.0,0.4418822228908539,51,1
StandardGSGP,ba836ba7-0013-11f0-a8aa-089df4bf3532,dataset_1,0,7,0.44171443581581116,0.5696039199829102,48538.0,0.4418822228908539,51,1
StandardGSGP,ba836ba7-0013-11f0-a8aa-089df4bf3532,dataset_1,0,8,0.43886226415634155,0.5866198539733887,48306.0,0.39137405157089233,65,1
StandardGSGP,ba836ba7-0013-11f0-a8aa-089df4bf3532,dataset_1,0,9,0.4331647753715515,0.5310533046722412,46810.0,0.4242109954357147,77,1
StandardGSGP,ba836ba7-0013-11f0-a8aa-089df4bf3532,dataset_1,0,10,0.4331647753715515,0.5163116455078125,47386.0,0.4242109954357147,77,1
StandardGSGP,ba836ba7-0013-11f0-a8aa-089df4bf3532,dataset_1,0,11,0.4331647753715515,0.5934243202209473,49386.0,0.4242109954357147,77,1
StandardGSGP,ba836ba7-0013-11f0-a8aa-089df4bf3532,dataset_1,0,12,0.43144264817237854,0.5358893871307373,51950.0,0.39405539631843567,93,1
StandardGSGP,ba836ba7-0013-11f0-a8aa-089df4bf3532,dataset_1,0,13,0.42259564995765686,0.5367481708526611,55610.0,0.4555177390575409,111,1
StandardGSGP,ba836ba7-0013-11f0-a8aa-089df4bf3532,dataset_1,0,14,0.4224063754081726,0.5125026702880859,58158.0,0.40160611271858215,111,1
StandardGSGP,ba836ba7-0013-11f0-a8aa-089df4bf3532,dataset_1,0,15,0.4165745973587036,0.5764040946960449,62030.0,0.42661646008491516,143,1
StandardGSGP,ba836ba7-0013-11f0-a8aa-089df4bf3532,dataset_1,0,16,0.4163731336593628,0.5722906589508057,65714.0,0.42478078603744507,149,1
StandardGSGP,ba836ba7-0013-11f0-a8aa-089df4bf3532,dataset_1,0,17,0.41527941823005676,0.6159365177154541,69128.0,0.42278027534484863,159,1
StandardGSGP,ba836ba7-0013-11f0-a8aa-089df4bf3532,dataset_1,0,18,0.4135614037513733,0.5500366687774658,73084.0,0.4262115955352783,165,1
StandardGSGP,ba836ba7-0013-11f0-a8aa-089df4bf3532,dataset_1,0,19,0.40969330072402954,0.5986268520355225,77188.0,0.3934614062309265,161,1
StandardGSGP,ba836ba7-0013-11f0-a8aa-089df4bf3532,dataset_1,0,20,0.4091903567314148,0.5175766944885254,81832.0,0.4023895859718323,169,1
StandardGSGP,ba836ba7-0013-11f0-a8aa-089df4bf3532,dataset_1,0,21,0.4067046046257019,0.5158956050872803,86874.0,0.3939288854598999,187,1
StandardGSGP,ba836ba7-0013-11f0-a8aa-089df4bf3532,dataset_1,0,22,0.4067046046257019,0.5178639888763428,92186.0,0.3939288854598999,187,1
StandardGSGP,ba836ba7-0013-11f0-a8aa-089df4bf3532,dataset_1,0,23,0.40553030371665955,0.5939514636993408,97616.0,0.3978986144065857,199,1
StandardGSGP,ba836ba7-0013-11f0-a8aa-089df4bf3532,dataset_1,0,24,0.40251949429512024,0.5287582874298096,102194.0,0.43177521228790283,223,1
StandardGSGP,ba836ba7-0013-11f0-a8aa-089df4bf3532,dataset_1,0,25,0.401513010263443,0.5239653587341309,106898.0,0.4250969886779785,231,1
StandardGSGP,ba836ba7-0013-11f0-a8aa-089df4bf3532,dataset_1,0,26,0.39497479796409607,0.549973726272583,111604.0,0.3962908685207367,235,1
StandardGSGP,ba836ba7-0013-11f0-a8aa-089df4bf3532,dataset_1,0,27,0.39497479796409607,0.5640401840209961,115604.0,0.3962908685207367,235,1
StandardGSGP,ba836ba7-0013-11f0-a8aa-089df4bf3532,dataset_1,0,28,0.39277616143226624,0.5332999229431152,119392.0,0.38074198365211487,265,1
StandardGSGP,ba836ba7-0013-11f0-a8aa-089df4bf3532,dataset_1,0,29,0.39277616143226624,0.5052721500396729,122686.0,0.38074198365211487,265,1
StandardGSGP,ba836ba7-0013-11f0-a8aa-089df4bf3532,dataset_1,0,30,0.3924981951713562,0.5423736572265625,126374.0,0.3831816017627716,271,1
StandardGSGP,ba836ba7-0013-11f0-a8aa-089df4bf3532,dataset_1,0,31,0.3920181691646576,0.5814952850341797,130990.0,0.3861570954322815,283,1
StandardGSGP,ba836ba7-0013-11f0-a8aa-089df4bf3532,dataset_1,0,32,0.3920181691646576,0.6003777980804443,135742.0,0.3861570954322815,283,1
StandardGSGP,ba836ba7-0013-11f0-a8aa-089df4bf3532,dataset_1,0,33,0.3901785612106323,0.6580064296722412,140664.0,0.38244277238845825,291,1
StandardGSGP,ba836ba7-0013-11f0-a8aa-089df4bf3532,dataset_1,0,34,0.38896915316581726,0.5912675857543945,145552.0,0.4024771451950073,297,1
StandardGSGP,ba836ba7-0013-11f0-a8aa-089df4bf3532,dataset_1,0,35,0.3887549340724945,0.5645933151245117,150650.0,0.4019022285938263,303,1
StandardGSGP,ba836ba7-0013-11f0-a8aa-089df4bf3532,dataset_1,0,36,0.38805487751960754,0.5290381908416748,156382.0,0.4185849726200104,309,1
StandardGSGP,ba836ba7-0013-11f0-a8aa-089df4bf3532,dataset_1,0,37,0.3867727816104889,0.5178442001342773,160998.0,0.39443132281303406,309,1
StandardGSGP,ba836ba7-0013-11f0-a8aa-089df4bf3532,dataset_1,0,38,0.38198748230934143,0.5486841201782227,165348.0,0.3818337321281433,335,1
StandardGSGP,ba836ba7-0013-11f0-a8aa-089df4bf3532,dataset_1,0,39,0.38198745250701904,0.5362434387207031,169592.0,0.3818337321281433,341,1
StandardGSGP,ba836ba7-0013-11f0-a8aa-089df4bf3532,dataset_1,0,40,0.38155126571655273,0.5124950408935547,173506.0,0.39642173051834106,361,1
StandardGSGP,ba836ba7-0013-11f0-a8aa-089df4bf3532,dataset_1,0,41,0.38155126571655273,0.5762073993682861,177338.0,0.39642173051834106,361,1
StandardGSGP,ba836ba7-0013-11f0-a8aa-089df4bf3532,dataset_1,0,42,0.3813076913356781,0.6394393444061279,181092.0,0.38604992628097534,371,1
StandardGSGP,ba836ba7-0013-11f0-a8aa-089df4bf3532,dataset_1,0,43,0.3806878328323364,0.5276527404785156,184812.0,0.38811954855918884,369,1
StandardGSGP,ba836ba7-0013-11f0-a8aa-089df4bf3532,dataset_1,0,44,0.37764665484428406,0.5954141616821289,188316.0,0.38947799801826477,391,1
StandardGSGP,ba836ba7-0013-11f0-a8aa-089df4bf3532,dataset_1,0,45,0.37764665484428406,0.53900146484375,192110.0,0.38947799801826477,391,1
StandardGSGP,ba836ba7-0013-11f0-a8aa-089df4bf3532,dataset_1,0,46,0.37764665484428406,0.580249547958374,196272.0,0.38947799801826477,391,1
StandardGSGP,ba836ba7-0013-11f0-a8aa-089df4bf3532,dataset_1,0,47,0.3769884705543518,0.5193378925323486,199948.0,0.38242244720458984,421,1
StandardGSGP,ba836ba7-0013-11f0-a8aa-089df4bf3532,dataset_1,0,48,0.3769884705543518,0.48841071128845215,204134.0,0.38242244720458984,421,1
StandardGSGP,ba836ba7-0013-11f0-a8aa-089df4bf3532,dataset_1,0,49,0.37698641419410706,0.6253719329833984,208222.0,0.3823710083961487,433,1
StandardGSGP,ba836ba7-0013-11f0-a8aa-089df4bf3532,dataset_1,0,50,0.3747967779636383,0.5644185543060303,212010.0,0.3788147270679474,445,1
StandardGSGP,ba836ba7-0013-11f0-a8aa-089df4bf3532,dataset_1,0,51,0.3747967779636383,0.5546379089355469,217108.0,0.3788147270679474,445,1
StandardGSGP,ba836ba7-0013-11f0-a8aa-089df4bf3532,dataset_1,0,52,0.37379059195518494,0.5067718029022217,221544.0,0.370103120803833,447,1
StandardGSGP,ba836ba7-0013-11f0-a8aa-089df4bf3532,dataset_1,0,53,0.37379059195518494,0.7827911376953125,226084.0,0.370103120803833,447,1
StandardGSGP,ba836ba7-0013-11f0-a8aa-089df4bf3532,dataset_1,0,54,0.3737039268016815,0.8164153099060059,230166.0,0.35747113823890686,461,1
StandardGSGP,ba836ba7-0013-11f0-a8aa-089df4bf3532,dataset_1,0,55,0.37369823455810547,0.8174924850463867,234790.0,0.3573434054851532,469,1
StandardGSGP,ba836ba7-0013-11f0-a8aa-089df4bf3532,dataset_1,0,56,0.3728071451187134,0.8446609973907471,239718.0,0.3577479422092438,473,1
StandardGSGP,ba836ba7-0013-11f0-a8aa-089df4bf3532,dataset_1,0,57,0.3728071451187134,0.8485136032104492,243830.0,0.3577479422092438,473,1
StandardGSGP,ba836ba7-0013-11f0-a8aa-089df4bf3532,dataset_1,0,58,0.37247857451438904,0.805131196975708,248190.0,0.3637140095233917,487,1
StandardGSGP,ba836ba7-0013-11f0-a8aa-089df4bf3532,dataset_1,0,59,0.3717811107635498,0.805260419845581,251920.0,0.35654157400131226,499,1
StandardGSGP,ba836ba7-0013-11f0-a8aa-089df4bf3532,dataset_1,0,60,0.37127959728240967,0.8179194927215576,256022.0,0.3788393437862396,507,1
StandardGSGP,ba836ba7-0013-11f0-a8aa-089df4bf3532,dataset_1,0,61,0.37050169706344604,0.8593943119049072,260194.0,0.3644930422306061,505,1
StandardGSGP,ba836ba7-0013-11f0-a8aa-089df4bf3532,dataset_1,0,62,0.37048715353012085,0.8135638236999512,264140.0,0.3601343035697937,521,1
StandardGSGP,ba836ba7-0013-11f0-a8aa-089df4bf3532,dataset_1,0,63,0.3690406382083893,0.8012492656707764,267846.0,0.36970239877700806,537,1
StandardGSGP,ba836ba7-0013-11f0-a8aa-089df4bf3532,dataset_1,0,64,0.3690406382083893,0.8590512275695801,271984.0,0.36970239877700806,537,1
StandardGSGP,ba836ba7-0013-11f0-a8aa-089df4bf3532,dataset_1,0,65,0.3690406382083893,0.8950860500335693,275008.0,0.36970239877700806,537,1
StandardGSGP,ba836ba7-0013-11f0-a8aa-089df4bf3532,dataset_1,0,66,0.3690406382083893,0.8149144649505615,278630.0,0.36970239877700806,537,1
StandardGSGP,ba836ba7-0013-11f0-a8aa-089df4bf3532,dataset_1,0,67,0.3690088391304016,0.8010842800140381,282304.0,0.3693758547306061,543,1
StandardGSGP,ba836ba7-0013-11f0-a8aa-089df4bf3532,dataset_1,0,68,0.3678080141544342,0.7703726291656494,285786.0,0.3637050986289978,577,1
StandardGSGP,ba836ba7-0013-11f0-a8aa-089df4bf3532,dataset_1,0,69,0.3678080141544342,0.8128483295440674,289786.0,0.3637050986289978,577,1
StandardGSGP,ba836ba7-0013-11f0-a8aa-089df4bf3532,dataset_1,0,70,0.3677700459957123,0.8011293411254883,293172.0,0.3652231991291046,591,1
StandardGSGP,ba836ba7-0013-11f0-a8aa-089df4bf3532,dataset_1,0,71,0.3677700459957123,0.7944583892822266,296906.0,0.3652231991291046,591,1
StandardGSGP,ba836ba7-0013-11f0-a8aa-089df4bf3532,dataset_1,0,72,0.3672923147678375,0.906775951385498,300398.0,0.36724138259887695,615,1
StandardGSGP,ba836ba7-0013-11f0-a8aa-089df4bf3532,dataset_1,0,73,0.36593097448349,0.7853720188140869,304404.0,0.32101306319236755,621,1
StandardGSGP,ba836ba7-0013-11f0-a8aa-089df4bf3532,dataset_1,0,74,0.36593097448349,0.8698880672454834,308672.0,0.32101306319236755,621,1
StandardGSGP,ba836ba7-0013-11f0-a8aa-089df4bf3532,dataset_1,0,75,0.3658500611782074,0.819849967956543,313166.0,0.3208378553390503,631,1
StandardGSGP,ba836ba7-0013-11f0-a8aa-089df4bf3532,dataset_1,0,76,0.36381685733795166,0.8015351295471191,317402.0,0.32438746094703674,637,1
StandardGSGP,ba836ba7-0013-11f0-a8aa-089df4bf3532,dataset_1,0,77,0.3584440350532532,0.8328375816345215,321248.0,0.33648553490638733,637,1
StandardGSGP,ba836ba7-0013-11f0-a8aa-089df4bf3532,dataset_1,0,78,0.3568638861179352,0.8007464408874512,325550.0,0.36266571283340454,651,1
StandardGSGP,ba836ba7-0013-11f0-a8aa-089df4bf3532,dataset_1,0,79,0.3568638861179352,0.8302173614501953,329346.0,0.36266571283340454,651,1
StandardGSGP,ba836ba7-0013-11f0-a8aa-089df4bf3532,dataset_1,0,80,0.3564668893814087,0.8164761066436768,332998.0,0.35355544090270996,657,1
StandardGSGP,ba836ba7-0013-11f0-a8aa-089df4bf3532,dataset_1,0,81,0.35635578632354736,0.8643343448638916,336204.0,0.35830241441726685,665,1
StandardGSGP,ba836ba7-0013-11f0-a8aa-089df4bf3532,dataset_1,0,82,0.3562846779823303,0.8457505702972412,339796.0,0.3485342264175415,679,1
StandardGSGP,ba836ba7-0013-11f0-a8aa-089df4bf3532,dataset_1,0,83,0.3552559018135071,0.7857544422149658,342948.0,0.35092592239379883,677,1
StandardGSGP,ba836ba7-0013-11f0-a8aa-089df4bf3532,dataset_1,0,84,0.34892573952674866,0.8383495807647705,346376.0,0.34827035665512085,689,1
StandardGSGP,ba836ba7-0013-11f0-a8aa-089df4bf3532,dataset_1,0,85,0.3485935628414154,0.8495521545410156,350020.0,0.35170498490333557,697,1
StandardGSGP,ba836ba7-0013-11f0-a8aa-089df4bf3532,dataset_1,0,86,0.34725919365882874,0.8799419403076172,354030.0,0.35208752751350403,701,1
StandardGSGP,ba836ba7-0013-11f0-a8aa-089df4bf3532,dataset_1,0,87,0.34586381912231445,0.9840137958526611,357742.0,0.338310569524765,707,1
StandardGSGP,ba836ba7-0013-11f0-a8aa-089df4bf3532,dataset_1,0,88,0.3454362452030182,0.8327531814575195,360844.0,0.35533803701400757,721,1
StandardGSGP,ba836ba7-0013-11f0-a8aa-089df4bf3532,dataset_1,0,89,0.3445788621902466,0.921605110168457,364166.0,0.3616096079349518,727,1
StandardGSGP,ba836ba7-0013-11f0-a8aa-089df4bf3532,dataset_1,0,90,0.3445788621902466,0.8627886772155762,367728.0,0.3616096079349518,727,1
StandardGSGP,ba836ba7-0013-11f0-a8aa-089df4bf3532,dataset_1,0,91,0.34409940242767334,0.8426303863525391,371074.0,0.35141703486442566,747,1
StandardGSGP,ba836ba7-0013-11f0-a8aa-089df4bf3532,dataset_1,0,92,0.34374910593032837,0.647578239440918,374920.0,0.3488282561302185,741,1
StandardGSGP,ba836ba7-0013-11f0-a8aa-089df4bf3532,dataset_1,0,93,0.34372448921203613,0.5171215534210205,378460.0,0.3495863974094391,747,1
StandardGSGP,ba836ba7-0013-11f0-a8aa-089df4bf3532,dataset_1,0,94,0.3436000347137451,0.4962456226348877,382002.0,0.35156238079071045,755,1
StandardGSGP,ba836ba7-0013-11f0-a8aa-089df4bf3532,dataset_1,0,95,0.34289783239364624,0.5210611820220947,385954.0,0.34204262495040894,771,1
StandardGSGP,ba836ba7-0013-11f0-a8aa-089df4bf3532,dataset_1,0,96,0.34287577867507935,0.5995080471038818,389658.0,0.3376862704753876,777,1
StandardGSGP,ba836ba7-0013-11f0-a8aa-089df4bf3532,dataset_1,0,97,0.34287577867507935,0.6259868144989014,393112.0,0.3376862704753876,777,1
StandardGSGP,ba836ba7-0013-11f0-a8aa-089df4bf3532,dataset_1,0,98,0.3420620858669281,0.5246412754058838,397108.0,0.35224056243896484,801,1
StandardGSGP,ba836ba7-0013-11f0-a8aa-089df4bf3532,dataset_1,0,99,0.3420620858669281,0.5054798126220703,400924.0,0.35224056243896484,801,1
StandardGSGP,ba836ba7-0013-11f0-a8aa-089df4bf3532,dataset_1,0,100,0.3418612778186798,0.5717802047729492,404562.0,0.35938459634780884,801,1
StandardGSGP,ba836ba7-0013-11f0-a8aa-089df4bf3532,dataset_1,0,101,0.3405560255050659,0.5164017677307129,408310.0,0.33082693815231323,809,1
StandardGSGP,ba836ba7-0013-11f0-a8aa-089df4bf3532,dataset_1,0,102,0.3402348756790161,0.5156416893005371,411746.0,0.34980371594429016,817,1
StandardGSGP,ba836ba7-0013-11f0-a8aa-089df4bf3532,dataset_1,0,103,0.3402348756790161,0.516718864440918,415354.0,0.34980371594429016,817,1
StandardGSGP,ba836ba7-0013-11f0-a8aa-089df4bf3532,dataset_1,0,104,0.3393057584762573,0.5496983528137207,418996.0,0.3346881866455078,843,1
StandardGSGP,ba836ba7-0013-11f0-a8aa-089df4bf3532,dataset_1,0,105,0.3393057584762573,0.5016019344329834,422654.0,0.3346881866455078,843,1
StandardGSGP,ba836ba7-0013-11f0-a8aa-089df4bf3532,dataset_1,0,106,0.33827754855155945,0.5185375213623047,426402.0,0.350049763917923,853,1
StandardGSGP,ba836ba7-0013-11f0-a8aa-089df4bf3532,dataset_1,0,107,0.33827754855155945,0.500197172164917,430662.0,0.350049763917923,853,1
StandardGSGP,ba836ba7-0013-11f0-a8aa-089df4bf3532,dataset_1,0,108,0.33827754855155945,0.5709967613220215,434552.0,0.350049763917923,853,1
StandardGSGP,ba836ba7-0013-11f0-a8aa-089df4bf3532,dataset_1,0,109,0.33827751874923706,0.5261540412902832,437952.0,0.350049763917923,859,1
StandardGSGP,ba836ba7-0013-11f0-a8aa-089df4bf3532,dataset_1,0,110,0.3371706008911133,0.5281667709350586,441534.0,0.33124780654907227,903,1
StandardGSGP,ba836ba7-0013-11f0-a8aa-089df4bf3532,dataset_1,0,111,0.3371706008911133,0.5224685668945312,445454.0,0.33124780654907227,903,1
StandardGSGP,ba836ba7-0013-11f0-a8aa-089df4bf3532,dataset_1,0,112,0.3368605673313141,0.6430025100708008,449198.0,0.33758801221847534,875,1
StandardGSGP,ba836ba7-0013-11f0-a8aa-089df4bf3532,dataset_1,0,113,0.3367968201637268,0.6044905185699463,453114.0,0.3408573865890503,885,1
StandardGSGP,ba836ba7-0013-11f0-a8aa-089df4bf3532,dataset_1,0,114,0.3367968201637268,0.5171329975128174,457090.0,0.3408573865890503,885,1
StandardGSGP,ba836ba7-0013-11f0-a8aa-089df4bf3532,dataset_1,0,115,0.3367968201637268,0.5120933055877686,460494.0,0.3408573865890503,885,1
StandardGSGP,ba836ba7-0013-11f0-a8aa-089df4bf3532,dataset_1,0,116,0.3367968201637268,0.571124792098999,463984.0,0.3408573865890503,885,1
StandardGSGP,ba836ba7-0013-11f0-a8aa-089df4bf3532,dataset_1,0,117,0.3367968201637268,0.49739885330200195,467358.0,0.3408573865890503,885,1
StandardGSGP,ba836ba7-0013-11f0-a8aa-089df4bf3532,dataset_1,0,118,0.3363780975341797,0.5170550346374512,471062.0,0.33458411693573,921,1
StandardGSGP,ba836ba7-0013-11f0-a8aa-089df4bf3532,dataset_1,0,119,0.33596310019493103,0.501758337020874,473758.0,0.34064850211143494,929,1
StandardGSGP,ba836ba7-0013-11f0-a8aa-089df4bf3532,dataset_1,0,120,0.33596310019493103,0.5497395992279053,476716.0,0.34064850211143494,929,1
StandardGSGP,ba836ba7-0013-11f0-a8aa-089df4bf3532,dataset_1,0,121,0.33570176362991333,0.549081563949585,479532.0,0.33747437596321106,975,1
StandardGSGP,ba836ba7-0013-11f0-a8aa-089df4bf3532,dataset_1,0,122,0.33570176362991333,0.5173406600952148,483154.0,0.33747437596321106,975,1
StandardGSGP,ba836ba7-0013-11f0-a8aa-089df4bf3532,dataset_1,0,123,0.3345540761947632,0.5019083023071289,486050.0,0.33808434009552,955,1
StandardGSGP,ba836ba7-0013-11f0-a8aa-089df4bf3532,dataset_1,0,124,0.3345540761947632,0.583512544631958,488524.0,0.33808434009552,955,1
StandardGSGP,ba836ba7-0013-11f0-a8aa-089df4bf3532,dataset_1,0,125,0.3345540761947632,0.5118634700775146,490662.0,0.33808434009552,955,1
StandardGSGP,ba836ba7-0013-11f0-a8aa-089df4bf3532,dataset_1,0,126,0.3345540761947632,0.5012576580047607,494266.0,0.33808434009552,955,1
StandardGSGP,ba836ba7-0013-11f0-a8aa-089df4bf3532,dataset_1,0,127,0.33454629778862,0.5299265384674072,496776.0,0.3383331894874573,967,1
StandardGSGP,ba836ba7-0013-11f0-a8aa-089df4bf3532,dataset_1,0,128,0.3345382511615753,0.5679638385772705,500278.0,0.338375985622406,973,1
StandardGSGP,ba836ba7-0013-11f0-a8aa-089df4bf3532,dataset_1,0,129,0.3345382511615753,0.533585786819458,504152.0,0.338375985622406,973,1
StandardGSGP,ba836ba7-0013-11f0-a8aa-089df4bf3532,dataset_1,0,130,0.3345382511615753,0.6135745048522949,508796.0,0.338375985622406,973,1
StandardGSGP,ba836ba7-0013-11f0-a8aa-089df4bf3532,dataset_1,0,131,0.3338659107685089,0.5065829753875732,511544.0,0.33380401134490967,1001,1
StandardGSGP,ba836ba7-0013-11f0-a8aa-089df4bf3532,dataset_1,0,132,0.33382919430732727,0.5556211471557617,515446.0,0.3324302136898041,1055,1
StandardGSGP,ba836ba7-0013-11f0-a8aa-089df4bf3532,dataset_1,0,133,0.333805650472641,0.5023946762084961,519310.0,0.33189699053764343,1065,1
StandardGSGP,ba836ba7-0013-11f0-a8aa-089df4bf3532,dataset_1,0,134,0.33348050713539124,0.5015966892242432,523984.0,0.3278035521507263,1073,1
StandardGSGP,ba836ba7-0013-11f0-a8aa-089df4bf3532,dataset_1,0,135,0.3334430754184723,0.5000102519989014,527172.0,0.3360297679901123,1085,1
StandardGSGP,ba836ba7-0013-11f0-a8aa-089df4bf3532,dataset_1,0,136,0.3328644037246704,0.5627555847167969,530990.0,0.3357432782649994,1091,1
StandardGSGP,ba836ba7-0013-11f0-a8aa-089df4bf3532,dataset_1,0,137,0.3328614830970764,0.5017390251159668,534728.0,0.3357643187046051,1097,1
StandardGSGP,ba836ba7-0013-11f0-a8aa-089df4bf3532,dataset_1,0,138,0.3326270878314972,0.4813957214355469,537944.0,0.33620545268058777,1095,1
StandardGSGP,ba836ba7-0013-11f0-a8aa-089df4bf3532,dataset_1,0,139,0.3324999213218689,0.5017251968383789,541646.0,0.33534425497055054,1061,1
StandardGSGP,ba836ba7-0013-11f0-a8aa-089df4bf3532,dataset_1,0,140,0.3324999213218689,0.5335378646850586,545140.0,0.33534425497055054,1061,1
StandardGSGP,ba836ba7-0013-11f0-a8aa-089df4bf3532,dataset_1,0,141,0.33226144313812256,0.5508589744567871,549778.0,0.33503517508506775,1075,1
StandardGSGP,ba836ba7-0013-11f0-a8aa-089df4bf3532,dataset_1,0,142,0.3322104513645172,0.5185308456420898,554054.0,0.33466386795043945,1083,1
StandardGSGP,ba836ba7-0013-11f0-a8aa-089df4bf3532,dataset_1,0,143,0.3322104513645172,0.4827446937561035,558154.0,0.33466386795043945,1083,1
StandardGSGP,ba836ba7-0013-11f0-a8aa-089df4bf3532,dataset_1,0,144,0.33164089918136597,0.5482387542724609,563006.0,0.33846691250801086,1097,1
StandardGSGP,ba836ba7-0013-11f0-a8aa-089df4bf3532,dataset_1,0,145,0.32568231225013733,0.550074577331543,567194.0,0.33897531032562256,1097,1
StandardGSGP,ba836ba7-0013-11f0-a8aa-089df4bf3532,dataset_1,0,146,0.32568231225013733,0.5825798511505127,570860.0,0.33897531032562256,1097,1
StandardGSGP,ba836ba7-0013-11f0-a8aa-089df4bf3532,dataset_1,0,147,0.32568231225013733,0.5021920204162598,575036.0,0.33897531032562256,1097,1
StandardGSGP,ba836ba7-0013-11f0-a8aa-089df4bf3532,dataset_1,0,148,0.32553428411483765,0.5505285263061523,578070.0,0.33643966913223267,1105,1
StandardGSGP,ba836ba7-0013-11f0-a8aa-089df4bf3532,dataset_1,0,149,0.32553428411483765,0.5239777565002441,582090.0,0.33643966913223267,1105,1
StandardGSGP,ba836ba7-0013-11f0-a8aa-089df4bf3532,dataset_1,0,150,0.32553428411483765,0.5015974044799805,585468.0,0.33643966913223267,1105,1
StandardGSGP,ba836ba7-0013-11f0-a8aa-089df4bf3532,dataset_1,0,151,0.3250233829021454,0.5017850399017334,588334.0,0.3203428387641907,1143,1
StandardGSGP,ba836ba7-0013-11f0-a8aa-089df4bf3532,dataset_1,0,152,0.3250233829021454,0.5176799297332764,591226.0,0.3203428387641907,1143,1
StandardGSGP,ba836ba7-0013-11f0-a8aa-089df4bf3532,dataset_1,0,153,0.3246886134147644,0.5495939254760742,592532.0,0.3300051689147949,1137,1
StandardGSGP,ba836ba7-0013-11f0-a8aa-089df4bf3532,dataset_1,0,154,0.32182642817497253,0.5025510787963867,593692.0,0.30997559428215027,1155,1
StandardGSGP,ba836ba7-0013-11f0-a8aa-089df4bf3532,dataset_1,0,155,0.32034832239151,0.48538923263549805,594430.0,0.3226882219314575,1161,1
StandardGSGP,ba836ba7-0013-11f0-a8aa-089df4bf3532,dataset_1,0,156,0.32034832239151,0.5134768486022949,594434.0,0.3226882219314575,1161,1
StandardGSGP,ba836ba7-0013-11f0-a8aa-089df4bf3532,dataset_1,0,157,0.32034832239151,0.5491683483123779,594430.0,0.3226882219314575,1161,1
StandardGSGP,ba836ba7-0013-11f0-a8aa-089df4bf3532,dataset_1,0,158,0.3198549747467041,0.5066440105438232,595792.0,0.3211735486984253,1191,1
StandardGSGP,ba836ba7-0013-11f0-a8aa-089df4bf3532,dataset_1,0,159,0.31874585151672363,0.501021146774292,598426.0,0.3198933005332947,1193,1
StandardGSGP,ba836ba7-0013-11f0-a8aa-089df4bf3532,dataset_1,0,160,0.31874585151672363,0.5142145156860352,601464.0,0.3198933005332947,1193,1
StandardGSGP,ba836ba7-0013-11f0-a8aa-089df4bf3532,dataset_1,0,161,0.31874585151672363,0.5490241050720215,605312.0,0.3198933005332947,1193,1
StandardGSGP,ba836ba7-0013-11f0-a8aa-089df4bf3532,dataset_1,0,162,0.31874585151672363,0.5801267623901367,609114.0,0.3198933005332947,1193,1
StandardGSGP,ba836ba7-0013-11f0-a8aa-089df4bf3532,dataset_1,0,163,0.3185671269893646,0.5177524089813232,612956.0,0.3198952078819275,1205,1
StandardGSGP,ba836ba7-0013-11f0-a8aa-089df4bf3532,dataset_1,0,164,0.3180488049983978,0.5026488304138184,616908.0,0.3169972896575928,1233,1
StandardGSGP,ba836ba7-0013-11f0-a8aa-089df4bf3532,dataset_1,0,165,0.3178577423095703,0.5491199493408203,620206.0,0.3208387792110443,1241,1
StandardGSGP,ba836ba7-0013-11f0-a8aa-089df4bf3532,dataset_1,0,166,0.31717032194137573,0.5243813991546631,623842.0,0.32039201259613037,1227,1
StandardGSGP,ba836ba7-0013-11f0-a8aa-089df4bf3532,dataset_1,0,167,0.31579235196113586,0.5380783081054688,627474.0,0.31814977526664734,1245,1
StandardGSGP,ba836ba7-0013-11f0-a8aa-089df4bf3532,dataset_1,0,168,0.31579235196113586,0.584132194519043,631344.0,0.31814977526664734,1245,1
StandardGSGP,ba836ba7-0013-11f0-a8aa-089df4bf3532,dataset_1,0,169,0.31579235196113586,0.5985372066497803,634636.0,0.31814977526664734,1245,1
StandardGSGP,ba836ba7-0013-11f0-a8aa-089df4bf3532,dataset_1,0,170,0.31579235196113586,0.551276445388794,637704.0,0.31814977526664734,1245,1
StandardGSGP,ba836ba7-0013-11f0-a8aa-089df4bf3532,dataset_1,0,171,0.31579235196113586,0.5122270584106445,641066.0,0.31814977526664734,1245,1
StandardGSGP,ba836ba7-0013-11f0-a8aa-089df4bf3532,dataset_1,0,172,0.3157806992530823,0.552973747253418,644574.0,0.3112111985683441,1261,1
StandardGSGP,ba836ba7-0013-11f0-a8aa-089df4bf3532,dataset_1,0,173,0.31565555930137634,0.5331189632415771,647664.0,0.3127356171607971,1269,1
StandardGSGP,ba836ba7-0013-11f0-a8aa-089df4bf3532,dataset_1,0,174,0.3155379593372345,0.5334343910217285,651180.0,0.3217633366584778,1277,1
StandardGSGP,ba836ba7-0013-11f0-a8aa-089df4bf3532,dataset_1,0,175,0.3152277171611786,0.5117161273956299,654582.0,0.32950618863105774,1283,1
StandardGSGP,ba836ba7-0013-11f0-a8aa-089df4bf3532,dataset_1,0,176,0.31488218903541565,0.5294315814971924,658010.0,0.3106687068939209,1339,1
StandardGSGP,ba836ba7-0013-11f0-a8aa-089df4bf3532,dataset_1,0,177,0.31488218903541565,0.5714340209960938,661804.0,0.3106687068939209,1339,1
StandardGSGP,ba836ba7-0013-11f0-a8aa-089df4bf3532,dataset_1,0,178,0.31482502818107605,0.5795989036560059,665792.0,0.31383469700813293,1351,1
StandardGSGP,ba836ba7-0013-11f0-a8aa-089df4bf3532,dataset_1,0,179,0.3145875632762909,0.5013742446899414,669224.0,0.3168250024318695,1345,1
StandardGSGP,ba836ba7-0013-11f0-a8aa-089df4bf3532,dataset_1,0,180,0.31436386704444885,0.5334789752960205,673144.0,0.31613412499427795,1357,1
StandardGSGP,ba836ba7-0013-11f0-a8aa-089df4bf3532,dataset_1,0,181,0.31436386704444885,0.585822343826294,677338.0,0.31613412499427795,1357,1
StandardGSGP,ba836ba7-0013-11f0-a8aa-089df4bf3532,dataset_1,0,182,0.31422334909439087,0.5273191928863525,682030.0,0.315760999917984,1363,1
StandardGSGP,ba836ba7-0013-11f0-a8aa-089df4bf3532,dataset_1,0,183,0.31366193294525146,0.5542244911193848,686110.0,0.30760324001312256,1379,1
StandardGSGP,ba836ba7-0013-11f0-a8aa-089df4bf3532,dataset_1,0,184,0.3123765289783478,0.5697746276855469,689530.0,0.3147062361240387,1381,1
StandardGSGP,ba836ba7-0013-11f0-a8aa-089df4bf3532,dataset_1,0,185,0.3123765289783478,0.5977661609649658,693602.0,0.3147062361240387,1381,1
StandardGSGP,ba836ba7-0013-11f0-a8aa-089df4bf3532,dataset_1,0,186,0.3123765289783478,0.5242998600006104,698100.0,0.3147062361240387,1381,1
StandardGSGP,ba836ba7-0013-11f0-a8aa-089df4bf3532,dataset_1,0,187,0.3123765289783478,0.5389633178710938,701990.0,0.3147062361240387,1381,1
StandardGSGP,ba836ba7-0013-11f0-a8aa-089df4bf3532,dataset_1,0,188,0.3123396635055542,0.5492136478424072,706454.0,0.31239843368530273,1401,1
StandardGSGP,ba836ba7-0013-11f0-a8aa-089df4bf3532,dataset_1,0,189,0.3123326301574707,0.582913875579834,710596.0,0.3144892454147339,1409,1
StandardGSGP,ba836ba7-0013-11f0-a8aa-089df4bf3532,dataset_1,0,190,0.3123326301574707,0.5606660842895508,714598.0,0.3144892454147339,1409,1
StandardGSGP,ba836ba7-0013-11f0-a8aa-089df4bf3532,dataset_1,0,191,0.3123326301574707,0.5872178077697754,719130.0,0.3144892454147339,1409,1
StandardGSGP,ba836ba7-0013-11f0-a8aa-089df4bf3532,dataset_1,0,192,0.3123297691345215,0.6447961330413818,722992.0,0.3132215738296509,1421,1
StandardGSGP,ba836ba7-0013-11f0-a8aa-089df4bf3532,dataset_1,0,193,0.3122591972351074,0.6168725490570068,726884.0,0.31719672679901123,1435,1
StandardGSGP,ba836ba7-0013-11f0-a8aa-089df4bf3532,dataset_1,0,194,0.31218695640563965,0.6459875106811523,729858.0,0.31013908982276917,1445,1
StandardGSGP,ba836ba7-0013-11f0-a8aa-089df4bf3532,dataset_1,0,195,0.3120873272418976,0.5505270957946777,732668.0,0.3146379590034485,1449,1
StandardGSGP,ba836ba7-0013-11f0-a8aa-089df4bf3532,dataset_1,0,196,0.3115778863430023,0.5540993213653564,735620.0,0.31261712312698364,1465,1
StandardGSGP,ba836ba7-0013-11f0-a8aa-089df4bf3532,dataset_1,0,197,0.3115778863430023,0.5649504661560059,739174.0,0.31261712312698364,1465,1
StandardGSGP,ba836ba7-0013-11f0-a8aa-089df4bf3532,dataset_1,0,198,0.3115778863430023,0.5334389209747314,743122.0,0.31261712312698364,1465,1
StandardGSGP,ba836ba7-0013-11f0-a8aa-089df4bf3532,dataset_1,0,199,0.3115778863430023,0.5438053607940674,745722.0,0.31261712312698364,1465,1
StandardGSGP,ba836ba7-0013-11f0-a8aa-089df4bf3532,dataset_1,0,200,0.31151989102363586,0.5654463768005371,748444.0,0.3126004636287689,1473,1
StandardGSGP,ba836ba7-0013-11f0-a8aa-089df4bf3532,dataset_1,0,201,0.31151989102363586,0.5535988807678223,751030.0,0.3126004636287689,1473,1
StandardGSGP,ba836ba7-0013-11f0-a8aa-089df4bf3532,dataset_1,0,202,0.3114035427570343,0.5615832805633545,754114.0,0.30804115533828735,1507,1
StandardGSGP,ba836ba7-0013-11f0-a8aa-089df4bf3532,dataset_1,0,203,0.3113114535808563,0.5752968788146973,757634.0,0.3115512728691101,1497,1
StandardGSGP,ba836ba7-0013-11f0-a8aa-089df4bf3532,dataset_1,0,204,0.3112899959087372,0.7260951995849609,760598.0,0.3173539936542511,1513,1
StandardGSGP,ba836ba7-0013-11f0-a8aa-089df4bf3532,dataset_1,0,205,0.3111860156059265,0.5450284481048584,764248.0,0.3203076720237732,1511,1
StandardGSGP,ba836ba7-0013-11f0-a8aa-089df4bf3532,dataset_1,0,206,0.3111860156059265,0.5517122745513916,767526.0,0.3203076720237732,1511,1
StandardGSGP,ba836ba7-0013-11f0-a8aa-089df4bf3532,dataset_1,0,207,0.3111860156059265,0.6421258449554443,771358.0,0.3203076720237732,1511,1
StandardGSGP,ba836ba7-0013-11f0-a8aa-089df4bf3532,dataset_1,0,208,0.31114667654037476,0.6058712005615234,774862.0,0.31133151054382324,1547,1
StandardGSGP,ba836ba7-0013-11f0-a8aa-089df4bf3532,dataset_1,0,209,0.31114667654037476,0.5286068916320801,777994.0,0.31133151054382324,1547,1
StandardGSGP,ba836ba7-0013-11f0-a8aa-089df4bf3532,dataset_1,0,210,0.31083762645721436,0.6168322563171387,780996.0,0.311385840177536,1545,1
StandardGSGP,ba836ba7-0013-11f0-a8aa-089df4bf3532,dataset_1,0,211,0.3104756474494934,0.6026771068572998,784138.0,0.31563112139701843,1553,1
StandardGSGP,ba836ba7-0013-11f0-a8aa-089df4bf3532,dataset_1,0,212,0.3104549050331116,0.6029956340789795,788886.0,0.314637690782547,1559,1
StandardGSGP,ba836ba7-0013-11f0-a8aa-089df4bf3532,dataset_1,0,213,0.30944281816482544,0.5217700004577637,792798.0,0.309672087430954,1565,1
StandardGSGP,ba836ba7-0013-11f0-a8aa-089df4bf3532,dataset_1,0,214,0.30944281816482544,0.5557904243469238,796336.0,0.309672087430954,1565,1
StandardGSGP,ba836ba7-0013-11f0-a8aa-089df4bf3532,dataset_1,0,215,0.30944254994392395,0.5932459831237793,799616.0,0.30965083837509155,1575,1
StandardGSGP,ba836ba7-0013-11f0-a8aa-089df4bf3532,dataset_1,0,216,0.30944254994392395,0.5504140853881836,802788.0,0.30965083837509155,1575,1
StandardGSGP,ba836ba7-0013-11f0-a8aa-089df4bf3532,dataset_1,0,217,0.30944254994392395,0.5416350364685059,805942.0,0.30965083837509155,1575,1
StandardGSGP,ba836ba7-0013-11f0-a8aa-089df4bf3532,dataset_1,0,218,0.3093290328979492,0.5448682308197021,808584.0,0.3110082447528839,1599,1
StandardGSGP,ba836ba7-0013-11f0-a8aa-089df4bf3532,dataset_1,0,219,0.3093290328979492,0.5784883499145508,811274.0,0.3110082447528839,1599,1
StandardGSGP,ba836ba7-0013-11f0-a8aa-089df4bf3532,dataset_1,0,220,0.30930018424987793,0.5808393955230713,813654.0,0.3095250129699707,1621,1
StandardGSGP,ba836ba7-0013-11f0-a8aa-089df4bf3532,dataset_1,0,221,0.30922743678092957,0.549086332321167,817204.0,0.31217771768569946,1605,1
StandardGSGP,ba836ba7-0013-11f0-a8aa-089df4bf3532,dataset_1,0,222,0.3092174828052521,0.5766708850860596,820520.0,0.31188106536865234,1611,1
StandardGSGP,ba836ba7-0013-11f0-a8aa-089df4bf3532,dataset_1,0,223,0.30914613604545593,0.563021183013916,823374.0,0.3050231337547302,1647,1
StandardGSGP,ba836ba7-0013-11f0-a8aa-089df4bf3532,dataset_1,0,224,0.30914613604545593,0.5344860553741455,827658.0,0.3050231337547302,1647,1
StandardGSGP,ba836ba7-0013-11f0-a8aa-089df4bf3532,dataset_1,0,225,0.30884265899658203,0.5196423530578613,831396.0,0.31132248044013977,1645,1
StandardGSGP,ba836ba7-0013-11f0-a8aa-089df4bf3532,dataset_1,0,226,0.3085920810699463,0.6759963035583496,834322.0,0.31157517433166504,1649,1
StandardGSGP,ba836ba7-0013-11f0-a8aa-089df4bf3532,dataset_1,0,227,0.3085920810699463,0.511681079864502,837364.0,0.31157517433166504,1649,1
StandardGSGP,ba836ba7-0013-11f0-a8aa-089df4bf3532,dataset_1,0,228,0.3085920810699463,0.5078670978546143,840624.0,0.31157517433166504,1649,1
StandardGSGP,ba836ba7-0013-11f0-a8aa-089df4bf3532,dataset_1,0,229,0.30837714672088623,0.5246701240539551,843846.0,0.30393368005752563,1697,1
StandardGSGP,ba836ba7-0013-11f0-a8aa-089df4bf3532,dataset_1,0,230,0.30829960107803345,0.5501551628112793,846716.0,0.31281042098999023,1705,1
StandardGSGP,ba836ba7-0013-11f0-a8aa-089df4bf3532,dataset_1,0,231,0.3082359731197357,0.5146677494049072,849932.0,0.3142789304256439,1713,1
StandardGSGP,ba836ba7-0013-11f0-a8aa-089df4bf3532,dataset_1,0,232,0.30767470598220825,0.523813009262085,852832.0,0.30721819400787354,1721,1
StandardGSGP,ba836ba7-0013-11f0-a8aa-089df4bf3532,dataset_1,0,233,0.30767470598220825,0.537975549697876,856796.0,0.30721819400787354,1721,1
StandardGSGP,ba836ba7-0013-11f0-a8aa-089df4bf3532,dataset_1,0,234,0.30767470598220825,0.5645322799682617,860502.0,0.30721819400787354,1721,1
StandardGSGP,ba836ba7-0013-11f0-a8aa-089df4bf3532,dataset_1,0,235,0.30767470598220825,0.5212929248809814,864066.0,0.30721819400787354,1721,1
StandardGSGP,ba836ba7-0013-11f0-a8aa-089df4bf3532,dataset_1,0,236,0.3076210021972656,0.5729751586914062,867446.0,0.3128989636898041,1749,1
StandardGSGP,ba836ba7-0013-11f0-a8aa-089df4bf3532,dataset_1,0,237,0.3075345754623413,0.5659270286560059,871850.0,0.31175369024276733,1775,1
StandardGSGP,ba836ba7-0013-11f0-a8aa-089df4bf3532,dataset_1,0,238,0.307297021150589,0.5405395030975342,875660.0,0.3094309866428375,1777,1
StandardGSGP,ba836ba7-0013-11f0-a8aa-089df4bf3532,dataset_1,0,239,0.307297021150589,0.5766913890838623,880120.0,0.3094309866428375,1777,1
StandardGSGP,ba836ba7-0013-11f0-a8aa-089df4bf3532,dataset_1,0,240,0.30671629309654236,0.5335493087768555,883828.0,0.3042706549167633,1749,1
StandardGSGP,ba836ba7-0013-11f0-a8aa-089df4bf3532,dataset_1,0,241,0.30671629309654236,0.568366289138794,888214.0,0.3042706549167633,1749,1
StandardGSGP,ba836ba7-0013-11f0-a8aa-089df4bf3532,dataset_1,0,242,0.30671629309654236,0.6875631809234619,891870.0,0.3042706549167633,1749,1
StandardGSGP,ba836ba7-0013-11f0-a8aa-089df4bf3532,dataset_1,0,243,0.30671629309654236,0.5515401363372803,897112.0,0.3042706549167633,1749,1
StandardGSGP,ba836ba7-0013-11f0-a8aa-089df4bf3532,dataset_1,0,244,0.3065703213214874,0.5619716644287109,901116.0,0.30525991320610046,1769,1
StandardGSGP,ba836ba7-0013-11f0-a8aa-089df4bf3532,dataset_1,0,245,0.3065703213214874,0.5796716213226318,905564.0,0.30525991320610046,1769,1
StandardGSGP,ba836ba7-0013-11f0-a8aa-089df4bf3532,dataset_1,0,246,0.30644509196281433,0.5765249729156494,909292.0,0.30736467242240906,1777,1
StandardGSGP,ba836ba7-0013-11f0-a8aa-089df4bf3532,dataset_1,0,247,0.3060150742530823,0.5297999382019043,914530.0,0.31193771958351135,1859,1
StandardGSGP,ba836ba7-0013-11f0-a8aa-089df4bf3532,dataset_1,0,248,0.3060150742530823,0.5282304286956787,917494.0,0.31193771958351135,1859,1
StandardGSGP,ba836ba7-0013-11f0-a8aa-089df4bf3532,dataset_1,0,249,0.305806964635849,0.5375304222106934,921622.0,0.3106303811073303,1865,1
StandardGSGP,ba836ba7-0013-11f0-a8aa-089df4bf3532,dataset_1,0,250,0.305806964635849,0.5525250434875488,925548.0,0.3106303811073303,1865,1
StandardGSGP,ba836ba7-0013-11f0-a8aa-089df4bf3532,dataset_1,0,251,0.30529165267944336,0.4975595474243164,929338.0,0.3121725916862488,1881,1
StandardGSGP,ba836ba7-0013-11f0-a8aa-089df4bf3532,dataset_1,0,252,0.3052879571914673,0.5323681831359863,933346.0,0.31215211749076843,1891,1
StandardGSGP,ba836ba7-0013-11f0-a8aa-089df4bf3532,dataset_1,0,253,0.3052806854248047,0.5464646816253662,937982.0,0.31214654445648193,1889,1
StandardGSGP,ba836ba7-0013-11f0-a8aa-089df4bf3532,dataset_1,0,254,0.3051013946533203,0.5483827590942383,941902.0,0.31092312932014465,1903,1
StandardGSGP,ba836ba7-0013-11f0-a8aa-089df4bf3532,dataset_1,0,255,0.3051013946533203,0.5143301486968994,946752.0,0.31092312932014465,1903,1
StandardGSGP,ba836ba7-0013-11f0-a8aa-089df4bf3532,dataset_1,0,256,0.30485987663269043,0.537102460861206,950684.0,0.3047197759151459,1919,1
StandardGSGP,ba836ba7-0013-11f0-a8aa-089df4bf3532,dataset_1,0,257,0.30485987663269043,0.4960625171661377,955068.0,0.3047197759151459,1919,1
StandardGSGP,ba836ba7-0013-11f0-a8aa-089df4bf3532,dataset_1,0,258,0.3040741980075836,0.5333268642425537,958542.0,0.31675758957862854,1927,1
StandardGSGP,ba836ba7-0013-11f0-a8aa-089df4bf3532,dataset_1,0,259,0.3040741980075836,0.633540153503418,962488.0,0.31675758957862854,1927,1
StandardGSGP,ba836ba7-0013-11f0-a8aa-089df4bf3532,dataset_1,0,260,0.30356305837631226,0.5610752105712891,966374.0,0.3030240535736084,1935,1
StandardGSGP,ba836ba7-0013-11f0-a8aa-089df4bf3532,dataset_1,0,261,0.30349570512771606,0.5734918117523193,970388.0,0.30448591709136963,1941,1
StandardGSGP,ba836ba7-0013-11f0-a8aa-089df4bf3532,dataset_1,0,262,0.30349570512771606,0.5460357666015625,976038.0,0.30448591709136963,1941,1
StandardGSGP,ba836ba7-0013-11f0-a8aa-089df4bf3532,dataset_1,0,263,0.303325355052948,0.7601351737976074,980284.0,0.30505675077438354,1953,1
StandardGSGP,ba836ba7-0013-11f0-a8aa-089df4bf3532,dataset_1,0,264,0.30330026149749756,0.8453855514526367,983502.0,0.30508798360824585,1963,1
StandardGSGP,ba836ba7-0013-11f0-a8aa-089df4bf3532,dataset_1,0,265,0.30330026149749756,0.719703197479248,987432.0,0.30508798360824585,1963,1
StandardGSGP,ba836ba7-0013-11f0-a8aa-089df4bf3532,dataset_1,0,266,0.3032482862472534,0.6973295211791992,992306.0,0.30544617772102356,1983,1
StandardGSGP,ba836ba7-0013-11f0-a8aa-089df4bf3532,dataset_1,0,267,0.3029869794845581,0.6337897777557373,996612.0,0.3052372336387634,1971,1
StandardGSGP,ba836ba7-0013-11f0-a8aa-089df4bf3532,dataset_1,0,268,0.30298224091529846,0.5962600708007812,1000700.0,0.30602461099624634,1983,1
StandardGSGP,ba836ba7-0013-11f0-a8aa-089df4bf3532,dataset_1,0,269,0.3029802739620209,0.5323951244354248,1005466.0,0.3065350353717804,1977,1
StandardGSGP,ba836ba7-0013-11f0-a8aa-089df4bf3532,dataset_1,0,270,0.3028983771800995,0.5936315059661865,1008952.0,0.3054822087287903,2013,1
StandardGSGP,ba836ba7-0013-11f0-a8aa-089df4bf3532,dataset_1,0,271,0.3028748035430908,0.608008861541748,1013068.0,0.3068830668926239,1989,1
StandardGSGP,ba836ba7-0013-11f0-a8aa-089df4bf3532,dataset_1,0,272,0.30276304483413696,0.5637133121490479,1017636.0,0.30670756101608276,2001,1
StandardGSGP,ba836ba7-0013-11f0-a8aa-089df4bf3532,dataset_1,0,273,0.3027626872062683,0.5634779930114746,1020988.0,0.30670708417892456,2013,1
StandardGSGP,ba836ba7-0013-11f0-a8aa-089df4bf3532,dataset_1,0,274,0.3026666045188904,0.5642271041870117,1023972.0,0.3071986734867096,2021,1
StandardGSGP,ba836ba7-0013-11f0-a8aa-089df4bf3532,dataset_1,0,275,0.3026666045188904,0.74906325340271,1026934.0,0.3071986734867096,2021,1
StandardGSGP,ba836ba7-0013-11f0-a8aa-089df4bf3532,dataset_1,0,276,0.3026666045188904,0.5553884506225586,1029130.0,0.3071986734867096,2021,1
StandardGSGP,ba836ba7-0013-11f0-a8aa-089df4bf3532,dataset_1,0,277,0.3026666045188904,0.5812845230102539,1032070.0,0.3071986734867096,2021,1
StandardGSGP,ba836ba7-0013-11f0-a8aa-089df4bf3532,dataset_1,0,278,0.30194365978240967,0.5305194854736328,1034806.0,0.30790650844573975,2067,1
StandardGSGP,ba836ba7-0013-11f0-a8aa-089df4bf3532,dataset_1,0,279,0.301876425743103,0.5854079723358154,1037872.0,0.29556185007095337,2079,1
StandardGSGP,ba836ba7-0013-11f0-a8aa-089df4bf3532,dataset_1,0,280,0.3017944097518921,0.5331785678863525,1040668.0,0.2987152338027954,2087,1
StandardGSGP,ba836ba7-0013-11f0-a8aa-089df4bf3532,dataset_1,0,281,0.3017944097518921,0.5668776035308838,1043626.0,0.2987152338027954,2087,1
StandardGSGP,ba836ba7-0013-11f0-a8aa-089df4bf3532,dataset_1,0,282,0.301701158285141,0.5655684471130371,1047110.0,0.3024619519710541,2085,1
StandardGSGP,ba836ba7-0013-11f0-a8aa-089df4bf3532,dataset_1,0,283,0.301701158285141,0.6163427829742432,1050010.0,0.3024619519710541,2085,1
StandardGSGP,ba836ba7-0013-11f0-a8aa-089df4bf3532,dataset_1,0,284,0.30167317390441895,0.56260085105896,1052564.0,0.3019159138202667,2103,1
StandardGSGP,ba836ba7-0013-11f0-a8aa-089df4bf3532,dataset_1,0,285,0.3016695976257324,0.5994160175323486,1055936.0,0.2995757758617401,2107,1
StandardGSGP,ba836ba7-0013-11f0-a8aa-089df4bf3532,dataset_1,0,286,0.301494300365448,0.5674493312835693,1060056.0,0.3021707534790039,2111,1
StandardGSGP,ba836ba7-0013-11f0-a8aa-089df4bf3532,dataset_1,0,287,0.301494300365448,0.5570011138916016,1063778.0,0.3021707534790039,2111,1
StandardGSGP,ba836ba7-0013-11f0-a8aa-089df4bf3532,dataset_1,0,288,0.30136996507644653,0.5740182399749756,1067046.0,0.30728861689567566,2125,1
StandardGSGP,ba836ba7-0013-11f0-a8aa-089df4bf3532,dataset_1,0,289,0.3012296259403229,0.6029496192932129,1070548.0,0.30779290199279785,2125,1
StandardGSGP,ba836ba7-0013-11f0-a8aa-089df4bf3532,dataset_1,0,290,0.30089783668518066,0.6260669231414795,1074278.0,0.30462753772735596,2133,1
StandardGSGP,ba836ba7-0013-11f0-a8aa-089df4bf3532,dataset_1,0,291,0.30089783668518066,0.6985487937927246,1077954.0,0.30462753772735596,2133,1
StandardGSGP,ba836ba7-0013-11f0-a8aa-089df4bf3532,dataset_1,0,292,0.30089783668518066,0.5675930976867676,1081194.0,0.30462753772735596,2133,1
StandardGSGP,ba836ba7-0013-11f0-a8aa-089df4bf3532,dataset_1,0,293,0.30089783668518066,0.5726962089538574,1084418.0,0.30462753772735596,2133,1
StandardGSGP,ba836ba7-0013-11f0-a8aa-089df4bf3532,dataset_1,0,294,0.3007649779319763,0.575230598449707,1087154.0,0.29518038034439087,2141,1
StandardGSGP,ba836ba7-0013-11f0-a8aa-089df4bf3532,dataset_1,0,295,0.3007649779319763,0.5529756546020508,1090808.0,0.29518038034439087,2141,1
StandardGSGP,ba836ba7-0013-11f0-a8aa-089df4bf3532,dataset_1,0,296,0.3007649779319763,0.5638294219970703,1094534.0,0.29518038034439087,2141,1
StandardGSGP,ba836ba7-0013-11f0-a8aa-089df4bf3532,dataset_1,0,297,0.3005923628807068,0.6027188301086426,1098484.0,0.29446229338645935,2161,1
StandardGSGP,ba836ba7-0013-11f0-a8aa-089df4bf3532,dataset_1,0,298,0.3002156913280487,0.5799524784088135,1101156.0,0.29808324575424194,2169,1
StandardGSGP,ba836ba7-0013-11f0-a8aa-089df4bf3532,dataset_1,0,299,0.3002156913280487,0.5301909446716309,1103810.0,0.29808324575424194,2169,1
StandardGSGP,ba836ba7-0013-11f0-a8aa-089df4bf3532,dataset_1,0,300,0.3002156913280487,0.5519835948944092,1106984.0,0.29808324575424194,2169,1
StandardGSGP,ba836ba7-0013-11f0-a8aa-089df4bf3532,dataset_1,0,301,0.3002156913280487,0.6768019199371338,1110648.0,0.29808324575424194,2169,1
StandardGSGP,ba836ba7-0013-11f0-a8aa-089df4bf3532,dataset_1,0,302,0.3002156913280487,0.6273033618927002,1114570.0,0.29808324575424194,2169,1
StandardGSGP,ba836ba7-0013-11f0-a8aa-089df4bf3532,dataset_1,0,303,0.3002156913280487,0.6777439117431641,1117880.0,0.29808324575424194,2169,1
StandardGSGP,ba836ba7-0013-11f0-a8aa-089df4bf3532,dataset_1,0,304,0.2998456358909607,0.6734058856964111,1121324.0,0.2969314455986023,2187,1
StandardGSGP,ba836ba7-0013-11f0-a8aa-089df4bf3532,dataset_1,0,305,0.29971909523010254,0.6239907741546631,1123918.0,0.2963048815727234,2197,1
StandardGSGP,ba836ba7-0013-11f0-a8aa-089df4bf3532,dataset_1,0,306,0.29966461658477783,0.6053855419158936,1126296.0,0.29877057671546936,2205,1
StandardGSGP,ba836ba7-0013-11f0-a8aa-089df4bf3532,dataset_1,0,307,0.2995007336139679,0.6156041622161865,1129328.0,0.2969719171524048,2213,1
StandardGSGP,ba836ba7-0013-11f0-a8aa-089df4bf3532,dataset_1,0,308,0.29947397112846375,0.6108238697052002,1133568.0,0.2977302074432373,2219,1
StandardGSGP,ba836ba7-0013-11f0-a8aa-089df4bf3532,dataset_1,0,309,0.29947397112846375,0.533165693283081,1137704.0,0.2977302074432373,2219,1
StandardGSGP,ba836ba7-0013-11f0-a8aa-089df4bf3532,dataset_1,0,310,0.2955382764339447,0.6396877765655518,1139802.0,0.3215177059173584,2235,1
StandardGSGP,ba836ba7-0013-11f0-a8aa-089df4bf3532,dataset_1,0,311,0.2936304211616516,0.5929181575775146,1142446.0,0.31083592772483826,2241,1
StandardGSGP,ba836ba7-0013-11f0-a8aa-089df4bf3532,dataset_1,0,312,0.2927170991897583,0.8001492023468018,1146260.0,0.3042569160461426,2249,1
StandardGSGP,ba836ba7-0013-11f0-a8aa-089df4bf3532,dataset_1,0,313,0.2927170991897583,0.7093563079833984,1149576.0,0.3042569160461426,2249,1
StandardGSGP,ba836ba7-0013-11f0-a8aa-089df4bf3532,dataset_1,0,314,0.2925223708152771,0.6006669998168945,1152830.0,0.2990936040878296,2263,1
StandardGSGP,ba836ba7-0013-11f0-a8aa-089df4bf3532,dataset_1,0,315,0.2924695909023285,0.6862289905548096,1155106.0,0.2986016869544983,2269,1
StandardGSGP,ba836ba7-0013-11f0-a8aa-089df4bf3532,dataset_1,0,316,0.2924695909023285,0.6753315925598145,1156462.0,0.2986016869544983,2269,1
StandardGSGP,ba836ba7-0013-11f0-a8aa-089df4bf3532,dataset_1,0,317,0.2924695909023285,0.5801973342895508,1160052.0,0.2986016869544983,2269,1
StandardGSGP,ba836ba7-0013-11f0-a8aa-089df4bf3532,dataset_1,0,318,0.2924194931983948,0.5724222660064697,1160638.0,0.2981320023536682,2285,1
StandardGSGP,ba836ba7-0013-11f0-a8aa-089df4bf3532,dataset_1,0,319,0.2922901213169098,0.5911965370178223,1162222.0,0.29800423979759216,2313,1
StandardGSGP,ba836ba7-0013-11f0-a8aa-089df4bf3532,dataset_1,0,320,0.2922901213169098,0.5703861713409424,1162484.0,0.29800423979759216,2313,1
StandardGSGP,ba836ba7-0013-11f0-a8aa-089df4bf3532,dataset_1,0,321,0.29227733612060547,0.5189237594604492,1163664.0,0.29582637548446655,2315,1
StandardGSGP,ba836ba7-0013-11f0-a8aa-089df4bf3532,dataset_1,0,322,0.2922475039958954,0.5476069450378418,1166106.0,0.29528748989105225,2319,1
StandardGSGP,ba836ba7-0013-11f0-a8aa-089df4bf3532,dataset_1,0,323,0.2922475039958954,0.6159753799438477,1168082.0,0.29528748989105225,2319,1
StandardGSGP,ba836ba7-0013-11f0-a8aa-089df4bf3532,dataset_1,0,324,0.2922475039958954,0.5253658294677734,1170808.0,0.29528748989105225,2319,1
StandardGSGP,ba836ba7-0013-11f0-a8aa-089df4bf3532,dataset_1,0,325,0.2922475039958954,0.5104458332061768,1174084.0,0.29528748989105225,2319,1
StandardGSGP,ba836ba7-0013-11f0-a8aa-089df4bf3532,dataset_1,0,326,0.2920721471309662,0.5566151142120361,1177832.0,0.2957351505756378,2397,1
StandardGSGP,ba836ba7-0013-11f0-a8aa-089df4bf3532,dataset_1,0,327,0.2920721471309662,0.503582239151001,1181994.0,0.2957351505756378,2397,1
StandardGSGP,ba836ba7-0013-11f0-a8aa-089df4bf3532,dataset_1,0,328,0.29177576303482056,0.5934934616088867,1185674.0,0.2966803312301636,2369,1
StandardGSGP,ba836ba7-0013-11f0-a8aa-089df4bf3532,dataset_1,0,329,0.29177576303482056,0.5410575866699219,1189886.0,0.2966803312301636,2369,1
StandardGSGP,ba836ba7-0013-11f0-a8aa-089df4bf3532,dataset_1,0,330,0.29177576303482056,0.5737261772155762,1193808.0,0.2966803312301636,2369,1
StandardGSGP,ba836ba7-0013-11f0-a8aa-089df4bf3532,dataset_1,0,331,0.2910330295562744,0.5122475624084473,1197884.0,0.298671156167984,2425,1
StandardGSGP,ba836ba7-0013-11f0-a8aa-089df4bf3532,dataset_1,0,332,0.29089877009391785,0.528355598449707,1201994.0,0.2947225272655487,2435,1
StandardGSGP,ba836ba7-0013-11f0-a8aa-089df4bf3532,dataset_1,0,333,0.2907811403274536,0.5061478614807129,1205792.0,0.2955048978328705,2443,1
StandardGSGP,ba836ba7-0013-11f0-a8aa-089df4bf3532,dataset_1,0,334,0.2907811403274536,0.6571087837219238,1209656.0,0.2955048978328705,2443,1
StandardGSGP,ba836ba7-0013-11f0-a8aa-089df4bf3532,dataset_1,0,335,0.2907811403274536,0.5228888988494873,1213920.0,0.2955048978328705,2443,1
StandardGSGP,ba836ba7-0013-11f0-a8aa-089df4bf3532,dataset_1,0,336,0.2907811403274536,0.603081464767456,1218064.0,0.2955048978328705,2443,1
StandardGSGP,ba836ba7-0013-11f0-a8aa-089df4bf3532,dataset_1,0,337,0.2907368242740631,0.5638937950134277,1223016.0,0.294146329164505,2467,1
StandardGSGP,ba836ba7-0013-11f0-a8aa-089df4bf3532,dataset_1,0,338,0.2907368242740631,0.5464687347412109,1227866.0,0.294146329164505,2467,1
StandardGSGP,ba836ba7-0013-11f0-a8aa-089df4bf3532,dataset_1,0,339,0.29072290658950806,0.6826789379119873,1232774.0,0.29590827226638794,2479,1
StandardGSGP,ba836ba7-0013-11f0-a8aa-089df4bf3532,dataset_1,0,340,0.2906680405139923,0.5547761917114258,1236570.0,0.29238566756248474,2499,1
StandardGSGP,ba836ba7-0013-11f0-a8aa-089df4bf3532,dataset_1,0,341,0.2906402051448822,0.6057534217834473,1240676.0,0.29230037331581116,2505,1
StandardGSGP,ba836ba7-0013-11f0-a8aa-089df4bf3532,dataset_1,0,342,0.2906334698200226,0.549734354019165,1244440.0,0.29248037934303284,2511,1
StandardGSGP,ba836ba7-0013-11f0-a8aa-089df4bf3532,dataset_1,0,343,0.29023993015289307,0.5662899017333984,1249184.0,0.29524514079093933,2515,1
StandardGSGP,ba836ba7-0013-11f0-a8aa-089df4bf3532,dataset_1,0,344,0.29023993015289307,0.519014835357666,1253828.0,0.29524514079093933,2515,1
StandardGSGP,ba836ba7-0013-11f0-a8aa-089df4bf3532,dataset_1,0,345,0.29023993015289307,0.5647904872894287,1258048.0,0.29524514079093933,2515,1
StandardGSGP,ba836ba7-0013-11f0-a8aa-089df4bf3532,dataset_1,0,346,0.2894856333732605,0.5462558269500732,1263328.0,0.29345428943634033,2525,1
StandardGSGP,ba836ba7-0013-11f0-a8aa-089df4bf3532,dataset_1,0,347,0.2894856333732605,0.5354108810424805,1267290.0,0.29345428943634033,2525,1
StandardGSGP,ba836ba7-0013-11f0-a8aa-089df4bf3532,dataset_1,0,348,0.28763547539711,0.5402317047119141,1271836.0,0.2963137626647949,2547,1
StandardGSGP,ba836ba7-0013-11f0-a8aa-089df4bf3532,dataset_1,0,349,0.2876346707344055,0.5861058235168457,1276650.0,0.29274410009384155,2561,1
StandardGSGP,ba836ba7-0013-11f0-a8aa-089df4bf3532,dataset_1,0,350,0.2876346707344055,0.5845630168914795,1281110.0,0.29274410009384155,2561,1
StandardGSGP,ba836ba7-0013-11f0-a8aa-089df4bf3532,dataset_1,0,351,0.2875851094722748,0.5457327365875244,1285012.0,0.2946503460407257,2569,1
StandardGSGP,ba836ba7-0013-11f0-a8aa-089df4bf3532,dataset_1,0,352,0.2875851094722748,0.5490882396697998,1289920.0,0.2946503460407257,2569,1
StandardGSGP,ba836ba7-0013-11f0-a8aa-089df4bf3532,dataset_1,0,353,0.2875851094722748,0.5662798881530762,1293674.0,0.2946503460407257,2569,1
StandardGSGP,ba836ba7-0013-11f0-a8aa-089df4bf3532,dataset_1,0,354,0.2875851094722748,0.5842409133911133,1297328.0,0.2946503460407257,2569,1
StandardGSGP,ba836ba7-0013-11f0-a8aa-089df4bf3532,dataset_1,0,355,0.2871386706829071,0.6141142845153809,1301338.0,0.29167240858078003,2599,1
StandardGSGP,ba836ba7-0013-11f0-a8aa-089df4bf3532,dataset_1,0,356,0.28648868203163147,0.5145072937011719,1304808.0,0.2976841926574707,2599,1
StandardGSGP,ba836ba7-0013-11f0-a8aa-089df4bf3532,dataset_1,0,357,0.28648868203163147,0.5483722686767578,1308588.0,0.2976841926574707,2599,1
StandardGSGP,ba836ba7-0013-11f0-a8aa-089df4bf3532,dataset_1,0,358,0.28628939390182495,0.5235106945037842,1312484.0,0.29434531927108765,2605,1
StandardGSGP,ba836ba7-0013-11f0-a8aa-089df4bf3532,dataset_1,0,359,0.28628939390182495,0.5158329010009766,1316150.0,0.29434531927108765,2605,1
StandardGSGP,ba836ba7-0013-11f0-a8aa-089df4bf3532,dataset_1,0,360,0.286287397146225,0.6636795997619629,1319498.0,0.2939128279685974,2621,1
StandardGSGP,ba836ba7-0013-11f0-a8aa-089df4bf3532,dataset_1,0,361,0.28610262274742126,0.6293356418609619,1323560.0,0.29672518372535706,2639,1
StandardGSGP,ba836ba7-0013-11f0-a8aa-089df4bf3532,dataset_1,0,362,0.28608670830726624,0.5674376487731934,1326782.0,0.2912214994430542,2635,1
StandardGSGP,ba836ba7-0013-11f0-a8aa-089df4bf3532,dataset_1,0,363,0.2859833836555481,0.5153970718383789,1330150.0,0.29326021671295166,2649,1
StandardGSGP,ba836ba7-0013-11f0-a8aa-089df4bf3532,dataset_1,0,364,0.2859833836555481,0.6211295127868652,1333678.0,0.29326021671295166,2649,1
StandardGSGP,ba836ba7-0013-11f0-a8aa-089df4bf3532,dataset_1,0,365,0.2859833836555481,0.5746505260467529,1337446.0,0.29326021671295166,2649,1
StandardGSGP,ba836ba7-0013-11f0-a8aa-089df4bf3532,dataset_1,0,366,0.28595471382141113,0.5337355136871338,1341154.0,0.2949295938014984,2659,1
StandardGSGP,ba836ba7-0013-11f0-a8aa-089df4bf3532,dataset_1,0,367,0.28595471382141113,0.4908254146575928,1345026.0,0.2949295938014984,2659,1
StandardGSGP,ba836ba7-0013-11f0-a8aa-089df4bf3532,dataset_1,0,368,0.28595471382141113,0.5662081241607666,1348326.0,0.2949295938014984,2659,1
StandardGSGP,ba836ba7-0013-11f0-a8aa-089df4bf3532,dataset_1,0,369,0.2856219708919525,0.5105299949645996,1351424.0,0.28954946994781494,2683,1
StandardGSGP,ba836ba7-0013-11f0-a8aa-089df4bf3532,dataset_1,0,370,0.2856219708919525,0.583775520324707,1354604.0,0.28954946994781494,2683,1
StandardGSGP,ba836ba7-0013-11f0-a8aa-089df4bf3532,dataset_1,0,371,0.2856003940105438,0.6909935474395752,1358518.0,0.2890239357948303,2681,1
StandardGSGP,ba836ba7-0013-11f0-a8aa-089df4bf3532,dataset_1,0,372,0.2856003940105438,0.5721628665924072,1361460.0,0.2890239357948303,2681,1
StandardGSGP,ba836ba7-0013-11f0-a8aa-089df4bf3532,dataset_1,0,373,0.2855710983276367,0.5786302089691162,1364356.0,0.2940395772457123,2695,1
StandardGSGP,ba836ba7-0013-11f0-a8aa-089df4bf3532,dataset_1,0,374,0.2855710983276367,0.5310299396514893,1367684.0,0.2940395772457123,2695,1
StandardGSGP,ba836ba7-0013-11f0-a8aa-089df4bf3532,dataset_1,0,375,0.28550735116004944,0.5622825622558594,1370914.0,0.29504796862602234,2693,1
StandardGSGP,ba836ba7-0013-11f0-a8aa-089df4bf3532,dataset_1,0,376,0.2852955162525177,0.5381014347076416,1373444.0,0.2947394847869873,2709,1
StandardGSGP,ba836ba7-0013-11f0-a8aa-089df4bf3532,dataset_1,0,377,0.2852955162525177,0.5389118194580078,1376316.0,0.2947394847869873,2709,1
StandardGSGP,ba836ba7-0013-11f0-a8aa-089df4bf3532,dataset_1,0,378,0.28503239154815674,0.5113575458526611,1378904.0,0.29370546340942383,2763,1
StandardGSGP,ba836ba7-0013-11f0-a8aa-089df4bf3532,dataset_1,0,379,0.28502157330513,0.5538945198059082,1381710.0,0.29352888464927673,2771,1
StandardGSGP,ba836ba7-0013-11f0-a8aa-089df4bf3532,dataset_1,0,380,0.28502157330513,0.5454363822937012,1385420.0,0.29352888464927673,2771,1
StandardGSGP,ba836ba7-0013-11f0-a8aa-089df4bf3532,dataset_1,0,381,0.2847524881362915,0.5269298553466797,1389022.0,0.29214954376220703,2775,1
StandardGSGP,ba836ba7-0013-11f0-a8aa-089df4bf3532,dataset_1,0,382,0.2847524881362915,0.5269303321838379,1392154.0,0.29214954376220703,2775,1
StandardGSGP,ba836ba7-0013-11f0-a8aa-089df4bf3532,dataset_1,0,383,0.2847524881362915,0.5370643138885498,1395222.0,0.29214954376220703,2775,1
StandardGSGP,ba836ba7-0013-11f0-a8aa-089df4bf3532,dataset_1,0,384,0.2847524881362915,0.535008430480957,1398048.0,0.29214954376220703,2775,1
StandardGSGP,ba836ba7-0013-11f0-a8aa-089df4bf3532,dataset_1,0,385,0.2845938205718994,0.5416991710662842,1401832.0,0.29195940494537354,2803,1
StandardGSGP,ba836ba7-0013-11f0-a8aa-089df4bf3532,dataset_1,0,386,0.2845938205718994,0.5331013202667236,1405146.0,0.29195940494537354,2803,1
StandardGSGP,ba836ba7-0013-11f0-a8aa-089df4bf3532,dataset_1,0,387,0.2845931649208069,0.5423414707183838,1409158.0,0.29068925976753235,2833,1
StandardGSGP,ba836ba7-0013-11f0-a8aa-089df4bf3532,dataset_1,0,388,0.2845931649208069,0.6276977062225342,1412306.0,0.29068925976753235,2833,1
StandardGSGP,ba836ba7-0013-11f0-a8aa-089df4bf3532,dataset_1,0,389,0.2845931649208069,0.538597822189331,1415130.0,0.29068925976753235,2833,1
StandardGSGP,ba836ba7-0013-11f0-a8aa-089df4bf3532,dataset_1,0,390,0.2845671474933624,0.5259506702423096,1418060.0,0.28946003317832947,2821,1
StandardGSGP,ba836ba7-0013-11f0-a8aa-089df4bf3532,dataset_1,0,391,0.28455379605293274,0.5450258255004883,1420996.0,0.29045647382736206,2831,1
StandardGSGP,ba836ba7-0013-11f0-a8aa-089df4bf3532,dataset_1,0,392,0.28455379605293274,0.5243399143218994,1424800.0,0.29045647382736206,2831,1
StandardGSGP,ba836ba7-0013-11f0-a8aa-089df4bf3532,dataset_1,0,393,0.2843153774738312,0.5341837406158447,1427490.0,0.2897089421749115,2853,1
StandardGSGP,ba836ba7-0013-11f0-a8aa-089df4bf3532,dataset_1,0,394,0.28409937024116516,0.5172080993652344,1431812.0,0.28905245661735535,2883,1
StandardGSGP,ba836ba7-0013-11f0-a8aa-089df4bf3532,dataset_1,0,395,0.2840286195278168,0.5824980735778809,1434758.0,0.2918938398361206,2883,1
StandardGSGP,ba836ba7-0013-11f0-a8aa-089df4bf3532,dataset_1,0,396,0.2837570309638977,0.571037769317627,1438218.0,0.29098162055015564,2897,1
StandardGSGP,ba836ba7-0013-11f0-a8aa-089df4bf3532,dataset_1,0,397,0.2837570309638977,0.5740227699279785,1440882.0,0.29098162055015564,2897,1
StandardGSGP,ba836ba7-0013-11f0-a8aa-089df4bf3532,dataset_1,0,398,0.2837570309638977,0.5395643711090088,1444834.0,0.29098162055015564,2897,1
StandardGSGP,ba836ba7-0013-11f0-a8aa-089df4bf3532,dataset_1,0,399,0.283643513917923,0.5350511074066162,1449672.0,0.2906714677810669,2903,1
StandardGSGP,ba836ba7-0013-11f0-a8aa-089df4bf3532,dataset_1,0,400,0.2834932506084442,0.51621413230896,1454734.0,0.28854385018348694,2933,1
StandardGSGP,ba836ba7-0013-11f0-a8aa-089df4bf3532,dataset_1,0,401,0.2834932506084442,0.5063395500183105,1458622.0,0.28854385018348694,2933,1
StandardGSGP,ba836ba7-0013-11f0-a8aa-089df4bf3532,dataset_1,0,402,0.2834932506084442,0.5180089473724365,1463196.0,0.28854385018348694,2933,1
StandardGSGP,ba836ba7-0013-11f0-a8aa-089df4bf3532,dataset_1,0,403,0.2834932506084442,0.5702090263366699,1468124.0,0.28854385018348694,2933,1
StandardGSGP,ba836ba7-0013-11f0-a8aa-089df4bf3532,dataset_1,0,404,0.2834932506084442,0.6347277164459229,1472330.0,0.28854385018348694,2933,1
StandardGSGP,ba836ba7-0013-11f0-a8aa-089df4bf3532,dataset_1,0,405,0.2834932506084442,0.5449895858764648,1475112.0,0.28854385018348694,2933,1
StandardGSGP,ba836ba7-0013-11f0-a8aa-089df4bf3532,dataset_1,0,406,0.2834932506084442,0.5143458843231201,1479068.0,0.28854385018348694,2933,1
StandardGSGP,ba836ba7-0013-11f0-a8aa-089df4bf3532,dataset_1,0,407,0.2834932506084442,0.5321164131164551,1483052.0,0.28854385018348694,2933,1
StandardGSGP,ba836ba7-0013-11f0-a8aa-089df4bf3532,dataset_1,0,408,0.2834932506084442,0.5739870071411133,1486168.0,0.28854385018348694,2933,1
StandardGSGP,ba836ba7-0013-11f0-a8aa-089df4bf3532,dataset_1,0,409,0.283456027507782,0.5544986724853516,1490636.0,0.29159554839134216,2955,1
StandardGSGP,ba836ba7-0013-11f0-a8aa-089df4bf3532,dataset_1,0,410,0.2834374010562897,0.5176875591278076,1494596.0,0.2886582612991333,2961,1
StandardGSGP,ba836ba7-0013-11f0-a8aa-089df4bf3532,dataset_1,0,411,0.2833770513534546,0.6382350921630859,1498198.0,0.28921380639076233,2951,1
StandardGSGP,ba836ba7-0013-11f0-a8aa-089df4bf3532,dataset_1,0,412,0.2833038866519928,0.5859997272491455,1500030.0,0.29144230484962463,2951,1
StandardGSGP,ba836ba7-0013-11f0-a8aa-089df4bf3532,dataset_1,0,413,0.2833038866519928,0.5756442546844482,1503788.0,0.29144230484962463,2951,1
StandardGSGP,ba836ba7-0013-11f0-a8aa-089df4bf3532,dataset_1,0,414,0.2831626832485199,0.5973703861236572,1507100.0,0.2908881902694702,2965,1
StandardGSGP,ba836ba7-0013-11f0-a8aa-089df4bf3532,dataset_1,0,415,0.2824082374572754,0.5689792633056641,1510094.0,0.28367385268211365,2971,1
StandardGSGP,ba836ba7-0013-11f0-a8aa-089df4bf3532,dataset_1,0,416,0.2824082374572754,0.5817093849182129,1513570.0,0.28367385268211365,2971,1
StandardGSGP,ba836ba7-0013-11f0-a8aa-089df4bf3532,dataset_1,0,417,0.2824082374572754,0.5811009407043457,1516526.0,0.28367385268211365,2971,1
StandardGSGP,ba836ba7-0013-11f0-a8aa-089df4bf3532,dataset_1,0,418,0.2824082374572754,0.5376653671264648,1520018.0,0.28367385268211365,2971,1
StandardGSGP,ba836ba7-0013-11f0-a8aa-089df4bf3532,dataset_1,0,419,0.2824082374572754,0.5874137878417969,1521622.0,0.28367385268211365,2971,1
StandardGSGP,ba836ba7-0013-11f0-a8aa-089df4bf3532,dataset_1,0,420,0.2822781503200531,0.618070125579834,1523472.0,0.2840745449066162,2989,1
StandardGSGP,ba836ba7-0013-11f0-a8aa-089df4bf3532,dataset_1,0,421,0.2822781503200531,0.5224390029907227,1525124.0,0.2840745449066162,2989,1
StandardGSGP,ba836ba7-0013-11f0-a8aa-089df4bf3532,dataset_1,0,422,0.28227654099464417,0.5787715911865234,1528526.0,0.2841559648513794,3009,1
StandardGSGP,ba836ba7-0013-11f0-a8aa-089df4bf3532,dataset_1,0,423,0.28227654099464417,0.533367395401001,1531598.0,0.2841559648513794,3009,1
StandardGSGP,ba836ba7-0013-11f0-a8aa-089df4bf3532,dataset_1,0,424,0.2822214365005493,0.5842690467834473,1534356.0,0.28729861974716187,3015,1
StandardGSGP,ba836ba7-0013-11f0-a8aa-089df4bf3532,dataset_1,0,425,0.2822214365005493,0.5805637836456299,1535402.0,0.28729861974716187,3015,1
StandardGSGP,ba836ba7-0013-11f0-a8aa-089df4bf3532,dataset_1,0,426,0.2821579575538635,0.5718309879302979,1535142.0,0.2932805120944977,3033,1
StandardGSGP,ba836ba7-0013-11f0-a8aa-089df4bf3532,dataset_1,0,427,0.2820892930030823,0.5135867595672607,1534674.0,0.29341304302215576,3039,1
StandardGSGP,ba836ba7-0013-11f0-a8aa-089df4bf3532,dataset_1,0,428,0.28204941749572754,0.5685267448425293,1536272.0,0.291466623544693,3041,1
StandardGSGP,ba836ba7-0013-11f0-a8aa-089df4bf3532,dataset_1,0,429,0.28192204236984253,0.5450403690338135,1538444.0,0.28744810819625854,3051,1
StandardGSGP,ba836ba7-0013-11f0-a8aa-089df4bf3532,dataset_1,0,430,0.28192204236984253,0.6404030323028564,1540238.0,0.28744810819625854,3051,1
StandardGSGP,ba836ba7-0013-11f0-a8aa-089df4bf3532,dataset_1,0,431,0.28192204236984253,0.6203248500823975,1543434.0,0.28744810819625854,3051,1
StandardGSGP,ba836ba7-0013-11f0-a8aa-089df4bf3532,dataset_1,0,432,0.28186550736427307,0.5782978534698486,1545972.0,0.28572744131088257,3069,1
StandardGSGP,ba836ba7-0013-11f0-a8aa-089df4bf3532,dataset_1,0,433,0.2816760241985321,0.5514018535614014,1548300.0,0.2881673574447632,3079,1
StandardGSGP,ba836ba7-0013-11f0-a8aa-089df4bf3532,dataset_1,0,434,0.28167596459388733,0.5255722999572754,1551290.0,0.28816425800323486,3087,1
StandardGSGP,ba836ba7-0013-11f0-a8aa-089df4bf3532,dataset_1,0,435,0.28167298436164856,0.5426199436187744,1553952.0,0.2881382405757904,3101,1
StandardGSGP,ba836ba7-0013-11f0-a8aa-089df4bf3532,dataset_1,0,436,0.28149211406707764,0.6196808815002441,1555866.0,0.28831765055656433,3113,1
StandardGSGP,ba836ba7-0013-11f0-a8aa-089df4bf3532,dataset_1,0,437,0.28149211406707764,0.5738818645477295,1559154.0,0.28831765055656433,3113,1
StandardGSGP,ba836ba7-0013-11f0-a8aa-089df4bf3532,dataset_1,0,438,0.28149211406707764,0.531686544418335,1562684.0,0.28831765055656433,3113,1
StandardGSGP,ba836ba7-0013-11f0-a8aa-089df4bf3532,dataset_1,0,439,0.279097318649292,0.5573770999908447,1564496.0,0.2907206118106842,3129,1
StandardGSGP,ba836ba7-0013-11f0-a8aa-089df4bf3532,dataset_1,0,440,0.27872416377067566,0.5123333930969238,1567466.0,0.28758347034454346,3139,1
StandardGSGP,ba836ba7-0013-11f0-a8aa-089df4bf3532,dataset_1,0,441,0.27872416377067566,0.5469937324523926,1571036.0,0.28758347034454346,3139,1
StandardGSGP,ba836ba7-0013-11f0-a8aa-089df4bf3532,dataset_1,0,442,0.27872416377067566,0.5300002098083496,1574442.0,0.28758347034454346,3139,1
StandardGSGP,ba836ba7-0013-11f0-a8aa-089df4bf3532,dataset_1,0,443,0.27872416377067566,0.5541045665740967,1577772.0,0.28758347034454346,3139,1
StandardGSGP,ba836ba7-0013-11f0-a8aa-089df4bf3532,dataset_1,0,444,0.27872416377067566,0.5794169902801514,1581122.0,0.28758347034454346,3139,1
StandardGSGP,ba836ba7-0013-11f0-a8aa-089df4bf3532,dataset_1,0,445,0.27872416377067566,0.6015284061431885,1584640.0,0.28758347034454346,3139,1
StandardGSGP,ba836ba7-0013-11f0-a8aa-089df4bf3532,dataset_1,0,446,0.27872416377067566,0.5430071353912354,1588360.0,0.28758347034454346,3139,1
StandardGSGP,ba836ba7-0013-11f0-a8aa-089df4bf3532,dataset_1,0,447,0.27853256464004517,0.5517580509185791,1592104.0,0.28720802068710327,3195,1
StandardGSGP,ba836ba7-0013-11f0-a8aa-089df4bf3532,dataset_1,0,448,0.27853256464004517,0.5182685852050781,1595668.0,0.28720802068710327,3195,1
StandardGSGP,ba836ba7-0013-11f0-a8aa-089df4bf3532,dataset_1,0,449,0.2784808576107025,0.5448830127716064,1599782.0,0.28797799348831177,3209,1
StandardGSGP,ba836ba7-0013-11f0-a8aa-089df4bf3532,dataset_1,0,450,0.27830031514167786,0.537898063659668,1603706.0,0.2860864996910095,3205,1
StandardGSGP,ba836ba7-0013-11f0-a8aa-089df4bf3532,dataset_1,0,451,0.27830031514167786,0.5160503387451172,1607594.0,0.2860864996910095,3205,1
StandardGSGP,ba836ba7-0013-11f0-a8aa-089df4bf3532,dataset_1,0,452,0.27830031514167786,0.632901668548584,1611422.0,0.2860864996910095,3205,1
StandardGSGP,ba836ba7-0013-11f0-a8aa-089df4bf3532,dataset_1,0,453,0.27830031514167786,0.5412094593048096,1615724.0,0.2860864996910095,3205,1
StandardGSGP,ba836ba7-0013-11f0-a8aa-089df4bf3532,dataset_1,0,454,0.27830031514167786,0.5185015201568604,1619566.0,0.2860864996910095,3205,1
StandardGSGP,ba836ba7-0013-11f0-a8aa-089df4bf3532,dataset_1,0,455,0.27830031514167786,0.552053689956665,1623426.0,0.2860864996910095,3205,1
StandardGSGP,ba836ba7-0013-11f0-a8aa-089df4bf3532,dataset_1,0,456,0.27825769782066345,0.5272481441497803,1627174.0,0.2890547215938568,3245,1
StandardGSGP,ba836ba7-0013-11f0-a8aa-089df4bf3532,dataset_1,0,457,0.27825769782066345,0.5818114280700684,1630718.0,0.2890547215938568,3245,1
StandardGSGP,ba836ba7-0013-11f0-a8aa-089df4bf3532,dataset_1,0,458,0.2782306373119354,0.5526671409606934,1633946.0,0.28516289591789246,3243,1
StandardGSGP,ba836ba7-0013-11f0-a8aa-089df4bf3532,dataset_1,0,459,0.27818581461906433,0.5191497802734375,1637584.0,0.28867587447166443,3251,1
StandardGSGP,ba836ba7-0013-11f0-a8aa-089df4bf3532,dataset_1,0,460,0.27816805243492126,0.5043692588806152,1641122.0,0.28713005781173706,3281,1
StandardGSGP,ba836ba7-0013-11f0-a8aa-089df4bf3532,dataset_1,0,461,0.2781529724597931,0.5033233165740967,1644890.0,0.28649675846099854,3287,1
StandardGSGP,ba836ba7-0013-11f0-a8aa-089df4bf3532,dataset_1,0,462,0.27814528346061707,0.5108318328857422,1648902.0,0.285907506942749,3295,1
StandardGSGP,ba836ba7-0013-11f0-a8aa-089df4bf3532,dataset_1,0,463,0.27812668681144714,0.550269365310669,1652518.0,0.28566136956214905,3305,1
StandardGSGP,ba836ba7-0013-11f0-a8aa-089df4bf3532,dataset_1,0,464,0.27810797095298767,0.524695634841919,1656028.0,0.28579849004745483,3311,1
StandardGSGP,ba836ba7-0013-11f0-a8aa-089df4bf3532,dataset_1,0,465,0.27810797095298767,0.6256411075592041,1659974.0,0.28579849004745483,3311,1
StandardGSGP,ba836ba7-0013-11f0-a8aa-089df4bf3532,dataset_1,0,466,0.27752718329429626,0.5652847290039062,1664302.0,0.28490200638771057,3351,1
StandardGSGP,ba836ba7-0013-11f0-a8aa-089df4bf3532,dataset_1,0,467,0.27726274728775024,0.6003141403198242,1668818.0,0.29567334055900574,3367,1
StandardGSGP,ba836ba7-0013-11f0-a8aa-089df4bf3532,dataset_1,0,468,0.27726274728775024,0.5533177852630615,1673212.0,0.29567334055900574,3367,1
StandardGSGP,ba836ba7-0013-11f0-a8aa-089df4bf3532,dataset_1,0,469,0.27676475048065186,0.6573469638824463,1677150.0,0.28685513138771057,3373,1
StandardGSGP,ba836ba7-0013-11f0-a8aa-089df4bf3532,dataset_1,0,470,0.27676475048065186,0.5259666442871094,1681058.0,0.28685513138771057,3373,1
StandardGSGP,ba836ba7-0013-11f0-a8aa-089df4bf3532,dataset_1,0,471,0.27676475048065186,0.5382480621337891,1685236.0,0.28685513138771057,3373,1
StandardGSGP,ba836ba7-0013-11f0-a8aa-089df4bf3532,dataset_1,0,472,0.27676475048065186,0.6038742065429688,1689124.0,0.28685513138771057,3373,1
StandardGSGP,ba836ba7-0013-11f0-a8aa-089df4bf3532,dataset_1,0,473,0.27662453055381775,0.5966737270355225,1692930.0,0.28248924016952515,3393,1
StandardGSGP,ba836ba7-0013-11f0-a8aa-089df4bf3532,dataset_1,0,474,0.27658480405807495,0.6327123641967773,1696618.0,0.28620657324790955,3385,1
StandardGSGP,ba836ba7-0013-11f0-a8aa-089df4bf3532,dataset_1,0,475,0.276473730802536,0.5824601650238037,1701110.0,0.2808697521686554,3413,1
StandardGSGP,ba836ba7-0013-11f0-a8aa-089df4bf3532,dataset_1,0,476,0.276473730802536,0.6036472320556641,1704780.0,0.2808697521686554,3413,1
StandardGSGP,ba836ba7-0013-11f0-a8aa-089df4bf3532,dataset_1,0,477,0.2763720750808716,0.5779154300689697,1708358.0,0.28464457392692566,3419,1
StandardGSGP,ba836ba7-0013-11f0-a8aa-089df4bf3532,dataset_1,0,478,0.27598732709884644,0.5961666107177734,1712526.0,0.28138601779937744,3435,1
StandardGSGP,ba836ba7-0013-11f0-a8aa-089df4bf3532,dataset_1,0,479,0.27598732709884644,0.6806561946868896,1716600.0,0.28138601779937744,3435,1
StandardGSGP,ba836ba7-0013-11f0-a8aa-089df4bf3532,dataset_1,0,480,0.2759663462638855,0.5725781917572021,1721238.0,0.28283795714378357,3451,1
StandardGSGP,ba836ba7-0013-11f0-a8aa-089df4bf3532,dataset_1,0,481,0.2759663462638855,0.6329607963562012,1724954.0,0.28283795714378357,3451,1
StandardGSGP,ba836ba7-0013-11f0-a8aa-089df4bf3532,dataset_1,0,482,0.2759568393230438,0.5615582466125488,1730080.0,0.2828000783920288,3459,1
StandardGSGP,ba836ba7-0013-11f0-a8aa-089df4bf3532,dataset_1,0,483,0.2759173810482025,0.6338644027709961,1734078.0,0.28338009119033813,3465,1
StandardGSGP,ba836ba7-0013-11f0-a8aa-089df4bf3532,dataset_1,0,484,0.2759173810482025,0.5382606983184814,1738802.0,0.28338009119033813,3465,1
StandardGSGP,ba836ba7-0013-11f0-a8aa-089df4bf3532,dataset_1,0,485,0.2759173810482025,0.6982274055480957,1742576.0,0.28338009119033813,3465,1
StandardGSGP,ba836ba7-0013-11f0-a8aa-089df4bf3532,dataset_1,0,486,0.2759173810482025,0.5849730968475342,1746316.0,0.28338009119033813,3465,1
StandardGSGP,ba836ba7-0013-11f0-a8aa-089df4bf3532,dataset_1,0,487,0.2758157253265381,0.560858964920044,1749824.0,0.2849120795726776,3497,1
StandardGSGP,ba836ba7-0013-11f0-a8aa-089df4bf3532,dataset_1,0,488,0.2758157253265381,0.6066184043884277,1753778.0,0.2849120795726776,3497,1
StandardGSGP,ba836ba7-0013-11f0-a8aa-089df4bf3532,dataset_1,0,489,0.27560925483703613,0.5854697227478027,1757814.0,0.28628048300743103,3511,1
StandardGSGP,ba836ba7-0013-11f0-a8aa-089df4bf3532,dataset_1,0,490,0.27560925483703613,0.5659065246582031,1761460.0,0.28628048300743103,3511,1
StandardGSGP,ba836ba7-0013-11f0-a8aa-089df4bf3532,dataset_1,0,491,0.27556127309799194,0.5481476783752441,1765762.0,0.280474454164505,3523,1
StandardGSGP,ba836ba7-0013-11f0-a8aa-089df4bf3532,dataset_1,0,492,0.2755574882030487,0.606299638748169,1769248.0,0.2843630611896515,3519,1
StandardGSGP,ba836ba7-0013-11f0-a8aa-089df4bf3532,dataset_1,0,493,0.275534987449646,0.5452537536621094,1773210.0,0.28419288992881775,3525,1
StandardGSGP,ba836ba7-0013-11f0-a8aa-089df4bf3532,dataset_1,0,494,0.27553051710128784,0.583378791809082,1777026.0,0.2842769920825958,3541,1
StandardGSGP,ba836ba7-0013-11f0-a8aa-089df4bf3532,dataset_1,0,495,0.2754693329334259,0.5169143676757812,1780782.0,0.2839093804359436,3543,1
StandardGSGP,ba836ba7-0013-11f0-a8aa-089df4bf3532,dataset_1,0,496,0.2754650413990021,0.5334987640380859,1784116.0,0.28758859634399414,3575,1
StandardGSGP,ba836ba7-0013-11f0-a8aa-089df4bf3532,dataset_1,0,497,0.27546316385269165,0.5511484146118164,1788366.0,0.28469985723495483,3579,1
StandardGSGP,ba836ba7-0013-11f0-a8aa-089df4bf3532,dataset_1,0,498,0.27535444498062134,0.5992977619171143,1792338.0,0.28468582034111023,3585,1
StandardGSGP,ba836ba7-0013-11f0-a8aa-089df4bf3532,dataset_1,0,499,0.27535444498062134,0.6511590480804443,1796050.0,0.28468582034111023,3585,1
StandardGSGP,ba836ba7-0013-11f0-a8aa-089df4bf3532,dataset_1,0,500,0.27528116106987,0.5772318840026855,1799522.0,0.28653979301452637,3573,1
