StandardGP,36953f21-06bb-11f0-ab2a-54a95b9ec813,fertility,1,0,0.349534273147583,3.3823108673095703,1342.0,0.3670137822628021,31,1
StandardGP,36953f21-06bb-11f0-ab2a-54a95b9ec813,fertility,1,1,0.349534273147583,0.7508399486541748,978.0,0.3670137822628021,31,1
StandardGP,36953f21-06bb-11f0-ab2a-54a95b9ec813,fertility,1,2,0.349534273147583,0.6488189697265625,828.0,0.3670137822628021,31,1
StandardGP,36953f21-06bb-11f0-ab2a-54a95b9ec813,fertility,1,3,0.31932327151298523,0.7160263061523438,1002.0,0.32026565074920654,35,1
StandardGP,36953f21-06bb-11f0-ab2a-54a95b9ec813,fertility,1,4,0.31932327151298523,0.7296199798583984,1170.0,0.32026565074920654,35,1
StandardGP,36953f21-06bb-11f0-ab2a-54a95b9ec813,fertility,1,5,0.31932327151298523,0.8715009689331055,1086.0,0.32026565074920654,35,1
StandardGP,36953f21-06bb-11f0-ab2a-54a95b9ec813,fertility,1,6,0.31932327151298523,0.804593563079834,1182.0,0.32026565074920654,35,1
StandardGP,36953f21-06bb-11f0-ab2a-54a95b9ec813,fertility,1,7,0.30913686752319336,0.9562702178955078,1616.0,0.3174237608909607,27,1
StandardGP,36953f21-06bb-11f0-ab2a-54a95b9ec813,fertility,1,8,0.2684575617313385,1.2591814994812012,1906.0,0.3552004098892212,25,1
StandardGP,36953f21-06bb-11f0-ab2a-54a95b9ec813,fertility,1,9,0.2684575617313385,1.3154964447021484,2286.0,0.3552004098892212,25,1
StandardGP,36953f21-06bb-11f0-ab2a-54a95b9ec813,fertility,1,10,0.2684575617313385,1.7176332473754883,3018.0,0.3552004098892212,25,1
StandardGP,36953f21-06bb-11f0-ab2a-54a95b9ec813,fertility,1,11,0.2684575617313385,2.115661382675171,3504.0,0.3552004098892212,25,1
StandardGP,36953f21-06bb-11f0-ab2a-54a95b9ec813,fertility,1,12,0.2684575617313385,2.1377556324005127,3784.0,0.3552004098892212,25,1
StandardGP,36953f21-06bb-11f0-ab2a-54a95b9ec813,fertility,1,13,0.2684575617313385,2.582141160964966,4440.0,0.3552004098892212,25,1
StandardGP,36953f21-06bb-11f0-ab2a-54a95b9ec813,fertility,1,14,0.2684575617313385,2.8319942951202393,5080.0,0.3552004098892212,25,1
StandardGP,36953f21-06bb-11f0-ab2a-54a95b9ec813,fertility,1,15,0.2684575617313385,3.3493239879608154,6154.0,0.3552004098892212,25,1
StandardGP,36953f21-06bb-11f0-ab2a-54a95b9ec813,fertility,1,16,0.2684575617313385,3.4666292667388916,6176.0,0.3552004098892212,25,1
StandardGP,36953f21-06bb-11f0-ab2a-54a95b9ec813,fertility,1,17,0.2684575617313385,3.2428781986236572,5842.0,0.3552004098892212,25,1
StandardGP,36953f21-06bb-11f0-ab2a-54a95b9ec813,fertility,1,18,0.2684575617313385,3.647160530090332,6632.0,0.3552004098892212,25,1
StandardGP,36953f21-06bb-11f0-ab2a-54a95b9ec813,fertility,1,19,0.2616347670555115,4.455853223800659,8424.0,0.2752170264720917,73,1
StandardGP,36953f21-06bb-11f0-ab2a-54a95b9ec813,fertility,1,20,0.2616347670555115,5.300109386444092,10018.0,0.2752170264720917,73,1
StandardGP,36953f21-06bb-11f0-ab2a-54a95b9ec813,fertility,1,21,0.2616347670555115,5.382199048995972,10098.0,0.2752170264720917,73,1
StandardGP,36953f21-06bb-11f0-ab2a-54a95b9ec813,fertility,1,22,0.2613021433353424,7.500046014785767,12364.0,0.27437886595726013,85,1
StandardGP,36953f21-06bb-11f0-ab2a-54a95b9ec813,fertility,1,23,0.2613021433353424,9.365802764892578,16142.0,0.27437886595726013,85,1
StandardGP,36953f21-06bb-11f0-ab2a-54a95b9ec813,fertility,1,24,0.2613021433353424,9.53278923034668,17530.0,0.27437886595726013,85,1
StandardGP,36953f21-06bb-11f0-ab2a-54a95b9ec813,fertility,1,25,0.2613021433353424,8.384343147277832,16254.0,0.27437886595726013,85,1
StandardGP,36953f21-06bb-11f0-ab2a-54a95b9ec813,fertility,1,26,0.2613021433353424,8.082250118255615,15954.0,0.27437886595726013,85,1
StandardGP,36953f21-06bb-11f0-ab2a-54a95b9ec813,fertility,1,27,0.2613021433353424,6.5288987159729,12684.0,0.27437886595726013,85,1
StandardGP,36953f21-06bb-11f0-ab2a-54a95b9ec813,fertility,1,28,0.2613021433353424,6.747183084487915,13322.0,0.27437886595726013,85,1
StandardGP,36953f21-06bb-11f0-ab2a-54a95b9ec813,fertility,1,29,0.2613021433353424,7.033617258071899,13590.0,0.27437886595726013,85,1
StandardGP,36953f21-06bb-11f0-ab2a-54a95b9ec813,fertility,1,30,0.2613021433353424,7.062634229660034,13326.0,0.27437886595726013,85,1
StandardGP,36953f21-06bb-11f0-ab2a-54a95b9ec813,fertility,1,31,0.2613021433353424,7.856039524078369,15938.0,0.27437886595726013,85,1
StandardGP,36953f21-06bb-11f0-ab2a-54a95b9ec813,fertility,1,32,0.2613021433353424,7.399909973144531,14998.0,0.27437886595726013,85,1
StandardGP,36953f21-06bb-11f0-ab2a-54a95b9ec813,fertility,1,33,0.2613021433353424,8.133192300796509,15596.0,0.27437886595726013,85,1
StandardGP,36953f21-06bb-11f0-ab2a-54a95b9ec813,fertility,1,34,0.2613021433353424,9.633300065994263,19398.0,0.27437886595726013,85,1
StandardGP,36953f21-06bb-11f0-ab2a-54a95b9ec813,fertility,1,35,0.2579294443130493,9.505001306533813,18232.0,0.249527707695961,133,1
StandardGP,36953f21-06bb-11f0-ab2a-54a95b9ec813,fertility,1,36,0.2508349120616913,8.815819501876831,15968.0,0.25902774930000305,69,1
StandardGP,36953f21-06bb-11f0-ab2a-54a95b9ec813,fertility,1,37,0.24078664183616638,9.048989057540894,17466.0,0.2551139295101166,91,1
StandardGP,36953f21-06bb-11f0-ab2a-54a95b9ec813,fertility,1,38,0.24078664183616638,8.69550347328186,16616.0,0.2551139295101166,91,1
StandardGP,36953f21-06bb-11f0-ab2a-54a95b9ec813,fertility,1,39,0.24078664183616638,8.370542764663696,16440.0,0.2551139295101166,91,1
StandardGP,36953f21-06bb-11f0-ab2a-54a95b9ec813,fertility,1,40,0.24078664183616638,8.547608613967896,15944.0,0.2551139295101166,91,1
StandardGP,36953f21-06bb-11f0-ab2a-54a95b9ec813,fertility,1,41,0.24078664183616638,7.899924993515015,15392.0,0.2551139295101166,91,1
StandardGP,36953f21-06bb-11f0-ab2a-54a95b9ec813,fertility,1,42,0.24078664183616638,8.503864526748657,16594.0,0.2551139295101166,91,1
StandardGP,36953f21-06bb-11f0-ab2a-54a95b9ec813,fertility,1,43,0.24078664183616638,8.351784467697144,15624.0,0.2551139295101166,91,1
StandardGP,36953f21-06bb-11f0-ab2a-54a95b9ec813,fertility,1,44,0.24078664183616638,8.651665925979614,15428.0,0.2551139295101166,91,1
StandardGP,36953f21-06bb-11f0-ab2a-54a95b9ec813,fertility,1,45,0.24078664183616638,9.070005416870117,16100.0,0.2551139295101166,91,1
StandardGP,36953f21-06bb-11f0-ab2a-54a95b9ec813,fertility,1,46,0.24078664183616638,9.234844207763672,16878.0,0.2551139295101166,91,1
StandardGP,36953f21-06bb-11f0-ab2a-54a95b9ec813,fertility,1,47,0.24078664183616638,12.229475975036621,21224.0,0.2551139295101166,91,1
StandardGP,36953f21-06bb-11f0-ab2a-54a95b9ec813,fertility,1,48,0.24078664183616638,12.19593334197998,22462.0,0.2551139295101166,91,1
StandardGP,36953f21-06bb-11f0-ab2a-54a95b9ec813,fertility,1,49,0.24078664183616638,10.852400302886963,19672.0,0.2551139295101166,91,1
StandardGP,36953f21-06bb-11f0-ab2a-54a95b9ec813,fertility,1,50,0.24078664183616638,10.68610405921936,18606.0,0.2551139295101166,91,1
StandardGP,36953f21-06bb-11f0-ab2a-54a95b9ec813,fertility,1,51,0.24078664183616638,12.150969743728638,20958.0,0.2551139295101166,91,1
StandardGP,36953f21-06bb-11f0-ab2a-54a95b9ec813,fertility,1,52,0.24078664183616638,12.929218530654907,24510.0,0.2551139295101166,91,1
StandardGP,36953f21-06bb-11f0-ab2a-54a95b9ec813,fertility,1,53,0.2407187670469284,11.046411037445068,21176.0,0.2598499059677124,135,1
StandardGP,36953f21-06bb-11f0-ab2a-54a95b9ec813,fertility,1,54,0.24022646248340607,9.88631796836853,18896.0,0.2548888921737671,135,1
StandardGP,36953f21-06bb-11f0-ab2a-54a95b9ec813,fertility,1,55,0.24022646248340607,9.89269733428955,17698.0,0.2548888921737671,135,1
StandardGP,36953f21-06bb-11f0-ab2a-54a95b9ec813,fertility,1,56,0.24022646248340607,10.897588729858398,20610.0,0.2548888921737671,135,1
StandardGP,36953f21-06bb-11f0-ab2a-54a95b9ec813,fertility,1,57,0.24022646248340607,10.466760635375977,19640.0,0.2548888921737671,135,1
StandardGP,36953f21-06bb-11f0-ab2a-54a95b9ec813,fertility,1,58,0.24022646248340607,11.282028675079346,20744.0,0.2548888921737671,135,1
StandardGP,36953f21-06bb-11f0-ab2a-54a95b9ec813,fertility,1,59,0.24022646248340607,10.01315188407898,18768.0,0.2548888921737671,135,1
StandardGP,36953f21-06bb-11f0-ab2a-54a95b9ec813,fertility,1,60,0.24022646248340607,10.382221698760986,18420.0,0.2548888921737671,135,1
StandardGP,36953f21-06bb-11f0-ab2a-54a95b9ec813,fertility,1,61,0.24022646248340607,9.617709636688232,17446.0,0.2548888921737671,135,1
StandardGP,36953f21-06bb-11f0-ab2a-54a95b9ec813,fertility,1,62,0.24022646248340607,8.720908164978027,17440.0,0.2548888921737671,135,1
StandardGP,36953f21-06bb-11f0-ab2a-54a95b9ec813,fertility,1,63,0.24022646248340607,10.281394004821777,19682.0,0.2548888921737671,135,1
StandardGP,36953f21-06bb-11f0-ab2a-54a95b9ec813,fertility,1,64,0.24022646248340607,9.446554183959961,19766.0,0.2548888921737671,135,1
StandardGP,36953f21-06bb-11f0-ab2a-54a95b9ec813,fertility,1,65,0.24022646248340607,11.817837238311768,20332.0,0.2548888921737671,135,1
StandardGP,36953f21-06bb-11f0-ab2a-54a95b9ec813,fertility,1,66,0.24022646248340607,11.403796911239624,22220.0,0.2548888921737671,135,1
StandardGP,36953f21-06bb-11f0-ab2a-54a95b9ec813,fertility,1,67,0.24022646248340607,9.115275859832764,17590.0,0.2548888921737671,135,1
StandardGP,36953f21-06bb-11f0-ab2a-54a95b9ec813,fertility,1,68,0.24022646248340607,9.263916730880737,17064.0,0.2548888921737671,135,1
StandardGP,36953f21-06bb-11f0-ab2a-54a95b9ec813,fertility,1,69,0.24022646248340607,9.515816688537598,17836.0,0.2548888921737671,135,1
StandardGP,36953f21-06bb-11f0-ab2a-54a95b9ec813,fertility,1,70,0.24022646248340607,10.935075998306274,19662.0,0.2548888921737671,135,1
StandardGP,36953f21-06bb-11f0-ab2a-54a95b9ec813,fertility,1,71,0.24022646248340607,11.76658296585083,22260.0,0.2548888921737671,135,1
StandardGP,36953f21-06bb-11f0-ab2a-54a95b9ec813,fertility,1,72,0.24022646248340607,10.615492105484009,19956.0,0.2548888921737671,135,1
StandardGP,36953f21-06bb-11f0-ab2a-54a95b9ec813,fertility,1,73,0.24022646248340607,10.650511980056763,18308.0,0.2548888921737671,135,1
StandardGP,36953f21-06bb-11f0-ab2a-54a95b9ec813,fertility,1,74,0.24022646248340607,10.577793598175049,19152.0,0.2548888921737671,135,1
StandardGP,36953f21-06bb-11f0-ab2a-54a95b9ec813,fertility,1,75,0.24022646248340607,10.7856924533844,20004.0,0.2548888921737671,135,1
StandardGP,36953f21-06bb-11f0-ab2a-54a95b9ec813,fertility,1,76,0.24022646248340607,13.46550989151001,24452.0,0.2548888921737671,135,1
StandardGP,36953f21-06bb-11f0-ab2a-54a95b9ec813,fertility,1,77,0.24022646248340607,11.498149633407593,22488.0,0.2548888921737671,135,1
StandardGP,36953f21-06bb-11f0-ab2a-54a95b9ec813,fertility,1,78,0.24022646248340607,12.300320386886597,23432.0,0.2548888921737671,135,1
StandardGP,36953f21-06bb-11f0-ab2a-54a95b9ec813,fertility,1,79,0.24022646248340607,11.254956722259521,22228.0,0.2548888921737671,135,1
StandardGP,36953f21-06bb-11f0-ab2a-54a95b9ec813,fertility,1,80,0.24022646248340607,11.568724870681763,23132.0,0.2548888921737671,135,1
StandardGP,36953f21-06bb-11f0-ab2a-54a95b9ec813,fertility,1,81,0.24022646248340607,12.790897130966187,25294.0,0.2548888921737671,135,1
StandardGP,36953f21-06bb-11f0-ab2a-54a95b9ec813,fertility,1,82,0.24022646248340607,13.366591453552246,25940.0,0.2548888921737671,135,1
StandardGP,36953f21-06bb-11f0-ab2a-54a95b9ec813,fertility,1,83,0.24022646248340607,13.950820446014404,28068.0,0.2548888921737671,135,1
StandardGP,36953f21-06bb-11f0-ab2a-54a95b9ec813,fertility,1,84,0.24022646248340607,14.21440076828003,26784.0,0.2548888921737671,135,1
StandardGP,36953f21-06bb-11f0-ab2a-54a95b9ec813,fertility,1,85,0.24022646248340607,13.921865463256836,26636.0,0.2548888921737671,135,1
StandardGP,36953f21-06bb-11f0-ab2a-54a95b9ec813,fertility,1,86,0.24022646248340607,14.30574369430542,27160.0,0.2548888921737671,135,1
StandardGP,36953f21-06bb-11f0-ab2a-54a95b9ec813,fertility,1,87,0.24022646248340607,14.084248065948486,27472.0,0.2548888921737671,135,1
StandardGP,36953f21-06bb-11f0-ab2a-54a95b9ec813,fertility,1,88,0.24022646248340607,14.047847032546997,27686.0,0.2548888921737671,135,1
StandardGP,36953f21-06bb-11f0-ab2a-54a95b9ec813,fertility,1,89,0.24022646248340607,14.749967336654663,28016.0,0.2548888921737671,135,1
StandardGP,36953f21-06bb-11f0-ab2a-54a95b9ec813,fertility,1,90,0.23062141239643097,14.367838621139526,28772.0,0.3666314482688904,347,1
StandardGP,36953f21-06bb-11f0-ab2a-54a95b9ec813,fertility,1,91,0.23062141239643097,14.901376247406006,28330.0,0.3666314482688904,347,1
StandardGP,36953f21-06bb-11f0-ab2a-54a95b9ec813,fertility,1,92,0.23062141239643097,14.166924238204956,27092.0,0.3666314482688904,347,1
StandardGP,36953f21-06bb-11f0-ab2a-54a95b9ec813,fertility,1,93,0.23062141239643097,13.796628475189209,27178.0,0.3666314482688904,347,1
StandardGP,36953f21-06bb-11f0-ab2a-54a95b9ec813,fertility,1,94,0.23062141239643097,14.632495164871216,28590.0,0.3666314482688904,347,1
StandardGP,36953f21-06bb-11f0-ab2a-54a95b9ec813,fertility,1,95,0.23062141239643097,15.967870473861694,31820.0,0.3666314482688904,347,1
StandardGP,36953f21-06bb-11f0-ab2a-54a95b9ec813,fertility,1,96,0.23062141239643097,15.99120306968689,32590.0,0.3666314482688904,347,1
StandardGP,36953f21-06bb-11f0-ab2a-54a95b9ec813,fertility,1,97,0.23062141239643097,17.986180067062378,33766.0,0.3666314482688904,347,1
StandardGP,36953f21-06bb-11f0-ab2a-54a95b9ec813,fertility,1,98,0.23062141239643097,17.41350746154785,33918.0,0.3666314482688904,347,1
StandardGP,36953f21-06bb-11f0-ab2a-54a95b9ec813,fertility,1,99,0.23062141239643097,18.153785467147827,34536.0,0.3666314482688904,347,1
StandardGP,36953f21-06bb-11f0-ab2a-54a95b9ec813,fertility,1,100,0.23062141239643097,18.037935733795166,36208.0,0.3666314482688904,347,1
StandardGP,36953f21-06bb-11f0-ab2a-54a95b9ec813,fertility,1,101,0.23062141239643097,19.250569343566895,37626.0,0.3666314482688904,347,1
StandardGP,36953f21-06bb-11f0-ab2a-54a95b9ec813,fertility,1,102,0.23062141239643097,18.066648244857788,36088.0,0.3666314482688904,347,1
StandardGP,36953f21-06bb-11f0-ab2a-54a95b9ec813,fertility,1,103,0.23062141239643097,20.147021055221558,39202.0,0.3666314482688904,347,1
StandardGP,36953f21-06bb-11f0-ab2a-54a95b9ec813,fertility,1,104,0.23062141239643097,19.178410530090332,38386.0,0.3666314482688904,347,1
StandardGP,36953f21-06bb-11f0-ab2a-54a95b9ec813,fertility,1,105,0.23062141239643097,20.570586681365967,40622.0,0.3666314482688904,347,1
StandardGP,36953f21-06bb-11f0-ab2a-54a95b9ec813,fertility,1,106,0.23062141239643097,21.56321930885315,42790.0,0.3666314482688904,347,1
StandardGP,36953f21-06bb-11f0-ab2a-54a95b9ec813,fertility,1,107,0.23062141239643097,19.485487461090088,38882.0,0.3666314482688904,347,1
StandardGP,36953f21-06bb-11f0-ab2a-54a95b9ec813,fertility,1,108,0.230486199259758,16.90190839767456,33494.0,0.36672326922416687,143,1
StandardGP,36953f21-06bb-11f0-ab2a-54a95b9ec813,fertility,1,109,0.230486199259758,16.238481760025024,31956.0,0.36672326922416687,143,1
StandardGP,36953f21-06bb-11f0-ab2a-54a95b9ec813,fertility,1,110,0.230486199259758,15.557150840759277,31276.0,0.36672326922416687,143,1
StandardGP,36953f21-06bb-11f0-ab2a-54a95b9ec813,fertility,1,111,0.230486199259758,16.319260835647583,30104.0,0.36672326922416687,143,1
StandardGP,36953f21-06bb-11f0-ab2a-54a95b9ec813,fertility,1,112,0.22968456149101257,15.667140483856201,29826.0,0.363626092672348,579,1
StandardGP,36953f21-06bb-11f0-ab2a-54a95b9ec813,fertility,1,113,0.22968456149101257,15.597352981567383,29026.0,0.363626092672348,579,1
StandardGP,36953f21-06bb-11f0-ab2a-54a95b9ec813,fertility,1,114,0.22968456149101257,14.038074493408203,27442.0,0.363626092672348,579,1
StandardGP,36953f21-06bb-11f0-ab2a-54a95b9ec813,fertility,1,115,0.22968456149101257,15.96597671508789,29122.0,0.363626092672348,579,1
StandardGP,36953f21-06bb-11f0-ab2a-54a95b9ec813,fertility,1,116,0.22968456149101257,15.332205772399902,31082.0,0.363626092672348,579,1
StandardGP,36953f21-06bb-11f0-ab2a-54a95b9ec813,fertility,1,117,0.22968456149101257,15.202483415603638,29188.0,0.363626092672348,579,1
StandardGP,36953f21-06bb-11f0-ab2a-54a95b9ec813,fertility,1,118,0.22968456149101257,17.36621356010437,32340.0,0.363626092672348,579,1
StandardGP,36953f21-06bb-11f0-ab2a-54a95b9ec813,fertility,1,119,0.22968456149101257,17.52725386619568,33664.0,0.363626092672348,579,1
StandardGP,36953f21-06bb-11f0-ab2a-54a95b9ec813,fertility,1,120,0.22968456149101257,18.58557677268982,34512.0,0.363626092672348,579,1
StandardGP,36953f21-06bb-11f0-ab2a-54a95b9ec813,fertility,1,121,0.22968456149101257,16.03387761116028,34780.0,0.363626092672348,579,1
StandardGP,36953f21-06bb-11f0-ab2a-54a95b9ec813,fertility,1,122,0.22968456149101257,17.30014967918396,36328.0,0.363626092672348,579,1
StandardGP,36953f21-06bb-11f0-ab2a-54a95b9ec813,fertility,1,123,0.21893146634101868,17.235429763793945,37542.0,0.319327712059021,139,1
StandardGP,36953f21-06bb-11f0-ab2a-54a95b9ec813,fertility,1,124,0.21893146634101868,15.528212785720825,34604.0,0.319327712059021,139,1
StandardGP,36953f21-06bb-11f0-ab2a-54a95b9ec813,fertility,1,125,0.21893146634101868,16.381053924560547,33542.0,0.319327712059021,139,1
StandardGP,36953f21-06bb-11f0-ab2a-54a95b9ec813,fertility,1,126,0.21893146634101868,17.066382884979248,34554.0,0.319327712059021,139,1
StandardGP,36953f21-06bb-11f0-ab2a-54a95b9ec813,fertility,1,127,0.21893146634101868,17.482064247131348,34372.0,0.319327712059021,139,1
StandardGP,36953f21-06bb-11f0-ab2a-54a95b9ec813,fertility,1,128,0.21893146634101868,15.637598991394043,33534.0,0.319327712059021,139,1
StandardGP,36953f21-06bb-11f0-ab2a-54a95b9ec813,fertility,1,129,0.21893146634101868,16.230130672454834,33158.0,0.319327712059021,139,1
StandardGP,36953f21-06bb-11f0-ab2a-54a95b9ec813,fertility,1,130,0.21893146634101868,16.27084445953369,31308.0,0.319327712059021,139,1
StandardGP,36953f21-06bb-11f0-ab2a-54a95b9ec813,fertility,1,131,0.21893146634101868,16.168486833572388,35032.0,0.319327712059021,139,1
StandardGP,36953f21-06bb-11f0-ab2a-54a95b9ec813,fertility,1,132,0.21893146634101868,17.78185200691223,37192.0,0.319327712059021,139,1
StandardGP,36953f21-06bb-11f0-ab2a-54a95b9ec813,fertility,1,133,0.21893146634101868,15.962877988815308,34648.0,0.319327712059021,139,1
StandardGP,36953f21-06bb-11f0-ab2a-54a95b9ec813,fertility,1,134,0.21893146634101868,18.63473391532898,38232.0,0.319327712059021,139,1
StandardGP,36953f21-06bb-11f0-ab2a-54a95b9ec813,fertility,1,135,0.21893146634101868,16.635912895202637,37046.0,0.319327712059021,139,1
StandardGP,36953f21-06bb-11f0-ab2a-54a95b9ec813,fertility,1,136,0.21893146634101868,17.930668354034424,35762.0,0.319327712059021,139,1
StandardGP,36953f21-06bb-11f0-ab2a-54a95b9ec813,fertility,1,137,0.21893146634101868,17.73116636276245,36744.0,0.319327712059021,139,1
StandardGP,36953f21-06bb-11f0-ab2a-54a95b9ec813,fertility,1,138,0.21893146634101868,18.651137351989746,37118.0,0.319327712059021,139,1
StandardGP,36953f21-06bb-11f0-ab2a-54a95b9ec813,fertility,1,139,0.21893146634101868,18.850364685058594,38736.0,0.319327712059021,139,1
StandardGP,36953f21-06bb-11f0-ab2a-54a95b9ec813,fertility,1,140,0.21893146634101868,24.10180115699768,43114.0,0.319327712059021,139,1
StandardGP,36953f21-06bb-11f0-ab2a-54a95b9ec813,fertility,1,141,0.21893146634101868,25.300378799438477,47228.0,0.319327712059021,139,1
StandardGP,36953f21-06bb-11f0-ab2a-54a95b9ec813,fertility,1,142,0.21893146634101868,29.237359523773193,54356.0,0.319327712059021,139,1
StandardGP,36953f21-06bb-11f0-ab2a-54a95b9ec813,fertility,1,143,0.21893146634101868,28.036118745803833,50958.0,0.319327712059021,139,1
StandardGP,36953f21-06bb-11f0-ab2a-54a95b9ec813,fertility,1,144,0.21893146634101868,28.16757583618164,51562.0,0.319327712059021,139,1
StandardGP,36953f21-06bb-11f0-ab2a-54a95b9ec813,fertility,1,145,0.21893146634101868,26.86677837371826,49068.0,0.319327712059021,139,1
StandardGP,36953f21-06bb-11f0-ab2a-54a95b9ec813,fertility,1,146,0.21893146634101868,28.23265528678894,51546.0,0.319327712059021,139,1
StandardGP,36953f21-06bb-11f0-ab2a-54a95b9ec813,fertility,1,147,0.21893146634101868,28.347743272781372,55244.0,0.319327712059021,139,1
StandardGP,36953f21-06bb-11f0-ab2a-54a95b9ec813,fertility,1,148,0.21893146634101868,28.566768169403076,53656.0,0.319327712059021,139,1
StandardGP,36953f21-06bb-11f0-ab2a-54a95b9ec813,fertility,1,149,0.21893146634101868,27.884419441223145,51696.0,0.319327712059021,139,1
StandardGP,36953f21-06bb-11f0-ab2a-54a95b9ec813,fertility,1,150,0.21893146634101868,24.702840089797974,48712.0,0.319327712059021,139,1
StandardGP,36953f21-06bb-11f0-ab2a-54a95b9ec813,fertility,1,151,0.21893146634101868,27.865978479385376,53414.0,0.319327712059021,139,1
StandardGP,36953f21-06bb-11f0-ab2a-54a95b9ec813,fertility,1,152,0.21893146634101868,30.62938642501831,57018.0,0.319327712059021,139,1
StandardGP,36953f21-06bb-11f0-ab2a-54a95b9ec813,fertility,1,153,0.21893146634101868,28.291181564331055,52238.0,0.319327712059021,139,1
StandardGP,36953f21-06bb-11f0-ab2a-54a95b9ec813,fertility,1,154,0.21893146634101868,28.833178758621216,58486.0,0.319327712059021,139,1
StandardGP,36953f21-06bb-11f0-ab2a-54a95b9ec813,fertility,1,155,0.21893146634101868,30.329265594482422,58686.0,0.319327712059021,139,1
StandardGP,36953f21-06bb-11f0-ab2a-54a95b9ec813,fertility,1,156,0.21893146634101868,27.195556640625,52600.0,0.319327712059021,139,1
StandardGP,36953f21-06bb-11f0-ab2a-54a95b9ec813,fertility,1,157,0.21893146634101868,26.161168575286865,50764.0,0.319327712059021,139,1
StandardGP,36953f21-06bb-11f0-ab2a-54a95b9ec813,fertility,1,158,0.21893146634101868,30.42046618461609,56396.0,0.319327712059021,139,1
StandardGP,36953f21-06bb-11f0-ab2a-54a95b9ec813,fertility,1,159,0.21893146634101868,29.01154637336731,54424.0,0.319327712059021,139,1
StandardGP,36953f21-06bb-11f0-ab2a-54a95b9ec813,fertility,1,160,0.21893146634101868,25.95488405227661,50304.0,0.319327712059021,139,1
StandardGP,36953f21-06bb-11f0-ab2a-54a95b9ec813,fertility,1,161,0.21893146634101868,24.69938826560974,45600.0,0.319327712059021,139,1
StandardGP,36953f21-06bb-11f0-ab2a-54a95b9ec813,fertility,1,162,0.21893146634101868,26.3874568939209,48284.0,0.319327712059021,139,1
StandardGP,36953f21-06bb-11f0-ab2a-54a95b9ec813,fertility,1,163,0.21893146634101868,16.5016872882843,47616.0,0.319327712059021,139,1
StandardGP,36953f21-06bb-11f0-ab2a-54a95b9ec813,fertility,1,164,0.21893146634101868,14.899989604949951,51126.0,0.319327712059021,139,1
StandardGP,36953f21-06bb-11f0-ab2a-54a95b9ec813,fertility,1,165,0.21893146634101868,14.711138486862183,51482.0,0.319327712059021,139,1
StandardGP,36953f21-06bb-11f0-ab2a-54a95b9ec813,fertility,1,166,0.21893146634101868,13.165293216705322,48660.0,0.319327712059021,139,1
StandardGP,36953f21-06bb-11f0-ab2a-54a95b9ec813,fertility,1,167,0.21893146634101868,15.764523267745972,55904.0,0.319327712059021,139,1
StandardGP,36953f21-06bb-11f0-ab2a-54a95b9ec813,fertility,1,168,0.21893146634101868,17.34973907470703,54716.0,0.319327712059021,139,1
StandardGP,36953f21-06bb-11f0-ab2a-54a95b9ec813,fertility,1,169,0.21893146634101868,17.00051784515381,60584.0,0.319327712059021,139,1
StandardGP,36953f21-06bb-11f0-ab2a-54a95b9ec813,fertility,1,170,0.21893146634101868,15.95470404624939,60648.0,0.319327712059021,139,1
StandardGP,36953f21-06bb-11f0-ab2a-54a95b9ec813,fertility,1,171,0.21893146634101868,15.253756284713745,54140.0,0.319327712059021,139,1
StandardGP,36953f21-06bb-11f0-ab2a-54a95b9ec813,fertility,1,172,0.21893146634101868,15.059378862380981,55204.0,0.319327712059021,139,1
StandardGP,36953f21-06bb-11f0-ab2a-54a95b9ec813,fertility,1,173,0.21893146634101868,17.714555263519287,64238.0,0.319327712059021,139,1
StandardGP,36953f21-06bb-11f0-ab2a-54a95b9ec813,fertility,1,174,0.21893146634101868,14.715257406234741,54064.0,0.319327712059021,139,1
StandardGP,36953f21-06bb-11f0-ab2a-54a95b9ec813,fertility,1,175,0.21893146634101868,15.102474212646484,54294.0,0.319327712059021,139,1
StandardGP,36953f21-06bb-11f0-ab2a-54a95b9ec813,fertility,1,176,0.21893146634101868,14.055129766464233,49230.0,0.319327712059021,139,1
StandardGP,36953f21-06bb-11f0-ab2a-54a95b9ec813,fertility,1,177,0.21893146634101868,11.865383386611938,46054.0,0.319327712059021,139,1
StandardGP,36953f21-06bb-11f0-ab2a-54a95b9ec813,fertility,1,178,0.21893146634101868,13.13391637802124,46834.0,0.319327712059021,139,1
StandardGP,36953f21-06bb-11f0-ab2a-54a95b9ec813,fertility,1,179,0.21893146634101868,10.59791350364685,41568.0,0.319327712059021,139,1
StandardGP,36953f21-06bb-11f0-ab2a-54a95b9ec813,fertility,1,180,0.21893146634101868,10.960011959075928,38994.0,0.319327712059021,139,1
StandardGP,36953f21-06bb-11f0-ab2a-54a95b9ec813,fertility,1,181,0.21893146634101868,9.59535264968872,37306.0,0.319327712059021,139,1
StandardGP,36953f21-06bb-11f0-ab2a-54a95b9ec813,fertility,1,182,0.21893146634101868,11.172925233840942,40470.0,0.319327712059021,139,1
StandardGP,36953f21-06bb-11f0-ab2a-54a95b9ec813,fertility,1,183,0.21893146634101868,10.251190662384033,41118.0,0.319327712059021,139,1
StandardGP,36953f21-06bb-11f0-ab2a-54a95b9ec813,fertility,1,184,0.21893146634101868,10.299815893173218,38356.0,0.319327712059021,139,1
StandardGP,36953f21-06bb-11f0-ab2a-54a95b9ec813,fertility,1,185,0.21893146634101868,9.552494287490845,36426.0,0.319327712059021,139,1
StandardGP,36953f21-06bb-11f0-ab2a-54a95b9ec813,fertility,1,186,0.21893146634101868,10.292150020599365,36580.0,0.319327712059021,139,1
StandardGP,36953f21-06bb-11f0-ab2a-54a95b9ec813,fertility,1,187,0.21893146634101868,9.276699781417847,35782.0,0.319327712059021,139,1
StandardGP,36953f21-06bb-11f0-ab2a-54a95b9ec813,fertility,1,188,0.21893146634101868,9.835453271865845,39396.0,0.319327712059021,139,1
StandardGP,36953f21-06bb-11f0-ab2a-54a95b9ec813,fertility,1,189,0.21893146634101868,11.766668319702148,44214.0,0.319327712059021,139,1
StandardGP,36953f21-06bb-11f0-ab2a-54a95b9ec813,fertility,1,190,0.21893146634101868,12.148487329483032,43900.0,0.319327712059021,139,1
StandardGP,36953f21-06bb-11f0-ab2a-54a95b9ec813,fertility,1,191,0.21893146634101868,12.799232006072998,44206.0,0.319327712059021,139,1
StandardGP,36953f21-06bb-11f0-ab2a-54a95b9ec813,fertility,1,192,0.21893146634101868,9.923228740692139,38138.0,0.319327712059021,139,1
StandardGP,36953f21-06bb-11f0-ab2a-54a95b9ec813,fertility,1,193,0.21893146634101868,10.71786618232727,38192.0,0.319327712059021,139,1
StandardGP,36953f21-06bb-11f0-ab2a-54a95b9ec813,fertility,1,194,0.2189236432313919,11.282098531723022,41548.0,0.3200470507144928,119,1
StandardGP,36953f21-06bb-11f0-ab2a-54a95b9ec813,fertility,1,195,0.2189236432313919,12.466627836227417,41792.0,0.3200470507144928,119,1
StandardGP,36953f21-06bb-11f0-ab2a-54a95b9ec813,fertility,1,196,0.2189236432313919,12.133643627166748,43994.0,0.3200470507144928,119,1
StandardGP,36953f21-06bb-11f0-ab2a-54a95b9ec813,fertility,1,197,0.2189236432313919,12.684694051742554,46154.0,0.3200470507144928,119,1
StandardGP,36953f21-06bb-11f0-ab2a-54a95b9ec813,fertility,1,198,0.2189236432313919,12.564184188842773,47140.0,0.3200470507144928,119,1
StandardGP,36953f21-06bb-11f0-ab2a-54a95b9ec813,fertility,1,199,0.2187207192182541,12.365020036697388,43052.0,0.32044491171836853,233,1
StandardGP,36953f21-06bb-11f0-ab2a-54a95b9ec813,fertility,1,200,0.2187207192182541,10.27967095375061,39086.0,0.32044491171836853,233,1
StandardGP,36953f21-06bb-11f0-ab2a-54a95b9ec813,fertility,1,201,0.2187207192182541,12.646992444992065,45248.0,0.32044491171836853,233,1
StandardGP,36953f21-06bb-11f0-ab2a-54a95b9ec813,fertility,1,202,0.2187207192182541,13.456534385681152,47594.0,0.32044491171836853,233,1
StandardGP,36953f21-06bb-11f0-ab2a-54a95b9ec813,fertility,1,203,0.2187207192182541,12.439701080322266,46426.0,0.32044491171836853,233,1
StandardGP,36953f21-06bb-11f0-ab2a-54a95b9ec813,fertility,1,204,0.2187207192182541,13.851885080337524,50032.0,0.32044491171836853,233,1
StandardGP,36953f21-06bb-11f0-ab2a-54a95b9ec813,fertility,1,205,0.2187207192182541,13.467278718948364,48660.0,0.32044491171836853,233,1
StandardGP,36953f21-06bb-11f0-ab2a-54a95b9ec813,fertility,1,206,0.2187207192182541,13.903279542922974,50886.0,0.32044491171836853,233,1
StandardGP,36953f21-06bb-11f0-ab2a-54a95b9ec813,fertility,1,207,0.2187207192182541,12.01162075996399,43420.0,0.32044491171836853,233,1
StandardGP,36953f21-06bb-11f0-ab2a-54a95b9ec813,fertility,1,208,0.2187207192182541,11.899162769317627,42120.0,0.32044491171836853,233,1
StandardGP,36953f21-06bb-11f0-ab2a-54a95b9ec813,fertility,1,209,0.2187207192182541,12.70335841178894,47160.0,0.32044491171836853,233,1
StandardGP,36953f21-06bb-11f0-ab2a-54a95b9ec813,fertility,1,210,0.2187207192182541,11.36141300201416,43046.0,0.32044491171836853,233,1
StandardGP,36953f21-06bb-11f0-ab2a-54a95b9ec813,fertility,1,211,0.2187207192182541,10.962168216705322,42186.0,0.32044491171836853,233,1
StandardGP,36953f21-06bb-11f0-ab2a-54a95b9ec813,fertility,1,212,0.2187207192182541,11.333062648773193,41180.0,0.32044491171836853,233,1
StandardGP,36953f21-06bb-11f0-ab2a-54a95b9ec813,fertility,1,213,0.2187207192182541,11.330850839614868,40142.0,0.32044491171836853,233,1
StandardGP,36953f21-06bb-11f0-ab2a-54a95b9ec813,fertility,1,214,0.2187207192182541,11.955206394195557,43446.0,0.32044491171836853,233,1
StandardGP,36953f21-06bb-11f0-ab2a-54a95b9ec813,fertility,1,215,0.2187207192182541,12.453177213668823,44480.0,0.32044491171836853,233,1
StandardGP,36953f21-06bb-11f0-ab2a-54a95b9ec813,fertility,1,216,0.2187207192182541,11.715778827667236,41998.0,0.32044491171836853,233,1
StandardGP,36953f21-06bb-11f0-ab2a-54a95b9ec813,fertility,1,217,0.2187207192182541,12.981776237487793,47822.0,0.32044491171836853,233,1
StandardGP,36953f21-06bb-11f0-ab2a-54a95b9ec813,fertility,1,218,0.2187207192182541,15.691699028015137,53686.0,0.32044491171836853,233,1
StandardGP,36953f21-06bb-11f0-ab2a-54a95b9ec813,fertility,1,219,0.2187207192182541,15.182242155075073,52622.0,0.32044491171836853,233,1
StandardGP,36953f21-06bb-11f0-ab2a-54a95b9ec813,fertility,1,220,0.2187207192182541,13.534542083740234,50580.0,0.32044491171836853,233,1
StandardGP,36953f21-06bb-11f0-ab2a-54a95b9ec813,fertility,1,221,0.2187207192182541,16.299859046936035,57790.0,0.32044491171836853,233,1
StandardGP,36953f21-06bb-11f0-ab2a-54a95b9ec813,fertility,1,222,0.2187207192182541,15.210184812545776,54394.0,0.32044491171836853,233,1
StandardGP,36953f21-06bb-11f0-ab2a-54a95b9ec813,fertility,1,223,0.2187207192182541,14.182639360427856,54250.0,0.32044491171836853,233,1
StandardGP,36953f21-06bb-11f0-ab2a-54a95b9ec813,fertility,1,224,0.2187207192182541,14.28402590751648,49798.0,0.32044491171836853,233,1
StandardGP,36953f21-06bb-11f0-ab2a-54a95b9ec813,fertility,1,225,0.2187207192182541,12.538368701934814,46006.0,0.32044491171836853,233,1
StandardGP,36953f21-06bb-11f0-ab2a-54a95b9ec813,fertility,1,226,0.2187207192182541,13.419096231460571,46766.0,0.32044491171836853,233,1
StandardGP,36953f21-06bb-11f0-ab2a-54a95b9ec813,fertility,1,227,0.2187207192182541,14.047242403030396,51186.0,0.32044491171836853,233,1
StandardGP,36953f21-06bb-11f0-ab2a-54a95b9ec813,fertility,1,228,0.2187207192182541,15.443768978118896,55822.0,0.32044491171836853,233,1
StandardGP,36953f21-06bb-11f0-ab2a-54a95b9ec813,fertility,1,229,0.2187207192182541,14.362195491790771,52196.0,0.32044491171836853,233,1
StandardGP,36953f21-06bb-11f0-ab2a-54a95b9ec813,fertility,1,230,0.2187207192182541,14.11897325515747,54052.0,0.32044491171836853,233,1
StandardGP,36953f21-06bb-11f0-ab2a-54a95b9ec813,fertility,1,231,0.21852648258209229,15.530162811279297,54620.0,0.31975284218788147,205,1
StandardGP,36953f21-06bb-11f0-ab2a-54a95b9ec813,fertility,1,232,0.21852648258209229,16.169959783554077,61382.0,0.31975284218788147,205,1
StandardGP,36953f21-06bb-11f0-ab2a-54a95b9ec813,fertility,1,233,0.21852648258209229,17.514606714248657,63732.0,0.31975284218788147,205,1
StandardGP,36953f21-06bb-11f0-ab2a-54a95b9ec813,fertility,1,234,0.21852648258209229,15.84624457359314,57570.0,0.31975284218788147,205,1
StandardGP,36953f21-06bb-11f0-ab2a-54a95b9ec813,fertility,1,235,0.21852648258209229,15.445636510848999,58382.0,0.31975284218788147,205,1
StandardGP,36953f21-06bb-11f0-ab2a-54a95b9ec813,fertility,1,236,0.21852648258209229,18.164320707321167,65576.0,0.31975284218788147,205,1
StandardGP,36953f21-06bb-11f0-ab2a-54a95b9ec813,fertility,1,237,0.21852648258209229,15.470268249511719,58688.0,0.31975284218788147,205,1
StandardGP,36953f21-06bb-11f0-ab2a-54a95b9ec813,fertility,1,238,0.21852648258209229,12.728142738342285,49136.0,0.31975284218788147,205,1
StandardGP,36953f21-06bb-11f0-ab2a-54a95b9ec813,fertility,1,239,0.21852648258209229,12.536555528640747,46770.0,0.31975284218788147,205,1
StandardGP,36953f21-06bb-11f0-ab2a-54a95b9ec813,fertility,1,240,0.21852648258209229,13.016558408737183,49358.0,0.31975284218788147,205,1
StandardGP,36953f21-06bb-11f0-ab2a-54a95b9ec813,fertility,1,241,0.21852648258209229,12.419732570648193,45478.0,0.31975284218788147,205,1
StandardGP,36953f21-06bb-11f0-ab2a-54a95b9ec813,fertility,1,242,0.21852648258209229,11.826473712921143,42964.0,0.31975284218788147,205,1
StandardGP,36953f21-06bb-11f0-ab2a-54a95b9ec813,fertility,1,243,0.21852648258209229,11.514277219772339,42532.0,0.31975284218788147,205,1
StandardGP,36953f21-06bb-11f0-ab2a-54a95b9ec813,fertility,1,244,0.21852648258209229,10.516586542129517,40670.0,0.31975284218788147,205,1
StandardGP,36953f21-06bb-11f0-ab2a-54a95b9ec813,fertility,1,245,0.21822695434093475,11.203226804733276,42856.0,0.3200128376483917,199,1
StandardGP,36953f21-06bb-11f0-ab2a-54a95b9ec813,fertility,1,246,0.21822695434093475,11.919410467147827,44750.0,0.3200128376483917,199,1
StandardGP,36953f21-06bb-11f0-ab2a-54a95b9ec813,fertility,1,247,0.21822695434093475,12.5652174949646,44156.0,0.3200128376483917,199,1
StandardGP,36953f21-06bb-11f0-ab2a-54a95b9ec813,fertility,1,248,0.21822695434093475,12.054156303405762,46538.0,0.3200128376483917,199,1
StandardGP,36953f21-06bb-11f0-ab2a-54a95b9ec813,fertility,1,249,0.21726112067699432,11.833394289016724,43284.0,0.3242156505584717,175,1
StandardGP,36953f21-06bb-11f0-ab2a-54a95b9ec813,fertility,1,250,0.21726112067699432,12.314851999282837,43308.0,0.3242156505584717,175,1
StandardGP,36953f21-06bb-11f0-ab2a-54a95b9ec813,fertility,1,251,0.21726112067699432,11.769207239151001,43000.0,0.3242156505584717,175,1
StandardGP,36953f21-06bb-11f0-ab2a-54a95b9ec813,fertility,1,252,0.21726112067699432,12.26285696029663,42038.0,0.3242156505584717,175,1
StandardGP,36953f21-06bb-11f0-ab2a-54a95b9ec813,fertility,1,253,0.21726112067699432,11.426692008972168,41348.0,0.3242156505584717,175,1
StandardGP,36953f21-06bb-11f0-ab2a-54a95b9ec813,fertility,1,254,0.21726112067699432,10.963221073150635,39018.0,0.3242156505584717,175,1
StandardGP,36953f21-06bb-11f0-ab2a-54a95b9ec813,fertility,1,255,0.21726112067699432,9.617290735244751,37504.0,0.3242156505584717,175,1
StandardGP,36953f21-06bb-11f0-ab2a-54a95b9ec813,fertility,1,256,0.21664951741695404,9.81581711769104,36408.0,0.32458966970443726,267,1
StandardGP,36953f21-06bb-11f0-ab2a-54a95b9ec813,fertility,1,257,0.21664951741695404,10.440581560134888,37928.0,0.32458966970443726,267,1
StandardGP,36953f21-06bb-11f0-ab2a-54a95b9ec813,fertility,1,258,0.21664951741695404,9.476701021194458,37702.0,0.32458966970443726,267,1
StandardGP,36953f21-06bb-11f0-ab2a-54a95b9ec813,fertility,1,259,0.21664951741695404,11.358964681625366,36378.0,0.32458966970443726,267,1
StandardGP,36953f21-06bb-11f0-ab2a-54a95b9ec813,fertility,1,260,0.21664951741695404,9.395846843719482,35752.0,0.32458966970443726,267,1
StandardGP,36953f21-06bb-11f0-ab2a-54a95b9ec813,fertility,1,261,0.21663154661655426,8.731812238693237,31788.0,0.3131656348705292,229,1
StandardGP,36953f21-06bb-11f0-ab2a-54a95b9ec813,fertility,1,262,0.21663154661655426,8.72263789176941,32748.0,0.3131656348705292,229,1
StandardGP,36953f21-06bb-11f0-ab2a-54a95b9ec813,fertility,1,263,0.21663154661655426,9.601080656051636,33562.0,0.3131656348705292,229,1
StandardGP,36953f21-06bb-11f0-ab2a-54a95b9ec813,fertility,1,264,0.21663154661655426,8.037690877914429,32510.0,0.3131656348705292,229,1
StandardGP,36953f21-06bb-11f0-ab2a-54a95b9ec813,fertility,1,265,0.21487976610660553,8.648695707321167,31292.0,0.24834269285202026,547,1
StandardGP,36953f21-06bb-11f0-ab2a-54a95b9ec813,fertility,1,266,0.21487976610660553,8.351978778839111,31826.0,0.24834269285202026,547,1
StandardGP,36953f21-06bb-11f0-ab2a-54a95b9ec813,fertility,1,267,0.21487976610660553,8.725255966186523,32126.0,0.24834269285202026,547,1
StandardGP,36953f21-06bb-11f0-ab2a-54a95b9ec813,fertility,1,268,0.21487976610660553,8.383069276809692,33132.0,0.24834269285202026,547,1
StandardGP,36953f21-06bb-11f0-ab2a-54a95b9ec813,fertility,1,269,0.21487976610660553,10.054975271224976,36002.0,0.24834269285202026,547,1
StandardGP,36953f21-06bb-11f0-ab2a-54a95b9ec813,fertility,1,270,0.21487976610660553,11.419583559036255,40098.0,0.24834269285202026,547,1
StandardGP,36953f21-06bb-11f0-ab2a-54a95b9ec813,fertility,1,271,0.21487976610660553,12.05381464958191,41446.0,0.24834269285202026,547,1
StandardGP,36953f21-06bb-11f0-ab2a-54a95b9ec813,fertility,1,272,0.2147803157567978,6.465063095092773,40988.0,0.24994336068630219,591,1
StandardGP,36953f21-06bb-11f0-ab2a-54a95b9ec813,fertility,1,273,0.2147803157567978,4.196682929992676,42262.0,0.24994336068630219,591,1
StandardGP,36953f21-06bb-11f0-ab2a-54a95b9ec813,fertility,1,274,0.2147803157567978,2.9780209064483643,43486.0,0.24994336068630219,591,1
StandardGP,36953f21-06bb-11f0-ab2a-54a95b9ec813,fertility,1,275,0.2147803157567978,3.0610198974609375,44888.0,0.24994336068630219,591,1
StandardGP,36953f21-06bb-11f0-ab2a-54a95b9ec813,fertility,1,276,0.2147803157567978,3.8774590492248535,46522.0,0.24994336068630219,591,1
StandardGP,36953f21-06bb-11f0-ab2a-54a95b9ec813,fertility,1,277,0.21455566585063934,2.9450039863586426,44164.0,0.24994854629039764,679,1
StandardGP,36953f21-06bb-11f0-ab2a-54a95b9ec813,fertility,1,278,0.21407051384449005,4.095362901687622,44154.0,0.24834313988685608,679,1
StandardGP,36953f21-06bb-11f0-ab2a-54a95b9ec813,fertility,1,279,0.21407051384449005,3.1158297061920166,44638.0,0.24834313988685608,679,1
StandardGP,36953f21-06bb-11f0-ab2a-54a95b9ec813,fertility,1,280,0.21407051384449005,4.853593349456787,45878.0,0.24834313988685608,679,1
StandardGP,36953f21-06bb-11f0-ab2a-54a95b9ec813,fertility,1,281,0.21407051384449005,3.0106945037841797,45354.0,0.24834313988685608,679,1
StandardGP,36953f21-06bb-11f0-ab2a-54a95b9ec813,fertility,1,282,0.21407051384449005,3.2380197048187256,45178.0,0.24834313988685608,679,1
StandardGP,36953f21-06bb-11f0-ab2a-54a95b9ec813,fertility,1,283,0.21407051384449005,5.051270008087158,46780.0,0.24834313988685608,679,1
StandardGP,36953f21-06bb-11f0-ab2a-54a95b9ec813,fertility,1,284,0.21407051384449005,3.2191107273101807,47500.0,0.24834313988685608,679,1
StandardGP,36953f21-06bb-11f0-ab2a-54a95b9ec813,fertility,1,285,0.21400009095668793,3.363529920578003,50712.0,0.2483435571193695,895,1
StandardGP,36953f21-06bb-11f0-ab2a-54a95b9ec813,fertility,1,286,0.21400009095668793,5.413060903549194,52768.0,0.2483435571193695,895,1
StandardGP,36953f21-06bb-11f0-ab2a-54a95b9ec813,fertility,1,287,0.21400009095668793,3.692061185836792,51830.0,0.2483435571193695,895,1
StandardGP,36953f21-06bb-11f0-ab2a-54a95b9ec813,fertility,1,288,0.21400009095668793,3.596858501434326,53268.0,0.2483435571193695,895,1
StandardGP,36953f21-06bb-11f0-ab2a-54a95b9ec813,fertility,1,289,0.21400009095668793,5.541944980621338,54946.0,0.2483435571193695,895,1
StandardGP,36953f21-06bb-11f0-ab2a-54a95b9ec813,fertility,1,290,0.21400009095668793,3.732325315475464,54378.0,0.2483435571193695,895,1
StandardGP,36953f21-06bb-11f0-ab2a-54a95b9ec813,fertility,1,291,0.21400009095668793,3.7299649715423584,52340.0,0.2483435571193695,895,1
StandardGP,36953f21-06bb-11f0-ab2a-54a95b9ec813,fertility,1,292,0.21400009095668793,5.371569871902466,53024.0,0.2483435571193695,895,1
StandardGP,36953f21-06bb-11f0-ab2a-54a95b9ec813,fertility,1,293,0.21400009095668793,3.7331323623657227,53610.0,0.2483435571193695,895,1
StandardGP,36953f21-06bb-11f0-ab2a-54a95b9ec813,fertility,1,294,0.21400009095668793,5.69347071647644,53270.0,0.2483435571193695,895,1
StandardGP,36953f21-06bb-11f0-ab2a-54a95b9ec813,fertility,1,295,0.21400009095668793,3.6802680492401123,53854.0,0.2483435571193695,895,1
StandardGP,36953f21-06bb-11f0-ab2a-54a95b9ec813,fertility,1,296,0.21400009095668793,3.7149457931518555,55616.0,0.2483435571193695,895,1
StandardGP,36953f21-06bb-11f0-ab2a-54a95b9ec813,fertility,1,297,0.21400009095668793,5.671404123306274,55972.0,0.2483435571193695,895,1
StandardGP,36953f21-06bb-11f0-ab2a-54a95b9ec813,fertility,1,298,0.21399186551570892,3.917532444000244,54546.0,0.24834361672401428,647,1
StandardGP,36953f21-06bb-11f0-ab2a-54a95b9ec813,fertility,1,299,0.21399186551570892,4.220741033554077,58642.0,0.24834361672401428,647,1
StandardGP,36953f21-06bb-11f0-ab2a-54a95b9ec813,fertility,1,300,0.21399186551570892,5.520777940750122,58720.0,0.24834361672401428,647,1
StandardGP,36953f21-06bb-11f0-ab2a-54a95b9ec813,fertility,1,301,0.21399186551570892,4.114255428314209,59552.0,0.24834361672401428,647,1
StandardGP,36953f21-06bb-11f0-ab2a-54a95b9ec813,fertility,1,302,0.21399186551570892,5.678445816040039,60304.0,0.24834361672401428,647,1
StandardGP,36953f21-06bb-11f0-ab2a-54a95b9ec813,fertility,1,303,0.21399186551570892,4.048115253448486,61250.0,0.24834361672401428,647,1
StandardGP,36953f21-06bb-11f0-ab2a-54a95b9ec813,fertility,1,304,0.21399186551570892,4.002295255661011,58624.0,0.24834361672401428,647,1
StandardGP,36953f21-06bb-11f0-ab2a-54a95b9ec813,fertility,1,305,0.21399186551570892,4.953044176101685,59068.0,0.24834361672401428,647,1
StandardGP,36953f21-06bb-11f0-ab2a-54a95b9ec813,fertility,1,306,0.21399186551570892,3.986751079559326,56294.0,0.24834361672401428,647,1
StandardGP,36953f21-06bb-11f0-ab2a-54a95b9ec813,fertility,1,307,0.21399186551570892,4.594555139541626,56470.0,0.24834361672401428,647,1
StandardGP,36953f21-06bb-11f0-ab2a-54a95b9ec813,fertility,1,308,0.21399186551570892,4.011571168899536,56452.0,0.24834361672401428,647,1
StandardGP,36953f21-06bb-11f0-ab2a-54a95b9ec813,fertility,1,309,0.21399186551570892,4.180481910705566,57484.0,0.24834361672401428,647,1
StandardGP,36953f21-06bb-11f0-ab2a-54a95b9ec813,fertility,1,310,0.21399186551570892,4.813454627990723,55614.0,0.24834361672401428,647,1
StandardGP,36953f21-06bb-11f0-ab2a-54a95b9ec813,fertility,1,311,0.21399186551570892,3.9647762775421143,59656.0,0.24834361672401428,647,1
StandardGP,36953f21-06bb-11f0-ab2a-54a95b9ec813,fertility,1,312,0.21399186551570892,5.544965028762817,59404.0,0.24834361672401428,647,1
StandardGP,36953f21-06bb-11f0-ab2a-54a95b9ec813,fertility,1,313,0.21277077496051788,4.129879713058472,57642.0,0.24834686517715454,621,1
StandardGP,36953f21-06bb-11f0-ab2a-54a95b9ec813,fertility,1,314,0.21277077496051788,5.231405735015869,59380.0,0.24834686517715454,621,1
StandardGP,36953f21-06bb-11f0-ab2a-54a95b9ec813,fertility,1,315,0.21277077496051788,4.13475227355957,60444.0,0.24834686517715454,621,1
StandardGP,36953f21-06bb-11f0-ab2a-54a95b9ec813,fertility,1,316,0.21277077496051788,5.835277557373047,60058.0,0.24834686517715454,621,1
StandardGP,36953f21-06bb-11f0-ab2a-54a95b9ec813,fertility,1,317,0.21277077496051788,4.251670837402344,60590.0,0.24834686517715454,621,1
StandardGP,36953f21-06bb-11f0-ab2a-54a95b9ec813,fertility,1,318,0.21277077496051788,4.450649261474609,62606.0,0.24834686517715454,621,1
StandardGP,36953f21-06bb-11f0-ab2a-54a95b9ec813,fertility,1,319,0.21277077496051788,5.664547443389893,61588.0,0.24834686517715454,621,1
StandardGP,36953f21-06bb-11f0-ab2a-54a95b9ec813,fertility,1,320,0.21277077496051788,4.0868260860443115,60624.0,0.24834686517715454,621,1
StandardGP,36953f21-06bb-11f0-ab2a-54a95b9ec813,fertility,1,321,0.21277058124542236,5.617196798324585,62696.0,0.24834656715393066,581,1
StandardGP,36953f21-06bb-11f0-ab2a-54a95b9ec813,fertility,1,322,0.21277058124542236,4.282116651535034,60434.0,0.24834656715393066,581,1
StandardGP,36953f21-06bb-11f0-ab2a-54a95b9ec813,fertility,1,323,0.21277058124542236,5.363777160644531,58900.0,0.24834656715393066,581,1
StandardGP,36953f21-06bb-11f0-ab2a-54a95b9ec813,fertility,1,324,0.2127673327922821,3.853666305541992,58664.0,0.24834269285202026,581,1
StandardGP,36953f21-06bb-11f0-ab2a-54a95b9ec813,fertility,1,325,0.2127673327922821,5.563661336898804,59106.0,0.24834269285202026,581,1
StandardGP,36953f21-06bb-11f0-ab2a-54a95b9ec813,fertility,1,326,0.2127673327922821,4.3513147830963135,57696.0,0.24834269285202026,581,1
StandardGP,36953f21-06bb-11f0-ab2a-54a95b9ec813,fertility,1,327,0.2127673327922821,3.84969162940979,55074.0,0.24834269285202026,581,1
StandardGP,36953f21-06bb-11f0-ab2a-54a95b9ec813,fertility,1,328,0.2127673327922821,5.494981288909912,57882.0,0.24834269285202026,581,1
StandardGP,36953f21-06bb-11f0-ab2a-54a95b9ec813,fertility,1,329,0.2127673327922821,4.237945795059204,56542.0,0.24834269285202026,581,1
StandardGP,36953f21-06bb-11f0-ab2a-54a95b9ec813,fertility,1,330,0.2127673327922821,5.325749397277832,55374.0,0.24834269285202026,581,1
StandardGP,36953f21-06bb-11f0-ab2a-54a95b9ec813,fertility,1,331,0.2127673327922821,4.079491376876831,54124.0,0.24834269285202026,581,1
StandardGP,36953f21-06bb-11f0-ab2a-54a95b9ec813,fertility,1,332,0.2127673327922821,5.03293514251709,58086.0,0.24834269285202026,581,1
StandardGP,36953f21-06bb-11f0-ab2a-54a95b9ec813,fertility,1,333,0.2127673327922821,4.281838655471802,56276.0,0.24834269285202026,581,1
StandardGP,36953f21-06bb-11f0-ab2a-54a95b9ec813,fertility,1,334,0.2127673327922821,5.480460166931152,55274.0,0.24834269285202026,581,1
StandardGP,36953f21-06bb-11f0-ab2a-54a95b9ec813,fertility,1,335,0.2127673327922821,4.082865476608276,53788.0,0.24834269285202026,581,1
StandardGP,36953f21-06bb-11f0-ab2a-54a95b9ec813,fertility,1,336,0.2127673327922821,4.750784158706665,54206.0,0.24834269285202026,581,1
StandardGP,36953f21-06bb-11f0-ab2a-54a95b9ec813,fertility,1,337,0.2127673327922821,3.802975654602051,52792.0,0.24834269285202026,581,1
StandardGP,36953f21-06bb-11f0-ab2a-54a95b9ec813,fertility,1,338,0.2127673327922821,4.986749649047852,53938.0,0.24834269285202026,581,1
StandardGP,36953f21-06bb-11f0-ab2a-54a95b9ec813,fertility,1,339,0.2127673327922821,3.7466042041778564,55078.0,0.24834269285202026,581,1
StandardGP,36953f21-06bb-11f0-ab2a-54a95b9ec813,fertility,1,340,0.2127673327922821,5.316659688949585,54066.0,0.24834269285202026,581,1
StandardGP,36953f21-06bb-11f0-ab2a-54a95b9ec813,fertility,1,341,0.2127673327922821,3.81726336479187,53460.0,0.24834269285202026,581,1
StandardGP,36953f21-06bb-11f0-ab2a-54a95b9ec813,fertility,1,342,0.2127673327922821,3.6219050884246826,53982.0,0.24834269285202026,581,1
StandardGP,36953f21-06bb-11f0-ab2a-54a95b9ec813,fertility,1,343,0.2127673327922821,4.91892147064209,55474.0,0.24834269285202026,581,1
StandardGP,36953f21-06bb-11f0-ab2a-54a95b9ec813,fertility,1,344,0.2127673327922821,3.945596218109131,54476.0,0.24834269285202026,581,1
StandardGP,36953f21-06bb-11f0-ab2a-54a95b9ec813,fertility,1,345,0.2127673327922821,5.082190990447998,56292.0,0.24834269285202026,581,1
StandardGP,36953f21-06bb-11f0-ab2a-54a95b9ec813,fertility,1,346,0.2127673327922821,4.038085699081421,54908.0,0.24834269285202026,581,1
StandardGP,36953f21-06bb-11f0-ab2a-54a95b9ec813,fertility,1,347,0.2127673327922821,5.252658367156982,57054.0,0.24834269285202026,581,1
StandardGP,36953f21-06bb-11f0-ab2a-54a95b9ec813,fertility,1,348,0.2127673327922821,3.917343854904175,55872.0,0.24834269285202026,581,1
StandardGP,36953f21-06bb-11f0-ab2a-54a95b9ec813,fertility,1,349,0.2127673327922821,5.2522218227386475,55898.0,0.24834269285202026,581,1
StandardGP,36953f21-06bb-11f0-ab2a-54a95b9ec813,fertility,1,350,0.2127673327922821,3.9317362308502197,55242.0,0.24834269285202026,581,1
StandardGP,36953f21-06bb-11f0-ab2a-54a95b9ec813,fertility,1,351,0.21096815168857574,4.9673051834106445,51166.0,0.2363538295030594,661,1
StandardGP,36953f21-06bb-11f0-ab2a-54a95b9ec813,fertility,1,352,0.21096815168857574,3.6647017002105713,50382.0,0.2363538295030594,661,1
StandardGP,36953f21-06bb-11f0-ab2a-54a95b9ec813,fertility,1,353,0.21096815168857574,4.844805717468262,51846.0,0.2363538295030594,661,1
StandardGP,36953f21-06bb-11f0-ab2a-54a95b9ec813,fertility,1,354,0.21096815168857574,3.3515682220458984,50070.0,0.2363538295030594,661,1
StandardGP,36953f21-06bb-11f0-ab2a-54a95b9ec813,fertility,1,355,0.21096815168857574,4.868118047714233,50792.0,0.2363538295030594,661,1
StandardGP,36953f21-06bb-11f0-ab2a-54a95b9ec813,fertility,1,356,0.21096815168857574,3.5224263668060303,53576.0,0.2363538295030594,661,1
StandardGP,36953f21-06bb-11f0-ab2a-54a95b9ec813,fertility,1,357,0.21096815168857574,5.147118806838989,53914.0,0.2363538295030594,661,1
StandardGP,36953f21-06bb-11f0-ab2a-54a95b9ec813,fertility,1,358,0.21096815168857574,3.6454989910125732,54940.0,0.2363538295030594,661,1
StandardGP,36953f21-06bb-11f0-ab2a-54a95b9ec813,fertility,1,359,0.21096815168857574,5.3295416831970215,60160.0,0.2363538295030594,661,1
StandardGP,36953f21-06bb-11f0-ab2a-54a95b9ec813,fertility,1,360,0.21096815168857574,4.5700225830078125,61516.0,0.2363538295030594,661,1
StandardGP,36953f21-06bb-11f0-ab2a-54a95b9ec813,fertility,1,361,0.21096815168857574,5.026041746139526,61554.0,0.2363538295030594,661,1
StandardGP,36953f21-06bb-11f0-ab2a-54a95b9ec813,fertility,1,362,0.21096815168857574,5.078909635543823,62474.0,0.2363538295030594,661,1
StandardGP,36953f21-06bb-11f0-ab2a-54a95b9ec813,fertility,1,363,0.21096815168857574,5.707557439804077,65058.0,0.2363538295030594,661,1
StandardGP,36953f21-06bb-11f0-ab2a-54a95b9ec813,fertility,1,364,0.21096815168857574,5.799904108047485,68156.0,0.2363538295030594,661,1
StandardGP,36953f21-06bb-11f0-ab2a-54a95b9ec813,fertility,1,365,0.21096815168857574,5.344533205032349,69618.0,0.2363538295030594,661,1
StandardGP,36953f21-06bb-11f0-ab2a-54a95b9ec813,fertility,1,366,0.21096815168857574,6.290898084640503,70624.0,0.2363538295030594,661,1
StandardGP,36953f21-06bb-11f0-ab2a-54a95b9ec813,fertility,1,367,0.21096815168857574,4.701411008834839,67040.0,0.2363538295030594,661,1
StandardGP,36953f21-06bb-11f0-ab2a-54a95b9ec813,fertility,1,368,0.21096815168857574,5.816269636154175,65044.0,0.2363538295030594,661,1
StandardGP,36953f21-06bb-11f0-ab2a-54a95b9ec813,fertility,1,369,0.21096815168857574,4.632714033126831,66916.0,0.2363538295030594,661,1
StandardGP,36953f21-06bb-11f0-ab2a-54a95b9ec813,fertility,1,370,0.21096815168857574,6.192780494689941,68026.0,0.2363538295030594,661,1
StandardGP,36953f21-06bb-11f0-ab2a-54a95b9ec813,fertility,1,371,0.21096815168857574,4.302840948104858,65278.0,0.2363538295030594,661,1
StandardGP,36953f21-06bb-11f0-ab2a-54a95b9ec813,fertility,1,372,0.21096815168857574,5.815356969833374,63118.0,0.2363538295030594,661,1
StandardGP,36953f21-06bb-11f0-ab2a-54a95b9ec813,fertility,1,373,0.21096815168857574,4.329846620559692,63832.0,0.2363538295030594,661,1
StandardGP,36953f21-06bb-11f0-ab2a-54a95b9ec813,fertility,1,374,0.21096815168857574,5.6824424266815186,63938.0,0.2363538295030594,661,1
StandardGP,36953f21-06bb-11f0-ab2a-54a95b9ec813,fertility,1,375,0.21096815168857574,4.35120153427124,63334.0,0.2363538295030594,661,1
StandardGP,36953f21-06bb-11f0-ab2a-54a95b9ec813,fertility,1,376,0.21096815168857574,5.599297761917114,63958.0,0.2363538295030594,661,1
StandardGP,36953f21-06bb-11f0-ab2a-54a95b9ec813,fertility,1,377,0.21096815168857574,4.1121015548706055,59182.0,0.2363538295030594,661,1
StandardGP,36953f21-06bb-11f0-ab2a-54a95b9ec813,fertility,1,378,0.2038624882698059,5.230448007583618,59952.0,0.2510598599910736,359,1
StandardGP,36953f21-06bb-11f0-ab2a-54a95b9ec813,fertility,1,379,0.2038624882698059,3.917585849761963,60634.0,0.2510598599910736,359,1
StandardGP,36953f21-06bb-11f0-ab2a-54a95b9ec813,fertility,1,380,0.2038624882698059,5.422549486160278,60048.0,0.2510598599910736,359,1
StandardGP,36953f21-06bb-11f0-ab2a-54a95b9ec813,fertility,1,381,0.2038624882698059,4.063894510269165,59584.0,0.2510598599910736,359,1
StandardGP,36953f21-06bb-11f0-ab2a-54a95b9ec813,fertility,1,382,0.199599489569664,5.65070104598999,58736.0,0.2514619529247284,335,1
StandardGP,36953f21-06bb-11f0-ab2a-54a95b9ec813,fertility,1,383,0.199599489569664,3.882537364959717,59760.0,0.2514619529247284,335,1
StandardGP,36953f21-06bb-11f0-ab2a-54a95b9ec813,fertility,1,384,0.199599489569664,4.466285228729248,61858.0,0.2514619529247284,335,1
StandardGP,36953f21-06bb-11f0-ab2a-54a95b9ec813,fertility,1,385,0.199599489569664,5.620362758636475,60226.0,0.2514619529247284,335,1
StandardGP,36953f21-06bb-11f0-ab2a-54a95b9ec813,fertility,1,386,0.199599489569664,3.9175221920013428,60200.0,0.2514619529247284,335,1
StandardGP,36953f21-06bb-11f0-ab2a-54a95b9ec813,fertility,1,387,0.199599489569664,4.0805504322052,60254.0,0.2514619529247284,335,1
StandardGP,36953f21-06bb-11f0-ab2a-54a95b9ec813,fertility,1,388,0.199599489569664,5.463289022445679,55972.0,0.2514619529247284,335,1
StandardGP,36953f21-06bb-11f0-ab2a-54a95b9ec813,fertility,1,389,0.19805213809013367,3.5643391609191895,53080.0,0.2368660569190979,309,1
StandardGP,36953f21-06bb-11f0-ab2a-54a95b9ec813,fertility,1,390,0.19805213809013367,3.0506417751312256,47742.0,0.2368660569190979,309,1
StandardGP,36953f21-06bb-11f0-ab2a-54a95b9ec813,fertility,1,391,0.19805213809013367,4.520191669464111,44972.0,0.2368660569190979,309,1
StandardGP,36953f21-06bb-11f0-ab2a-54a95b9ec813,fertility,1,392,0.1939888745546341,2.70090651512146,43614.0,0.23812156915664673,317,1
StandardGP,36953f21-06bb-11f0-ab2a-54a95b9ec813,fertility,1,393,0.1939888745546341,2.983567476272583,43042.0,0.23812156915664673,317,1
StandardGP,36953f21-06bb-11f0-ab2a-54a95b9ec813,fertility,1,394,0.1939888745546341,3.895601749420166,44860.0,0.23812156915664673,317,1
StandardGP,36953f21-06bb-11f0-ab2a-54a95b9ec813,fertility,1,395,0.1939888745546341,2.8333723545074463,45362.0,0.23812156915664673,317,1
StandardGP,36953f21-06bb-11f0-ab2a-54a95b9ec813,fertility,1,396,0.1939888745546341,3.3875651359558105,43424.0,0.23812156915664673,317,1
StandardGP,36953f21-06bb-11f0-ab2a-54a95b9ec813,fertility,1,397,0.1939888745546341,2.3903968334198,38842.0,0.23812156915664673,317,1
StandardGP,36953f21-06bb-11f0-ab2a-54a95b9ec813,fertility,1,398,0.19366733729839325,3.6005945205688477,37234.0,0.23693616688251495,387,1
StandardGP,36953f21-06bb-11f0-ab2a-54a95b9ec813,fertility,1,399,0.19366733729839325,2.1467125415802,35396.0,0.23693616688251495,387,1
StandardGP,36953f21-06bb-11f0-ab2a-54a95b9ec813,fertility,1,400,0.19366733729839325,1.9546873569488525,32950.0,0.23693616688251495,387,1
StandardGP,36953f21-06bb-11f0-ab2a-54a95b9ec813,fertility,1,401,0.19366733729839325,2.4203391075134277,35268.0,0.23693616688251495,387,1
StandardGP,36953f21-06bb-11f0-ab2a-54a95b9ec813,fertility,1,402,0.19366733729839325,3.433359146118164,38554.0,0.23693616688251495,387,1
StandardGP,36953f21-06bb-11f0-ab2a-54a95b9ec813,fertility,1,403,0.19366733729839325,2.3963937759399414,38970.0,0.23693616688251495,387,1
StandardGP,36953f21-06bb-11f0-ab2a-54a95b9ec813,fertility,1,404,0.19366733729839325,2.572343111038208,39014.0,0.23693616688251495,387,1
StandardGP,36953f21-06bb-11f0-ab2a-54a95b9ec813,fertility,1,405,0.19366733729839325,2.3636231422424316,38718.0,0.23693616688251495,387,1
StandardGP,36953f21-06bb-11f0-ab2a-54a95b9ec813,fertility,1,406,0.19366733729839325,4.074435472488403,41430.0,0.23693616688251495,387,1
StandardGP,36953f21-06bb-11f0-ab2a-54a95b9ec813,fertility,1,407,0.19366733729839325,2.629261016845703,42040.0,0.23693616688251495,387,1
StandardGP,36953f21-06bb-11f0-ab2a-54a95b9ec813,fertility,1,408,0.19366733729839325,2.7399404048919678,43800.0,0.23693616688251495,387,1
StandardGP,36953f21-06bb-11f0-ab2a-54a95b9ec813,fertility,1,409,0.19366733729839325,4.034572601318359,46818.0,0.23693616688251495,387,1
StandardGP,36953f21-06bb-11f0-ab2a-54a95b9ec813,fertility,1,410,0.19366733729839325,3.4147446155548096,48334.0,0.23693616688251495,387,1
StandardGP,36953f21-06bb-11f0-ab2a-54a95b9ec813,fertility,1,411,0.19366733729839325,4.151016473770142,49732.0,0.23693616688251495,387,1
StandardGP,36953f21-06bb-11f0-ab2a-54a95b9ec813,fertility,1,412,0.19366733729839325,3.4834935665130615,50054.0,0.23693616688251495,387,1
StandardGP,36953f21-06bb-11f0-ab2a-54a95b9ec813,fertility,1,413,0.19366733729839325,3.1842384338378906,50280.0,0.23693616688251495,387,1
StandardGP,36953f21-06bb-11f0-ab2a-54a95b9ec813,fertility,1,414,0.19366733729839325,4.250979900360107,52332.0,0.23693616688251495,387,1
StandardGP,36953f21-06bb-11f0-ab2a-54a95b9ec813,fertility,1,415,0.19366733729839325,2.9194581508636475,47806.0,0.23693616688251495,387,1
StandardGP,36953f21-06bb-11f0-ab2a-54a95b9ec813,fertility,1,416,0.1918332874774933,4.135519504547119,48612.0,0.23110808432102203,455,1
StandardGP,36953f21-06bb-11f0-ab2a-54a95b9ec813,fertility,1,417,0.1918332874774933,2.8619885444641113,44852.0,0.23110808432102203,455,1
StandardGP,36953f21-06bb-11f0-ab2a-54a95b9ec813,fertility,1,418,0.1918332874774933,4.1130592823028564,49068.0,0.23110808432102203,455,1
StandardGP,36953f21-06bb-11f0-ab2a-54a95b9ec813,fertility,1,419,0.1918332874774933,3.080425500869751,49752.0,0.23110808432102203,455,1
StandardGP,36953f21-06bb-11f0-ab2a-54a95b9ec813,fertility,1,420,0.1918332874774933,2.949812412261963,48660.0,0.23110808432102203,455,1
StandardGP,36953f21-06bb-11f0-ab2a-54a95b9ec813,fertility,1,421,0.1918332874774933,3.976982831954956,51060.0,0.23110808432102203,455,1
StandardGP,36953f21-06bb-11f0-ab2a-54a95b9ec813,fertility,1,422,0.1918332874774933,3.2047955989837646,51876.0,0.23110808432102203,455,1
StandardGP,36953f21-06bb-11f0-ab2a-54a95b9ec813,fertility,1,423,0.1918332874774933,4.319007873535156,50294.0,0.23110808432102203,455,1
StandardGP,36953f21-06bb-11f0-ab2a-54a95b9ec813,fertility,1,424,0.1918332874774933,3.0195484161376953,47004.0,0.23110808432102203,455,1
StandardGP,36953f21-06bb-11f0-ab2a-54a95b9ec813,fertility,1,425,0.19101554155349731,3.863983154296875,45778.0,0.23110808432102203,287,1
StandardGP,36953f21-06bb-11f0-ab2a-54a95b9ec813,fertility,1,426,0.19101554155349731,2.9520888328552246,43414.0,0.23110808432102203,287,1
StandardGP,36953f21-06bb-11f0-ab2a-54a95b9ec813,fertility,1,427,0.19101554155349731,2.453390598297119,40234.0,0.23110808432102203,287,1
StandardGP,36953f21-06bb-11f0-ab2a-54a95b9ec813,fertility,1,428,0.19101554155349731,3.3656139373779297,41188.0,0.23110808432102203,287,1
StandardGP,36953f21-06bb-11f0-ab2a-54a95b9ec813,fertility,1,429,0.19101554155349731,2.766118049621582,45978.0,0.23110808432102203,287,1
StandardGP,36953f21-06bb-11f0-ab2a-54a95b9ec813,fertility,1,430,0.19101554155349731,3.8619089126586914,45758.0,0.23110808432102203,287,1
StandardGP,36953f21-06bb-11f0-ab2a-54a95b9ec813,fertility,1,431,0.19101554155349731,2.885978937149048,46952.0,0.23110808432102203,287,1
StandardGP,36953f21-06bb-11f0-ab2a-54a95b9ec813,fertility,1,432,0.19101554155349731,3.7162394523620605,45144.0,0.23110808432102203,287,1
StandardGP,36953f21-06bb-11f0-ab2a-54a95b9ec813,fertility,1,433,0.19101554155349731,2.768235445022583,42758.0,0.23110808432102203,287,1
StandardGP,36953f21-06bb-11f0-ab2a-54a95b9ec813,fertility,1,434,0.19101554155349731,2.9315555095672607,43504.0,0.23110808432102203,287,1
StandardGP,36953f21-06bb-11f0-ab2a-54a95b9ec813,fertility,1,435,0.19101554155349731,3.4318201541900635,41544.0,0.23110808432102203,287,1
StandardGP,36953f21-06bb-11f0-ab2a-54a95b9ec813,fertility,1,436,0.19101554155349731,2.9054861068725586,43038.0,0.23110808432102203,287,1
StandardGP,36953f21-06bb-11f0-ab2a-54a95b9ec813,fertility,1,437,0.19101554155349731,3.9450559616088867,44492.0,0.23110808432102203,287,1
StandardGP,36953f21-06bb-11f0-ab2a-54a95b9ec813,fertility,1,438,0.19101554155349731,2.7336955070495605,44020.0,0.23110808432102203,287,1
StandardGP,36953f21-06bb-11f0-ab2a-54a95b9ec813,fertility,1,439,0.19101554155349731,3.99548077583313,51268.0,0.23110808432102203,287,1
StandardGP,36953f21-06bb-11f0-ab2a-54a95b9ec813,fertility,1,440,0.19101554155349731,3.2861380577087402,50218.0,0.23110808432102203,287,1
StandardGP,36953f21-06bb-11f0-ab2a-54a95b9ec813,fertility,1,441,0.19101554155349731,3.1539130210876465,51132.0,0.23110808432102203,287,1
StandardGP,36953f21-06bb-11f0-ab2a-54a95b9ec813,fertility,1,442,0.19101554155349731,4.11974310874939,53492.0,0.23110808432102203,287,1
StandardGP,36953f21-06bb-11f0-ab2a-54a95b9ec813,fertility,1,443,0.19101554155349731,3.816077709197998,56182.0,0.23110808432102203,287,1
StandardGP,36953f21-06bb-11f0-ab2a-54a95b9ec813,fertility,1,444,0.19101554155349731,5.046098470687866,63762.0,0.23110808432102203,287,1
StandardGP,36953f21-06bb-11f0-ab2a-54a95b9ec813,fertility,1,445,0.19101554155349731,5.392152786254883,67728.0,0.23110808432102203,287,1
StandardGP,36953f21-06bb-11f0-ab2a-54a95b9ec813,fertility,1,446,0.19101554155349731,4.297289848327637,65266.0,0.23110808432102203,287,1
StandardGP,36953f21-06bb-11f0-ab2a-54a95b9ec813,fertility,1,447,0.19101554155349731,5.5856711864471436,72352.0,0.23110808432102203,287,1
StandardGP,36953f21-06bb-11f0-ab2a-54a95b9ec813,fertility,1,448,0.19101554155349731,5.640486240386963,70364.0,0.23110808432102203,287,1
StandardGP,36953f21-06bb-11f0-ab2a-54a95b9ec813,fertility,1,449,0.19101554155349731,4.185400724411011,64568.0,0.23110808432102203,287,1
StandardGP,36953f21-06bb-11f0-ab2a-54a95b9ec813,fertility,1,450,0.19101554155349731,5.184129476547241,66078.0,0.23110808432102203,287,1
StandardGP,36953f21-06bb-11f0-ab2a-54a95b9ec813,fertility,1,451,0.19101554155349731,4.962998628616333,60226.0,0.23110808432102203,287,1
StandardGP,36953f21-06bb-11f0-ab2a-54a95b9ec813,fertility,1,452,0.19101554155349731,4.3295369148254395,62944.0,0.23110808432102203,287,1
StandardGP,36953f21-06bb-11f0-ab2a-54a95b9ec813,fertility,1,453,0.19101554155349731,5.084443092346191,65508.0,0.23110808432102203,287,1
StandardGP,36953f21-06bb-11f0-ab2a-54a95b9ec813,fertility,1,454,0.19101554155349731,5.1158037185668945,66914.0,0.23110808432102203,287,1
StandardGP,36953f21-06bb-11f0-ab2a-54a95b9ec813,fertility,1,455,0.19101554155349731,4.63537073135376,62184.0,0.23110808432102203,287,1
StandardGP,36953f21-06bb-11f0-ab2a-54a95b9ec813,fertility,1,456,0.19101554155349731,5.077053070068359,65234.0,0.23110808432102203,287,1
StandardGP,36953f21-06bb-11f0-ab2a-54a95b9ec813,fertility,1,457,0.18522869050502777,5.556127071380615,71250.0,0.20243914425373077,291,1
StandardGP,36953f21-06bb-11f0-ab2a-54a95b9ec813,fertility,1,458,0.18522869050502777,5.333022594451904,65722.0,0.20243914425373077,291,1
StandardGP,36953f21-06bb-11f0-ab2a-54a95b9ec813,fertility,1,459,0.18522869050502777,4.900012969970703,72740.0,0.20243914425373077,291,1
StandardGP,36953f21-06bb-11f0-ab2a-54a95b9ec813,fertility,1,460,0.18522869050502777,5.337724685668945,65050.0,0.20243914425373077,291,1
StandardGP,36953f21-06bb-11f0-ab2a-54a95b9ec813,fertility,1,461,0.18522869050502777,5.815260410308838,76176.0,0.20243914425373077,291,1
StandardGP,36953f21-06bb-11f0-ab2a-54a95b9ec813,fertility,1,462,0.18522869050502777,6.318103075027466,75762.0,0.20243914425373077,291,1
StandardGP,36953f21-06bb-11f0-ab2a-54a95b9ec813,fertility,1,463,0.18522869050502777,5.534284353256226,76360.0,0.20243914425373077,291,1
StandardGP,36953f21-06bb-11f0-ab2a-54a95b9ec813,fertility,1,464,0.18522869050502777,6.07431697845459,75690.0,0.20243914425373077,291,1
StandardGP,36953f21-06bb-11f0-ab2a-54a95b9ec813,fertility,1,465,0.18522869050502777,5.672830581665039,79678.0,0.20243914425373077,291,1
StandardGP,36953f21-06bb-11f0-ab2a-54a95b9ec813,fertility,1,466,0.18522869050502777,6.119927406311035,75160.0,0.20243914425373077,291,1
StandardGP,36953f21-06bb-11f0-ab2a-54a95b9ec813,fertility,1,467,0.18522869050502777,5.463063478469849,75580.0,0.20243914425373077,291,1
StandardGP,36953f21-06bb-11f0-ab2a-54a95b9ec813,fertility,1,468,0.18522869050502777,7.233660936355591,88500.0,0.20243914425373077,291,1
StandardGP,36953f21-06bb-11f0-ab2a-54a95b9ec813,fertility,1,469,0.18522869050502777,6.841050386428833,91598.0,0.20243914425373077,291,1
StandardGP,36953f21-06bb-11f0-ab2a-54a95b9ec813,fertility,1,470,0.18522869050502777,6.513194799423218,81388.0,0.20243914425373077,291,1
StandardGP,36953f21-06bb-11f0-ab2a-54a95b9ec813,fertility,1,471,0.18522869050502777,7.455643653869629,90420.0,0.20243914425373077,291,1
StandardGP,36953f21-06bb-11f0-ab2a-54a95b9ec813,fertility,1,472,0.18522869050502777,8.432292938232422,95772.0,0.20243914425373077,291,1
StandardGP,36953f21-06bb-11f0-ab2a-54a95b9ec813,fertility,1,473,0.18522869050502777,8.10053300857544,104502.0,0.20243914425373077,291,1
StandardGP,36953f21-06bb-11f0-ab2a-54a95b9ec813,fertility,1,474,0.18522869050502777,7.750657081604004,99924.0,0.20243914425373077,291,1
StandardGP,36953f21-06bb-11f0-ab2a-54a95b9ec813,fertility,1,475,0.18522869050502777,8.419084310531616,105944.0,0.20243914425373077,291,1
StandardGP,36953f21-06bb-11f0-ab2a-54a95b9ec813,fertility,1,476,0.18522869050502777,7.424863815307617,91812.0,0.20243914425373077,291,1
StandardGP,36953f21-06bb-11f0-ab2a-54a95b9ec813,fertility,1,477,0.18522869050502777,7.2483885288238525,92962.0,0.20243914425373077,291,1
StandardGP,36953f21-06bb-11f0-ab2a-54a95b9ec813,fertility,1,478,0.18522869050502777,8.132620811462402,95924.0,0.20243914425373077,291,1
StandardGP,36953f21-06bb-11f0-ab2a-54a95b9ec813,fertility,1,479,0.18522869050502777,8.446964263916016,102388.0,0.20243914425373077,291,1
StandardGP,36953f21-06bb-11f0-ab2a-54a95b9ec813,fertility,1,480,0.18522869050502777,7.897818088531494,95648.0,0.20243914425373077,291,1
StandardGP,36953f21-06bb-11f0-ab2a-54a95b9ec813,fertility,1,481,0.18522869050502777,8.019698143005371,102690.0,0.20243914425373077,291,1
StandardGP,36953f21-06bb-11f0-ab2a-54a95b9ec813,fertility,1,482,0.18522869050502777,7.350079298019409,99812.0,0.20243914425373077,291,1
StandardGP,36953f21-06bb-11f0-ab2a-54a95b9ec813,fertility,1,483,0.18522869050502777,8.947961807250977,109150.0,0.20243914425373077,291,1
StandardGP,36953f21-06bb-11f0-ab2a-54a95b9ec813,fertility,1,484,0.18522869050502777,9.030863285064697,110416.0,0.20243914425373077,291,1
StandardGP,36953f21-06bb-11f0-ab2a-54a95b9ec813,fertility,1,485,0.18522869050502777,8.883324146270752,114760.0,0.20243914425373077,291,1
StandardGP,36953f21-06bb-11f0-ab2a-54a95b9ec813,fertility,1,486,0.18522869050502777,8.863953351974487,115012.0,0.20243914425373077,291,1
StandardGP,36953f21-06bb-11f0-ab2a-54a95b9ec813,fertility,1,487,0.18522869050502777,7.65540885925293,95128.0,0.20243914425373077,291,1
StandardGP,36953f21-06bb-11f0-ab2a-54a95b9ec813,fertility,1,488,0.18522869050502777,6.632632493972778,85668.0,0.20243914425373077,291,1
StandardGP,36953f21-06bb-11f0-ab2a-54a95b9ec813,fertility,1,489,0.18522869050502777,5.820121765136719,82470.0,0.20243914425373077,291,1
StandardGP,36953f21-06bb-11f0-ab2a-54a95b9ec813,fertility,1,490,0.18522869050502777,6.551955938339233,81918.0,0.20243914425373077,291,1
StandardGP,36953f21-06bb-11f0-ab2a-54a95b9ec813,fertility,1,491,0.18522869050502777,6.8991711139678955,84620.0,0.20243914425373077,291,1
StandardGP,36953f21-06bb-11f0-ab2a-54a95b9ec813,fertility,1,492,0.18522869050502777,5.864866733551025,88492.0,0.20243914425373077,291,1
StandardGP,36953f21-06bb-11f0-ab2a-54a95b9ec813,fertility,1,493,0.18522869050502777,7.334564447402954,90176.0,0.20243914425373077,291,1
StandardGP,36953f21-06bb-11f0-ab2a-54a95b9ec813,fertility,1,494,0.18522869050502777,6.228225946426392,78098.0,0.20243914425373077,291,1
StandardGP,36953f21-06bb-11f0-ab2a-54a95b9ec813,fertility,1,495,0.18522869050502777,6.5896382331848145,80186.0,0.20243914425373077,291,1
StandardGP,36953f21-06bb-11f0-ab2a-54a95b9ec813,fertility,1,496,0.18522869050502777,4.999623537063599,75446.0,0.20243914425373077,291,1
StandardGP,36953f21-06bb-11f0-ab2a-54a95b9ec813,fertility,1,497,0.18522869050502777,6.400509595870972,77762.0,0.20243914425373077,291,1
StandardGP,36953f21-06bb-11f0-ab2a-54a95b9ec813,fertility,1,498,0.18522869050502777,6.499612331390381,88340.0,0.20243914425373077,291,1
StandardGP,36953f21-06bb-11f0-ab2a-54a95b9ec813,fertility,1,499,0.18522869050502777,6.266849517822266,88936.0,0.20243914425373077,291,1
StandardGP,36953f21-06bb-11f0-ab2a-54a95b9ec813,fertility,1,500,0.18522869050502777,5.580225467681885,84818.0,0.20243914425373077,291,1
