StandardGSGP,260118a0-027a-11f0-a80d-089df4bf3532,hill,1,0,0.5517858266830444,0.0022361278533935547,12.0,0.550340473651886,3,1
StandardGSGP,260118a0-027a-11f0-a80d-089df4bf3532,hill,1,1,0.5457475185394287,0.003663301467895508,30.0,0.5434871912002563,9,1
StandardGSGP,260118a0-027a-11f0-a80d-089df4bf3532,hill,1,2,0.5457475185394287,0.0043582916259765625,54.0,0.5434871912002563,9,1
StandardGSGP,260118a0-027a-11f0-a80d-089df4bf3532,hill,1,3,0.5457475185394287,0.003520965576171875,60.0,0.5434871912002563,9,1
StandardGSGP,260118a0-027a-11f0-a80d-089df4bf3532,hill,1,4,0.5320658683776855,0.0046138763427734375,78.0,0.529140055179596,27,1
StandardGSGP,260118a0-027a-11f0-a80d-089df4bf3532,hill,1,5,0.5075814723968506,0.005098581314086914,126.0,0.5045326948165894,33,1
StandardGSGP,260118a0-027a-11f0-a80d-089df4bf3532,hill,1,6,0.5075814723968506,0.0033648014068603516,138.0,0.5045326948165894,33,1
StandardGSGP,260118a0-027a-11f0-a80d-089df4bf3532,hill,1,7,0.5039128065109253,0.00397801399230957,150.0,0.5012903809547424,39,1
StandardGSGP,260118a0-027a-11f0-a80d-089df4bf3532,hill,1,8,0.5039128065109253,0.003803253173828125,162.0,0.5012903809547424,39,1
StandardGSGP,260118a0-027a-11f0-a80d-089df4bf3532,hill,1,9,0.5027297735214233,0.004821300506591797,174.0,0.5000209212303162,45,1
StandardGSGP,260118a0-027a-11f0-a80d-089df4bf3532,hill,1,10,0.5027267336845398,0.004275321960449219,192.0,0.5000045299530029,51,1
StandardGSGP,260dd5cf-027a-11f0-a031-089df4bf3532,hill,2,0,0.5546576976776123,0.0025703907012939453,12.0,0.5549044609069824,3,1
StandardGSGP,260dd5cf-027a-11f0-a031-089df4bf3532,hill,2,1,0.5546576976776123,0.003200531005859375,30.0,0.5549044609069824,3,1
StandardGSGP,260dd5cf-027a-11f0-a031-089df4bf3532,hill,2,2,0.5546576976776123,0.0,36.0,0.5549044609069824,3,1
StandardGSGP,260dd5cf-027a-11f0-a031-089df4bf3532,hill,2,3,0.5369391441345215,0.0,30.0,0.5373179912567139,9,1
StandardGSGP,260dd5cf-027a-11f0-a031-089df4bf3532,hill,2,4,0.5322961807250977,0.0,54.0,0.5317496061325073,15,1
StandardGSGP,260dd5cf-027a-11f0-a031-089df4bf3532,hill,2,5,0.5196551084518433,0.0010406970977783203,72.0,0.5195919275283813,21,1
StandardGSGP,260dd5cf-027a-11f0-a031-089df4bf3532,hill,2,6,0.5125163197517395,0.0,98.0,0.512671172618866,29,1
StandardGSGP,260dd5cf-027a-11f0-a031-089df4bf3532,hill,2,7,0.5125163197517395,0.0,118.0,0.512671172618866,29,1
StandardGSGP,260dd5cf-027a-11f0-a031-089df4bf3532,hill,2,8,0.5125163197517395,0.0,152.0,0.512671172618866,29,1
StandardGSGP,260dd5cf-027a-11f0-a031-089df4bf3532,hill,2,9,0.5125163197517395,0.0,158.0,0.512671172618866,29,1
StandardGSGP,260dd5cf-027a-11f0-a031-089df4bf3532,hill,2,10,0.511278510093689,0.015012025833129883,152.0,0.5114852786064148,35,1
StandardGSGP,2617b2ca-027a-11f0-b59b-089df4bf3532,hill,3,0,0.548686146736145,0.0007309913635253906,12.0,0.5494648218154907,3,1
StandardGSGP,2617b2ca-027a-11f0-b59b-089df4bf3532,hill,3,1,0.5171177387237549,0.006463527679443359,30.0,0.5191371440887451,9,1
StandardGSGP,2617b2ca-027a-11f0-b59b-089df4bf3532,hill,3,2,0.5092074275016785,0.0039997100830078125,48.0,0.5109957456588745,15,1
StandardGSGP,2617b2ca-027a-11f0-b59b-089df4bf3532,hill,3,3,0.5052016973495483,0.005002021789550781,72.0,0.5087295174598694,21,1
StandardGSGP,2617b2ca-027a-11f0-b59b-089df4bf3532,hill,3,4,0.5052016973495483,0.0040013790130615234,90.0,0.5087295174598694,21,1
StandardGSGP,2617b2ca-027a-11f0-b59b-089df4bf3532,hill,3,5,0.5041356682777405,0.003998994827270508,108.0,0.5076043009757996,27,1
StandardGSGP,2617b2ca-027a-11f0-b59b-089df4bf3532,hill,3,6,0.5032832622528076,0.003999948501586914,126.0,0.5054133534431458,33,1
StandardGSGP,2617b2ca-027a-11f0-b59b-089df4bf3532,hill,3,7,0.5032832622528076,0.004200458526611328,138.0,0.5054133534431458,33,1
StandardGSGP,2617b2ca-027a-11f0-b59b-089df4bf3532,hill,3,8,0.4860743284225464,0.005001068115234375,150.0,0.49382978677749634,39,1
StandardGSGP,2617b2ca-027a-11f0-b59b-089df4bf3532,hill,3,9,0.4860743284225464,0.005001544952392578,168.0,0.49382978677749634,39,1
StandardGSGP,2617b2ca-027a-11f0-b59b-089df4bf3532,hill,3,10,0.4860743284225464,0.003998279571533203,186.0,0.49382978677749634,39,1
StandardGSGP,2624c161-027a-11f0-8bd4-089df4bf3532,hill,4,0,0.6752840280532837,0.002000093460083008,12.0,0.6612130403518677,3,1
StandardGSGP,2624c161-027a-11f0-8bd4-089df4bf3532,hill,4,1,0.6752840280532837,0.0039997100830078125,30.0,0.6612130403518677,3,1
StandardGSGP,2624c161-027a-11f0-8bd4-089df4bf3532,hill,4,2,0.6752840280532837,0.003999948501586914,36.0,0.6612130403518677,3,1
StandardGSGP,2624c161-027a-11f0-8bd4-089df4bf3532,hill,4,3,0.6752840280532837,0.002153635025024414,50.0,0.6612130403518677,3,1
StandardGSGP,2624c161-027a-11f0-8bd4-089df4bf3532,hill,4,4,0.6752840280532837,0.006579399108886719,46.0,0.6612130403518677,3,1
StandardGSGP,2624c161-027a-11f0-8bd4-089df4bf3532,hill,4,5,0.6752840280532837,0.004702568054199219,44.0,0.6612130403518677,3,1
StandardGSGP,2624c161-027a-11f0-8bd4-089df4bf3532,hill,4,6,0.6752840280532837,0.002999544143676758,56.0,0.6612130403518677,3,1
StandardGSGP,2624c161-027a-11f0-8bd4-089df4bf3532,hill,4,7,0.6751634478569031,0.0039997100830078125,48.0,0.6616283655166626,9,1
StandardGSGP,2624c161-027a-11f0-8bd4-089df4bf3532,hill,4,8,0.6751634478569031,0.003999948501586914,66.0,0.6616283655166626,9,1
StandardGSGP,2624c161-027a-11f0-8bd4-089df4bf3532,hill,4,9,0.6744370460510254,0.004000663757324219,72.0,0.6610579490661621,15,1
StandardGSGP,2624c161-027a-11f0-8bd4-089df4bf3532,hill,4,10,0.6744168996810913,0.0020666122436523438,78.0,0.6633235216140747,21,1
StandardGSGP,2630f379-027a-11f0-874c-089df4bf3532,hill,5,0,0.5512015223503113,0.0010008811950683594,12.0,0.5500102639198303,3,1
StandardGSGP,2630f379-027a-11f0-874c-089df4bf3532,hill,5,1,0.5512015223503113,0.0008935928344726562,30.0,0.5500102639198303,3,1
StandardGSGP,2630f379-027a-11f0-874c-089df4bf3532,hill,5,2,0.5144106149673462,0.0,42.0,0.5109574794769287,9,1
StandardGSGP,2630f379-027a-11f0-874c-089df4bf3532,hill,5,3,0.5144106149673462,0.0,56.0,0.5109574794769287,9,1
StandardGSGP,2630f379-027a-11f0-874c-089df4bf3532,hill,5,4,0.5010979771614075,0.0,68.0,0.49875015020370483,15,1
StandardGSGP,2630f379-027a-11f0-874c-089df4bf3532,hill,5,5,0.5010979771614075,0.0,72.0,0.49875015020370483,15,1
StandardGSGP,2630f379-027a-11f0-874c-089df4bf3532,hill,5,6,0.5010808110237122,0.0,90.0,0.4987315535545349,21,1
StandardGSGP,2630f379-027a-11f0-874c-089df4bf3532,hill,5,7,0.4959125518798828,0.0,102.0,0.4946824312210083,21,1
StandardGSGP,2630f379-027a-11f0-874c-089df4bf3532,hill,5,8,0.49529826641082764,0.0,102.0,0.49428290128707886,27,1
StandardGSGP,2630f379-027a-11f0-874c-089df4bf3532,hill,5,9,0.4948936998844147,0.015636920928955078,120.0,0.4943164587020874,33,1
StandardGSGP,2630f379-027a-11f0-874c-089df4bf3532,hill,5,10,0.494669109582901,0.004685878753662109,140.0,0.4938162863254547,39,1
StandardGSGP,263ab96d-027a-11f0-b985-089df4bf3532,hill,6,0,0.5506657958030701,0.002001047134399414,12.0,0.5504838824272156,3,1
StandardGSGP,263ab96d-027a-11f0-b985-089df4bf3532,hill,6,1,0.5502958297729492,0.0014574527740478516,30.0,0.5501791834831238,9,1
StandardGSGP,263ab96d-027a-11f0-b985-089df4bf3532,hill,6,2,0.5433527231216431,0.007339000701904297,54.0,0.543201744556427,15,1
StandardGSGP,263ab96d-027a-11f0-b985-089df4bf3532,hill,6,3,0.5407118201255798,0.003998994827270508,72.0,0.540963888168335,21,1
StandardGSGP,263ab96d-027a-11f0-b985-089df4bf3532,hill,6,4,0.5404855608940125,0.003999233245849609,90.0,0.5406730771064758,27,1
StandardGSGP,263ab96d-027a-11f0-b985-089df4bf3532,hill,6,5,0.5199589729309082,0.0029883384704589844,120.0,0.5207509994506836,33,1
StandardGSGP,263ab96d-027a-11f0-b985-089df4bf3532,hill,6,6,0.5199589729309082,0.003000020980834961,140.0,0.5207509994506836,33,1
StandardGSGP,263ab96d-027a-11f0-b985-089df4bf3532,hill,6,7,0.5199589729309082,0.003999948501586914,156.0,0.5207509994506836,33,1
StandardGSGP,263ab96d-027a-11f0-b985-089df4bf3532,hill,6,8,0.5196922421455383,0.0039784908294677734,168.0,0.5204235911369324,39,1
StandardGSGP,263ab96d-027a-11f0-b985-089df4bf3532,hill,6,9,0.5196922421455383,0.0,162.0,0.5204235911369324,39,1
StandardGSGP,263ab96d-027a-11f0-b985-089df4bf3532,hill,6,10,0.51664799451828,0.0,180.0,0.5189149975776672,45,1
StandardGSGP,26460d33-027a-11f0-aa72-089df4bf3532,hill,7,0,0.5527341365814209,0.0019943714141845703,12.0,0.5538426637649536,3,1
StandardGSGP,26460d33-027a-11f0-aa72-089df4bf3532,hill,7,1,0.5382924675941467,0.003992319107055664,30.0,0.5393421053886414,9,1
StandardGSGP,26460d33-027a-11f0-aa72-089df4bf3532,hill,7,2,0.5379686951637268,0.003983736038208008,42.0,0.538928210735321,15,1
StandardGSGP,26460d33-027a-11f0-aa72-089df4bf3532,hill,7,3,0.533769965171814,0.004000425338745117,60.0,0.5358737111091614,15,1
StandardGSGP,26460d33-027a-11f0-aa72-089df4bf3532,hill,7,4,0.533769965171814,0.003000020980834961,78.0,0.5358737111091614,15,1
StandardGSGP,26460d33-027a-11f0-aa72-089df4bf3532,hill,7,5,0.5196835994720459,0.003999948501586914,96.0,0.5269315838813782,27,1
StandardGSGP,26460d33-027a-11f0-aa72-089df4bf3532,hill,7,6,0.5196835994720459,0.004303693771362305,126.0,0.5269315838813782,27,1
StandardGSGP,26460d33-027a-11f0-aa72-089df4bf3532,hill,7,7,0.5124711990356445,0.00481104850769043,138.0,0.5140239596366882,39,1
StandardGSGP,26460d33-027a-11f0-aa72-089df4bf3532,hill,7,8,0.5124711990356445,0.003994464874267578,156.0,0.5140239596366882,39,1
StandardGSGP,26460d33-027a-11f0-aa72-089df4bf3532,hill,7,9,0.5124711990356445,0.003983020782470703,168.0,0.5140239596366882,39,1
StandardGSGP,26460d33-027a-11f0-aa72-089df4bf3532,hill,7,10,0.5069243311882019,0.002997875213623047,186.0,0.5084651708602905,45,1
StandardGSGP,2650390c-027a-11f0-af90-089df4bf3532,hill,8,0,0.5498189926147461,0.0,14.0,0.5500137209892273,3,1
StandardGSGP,2650390c-027a-11f0-af90-089df4bf3532,hill,8,1,0.5417614579200745,0.0,30.0,0.5420935750007629,9,1
StandardGSGP,2650390c-027a-11f0-af90-089df4bf3532,hill,8,2,0.5287429690361023,0.0,54.0,0.5295017957687378,15,1
StandardGSGP,2650390c-027a-11f0-af90-089df4bf3532,hill,8,3,0.5287429690361023,0.015509366989135742,78.0,0.5295017957687378,15,1
StandardGSGP,2650390c-027a-11f0-af90-089df4bf3532,hill,8,4,0.5127917528152466,0.0,96.0,0.5174894332885742,27,1
StandardGSGP,2650390c-027a-11f0-af90-089df4bf3532,hill,8,5,0.5127917528152466,0.0,114.0,0.5174894332885742,27,1
StandardGSGP,2650390c-027a-11f0-af90-089df4bf3532,hill,8,6,0.5056142807006836,0.0,138.0,0.5106478333473206,33,1
StandardGSGP,2650390c-027a-11f0-af90-089df4bf3532,hill,8,7,0.5056142807006836,0.0,156.0,0.5106478333473206,33,1
StandardGSGP,2650390c-027a-11f0-af90-089df4bf3532,hill,8,8,0.5046643018722534,0.0,162.0,0.5095956921577454,39,1
StandardGSGP,2650390c-027a-11f0-af90-089df4bf3532,hill,8,9,0.5034228563308716,0.0,168.0,0.5083144903182983,45,1
StandardGSGP,2650390c-027a-11f0-af90-089df4bf3532,hill,8,10,0.5034228563308716,0.015632152557373047,198.0,0.5083144903182983,45,1
StandardGSGP,2658b3e6-027a-11f0-874b-089df4bf3532,hill,9,0,0.5522179007530212,0.0019989013671875,12.0,0.5521519780158997,3,1
StandardGSGP,2658b3e6-027a-11f0-874b-089df4bf3532,hill,9,1,0.5522179007530212,0.003000020980834961,30.0,0.5521519780158997,3,1
StandardGSGP,2658b3e6-027a-11f0-874b-089df4bf3532,hill,9,2,0.5522179007530212,0.0019998550415039062,48.0,0.5521519780158997,3,1
StandardGSGP,2658b3e6-027a-11f0-874b-089df4bf3532,hill,9,3,0.5411103367805481,0.0,30.0,0.5412558913230896,9,1
StandardGSGP,2658b3e6-027a-11f0-874b-089df4bf3532,hill,9,4,0.5411103367805481,0.0051610469818115234,48.0,0.5412558913230896,9,1
StandardGSGP,2658b3e6-027a-11f0-874b-089df4bf3532,hill,9,5,0.5411103367805481,0.0019996166229248047,60.0,0.5412558913230896,9,1
StandardGSGP,2658b3e6-027a-11f0-874b-089df4bf3532,hill,9,6,0.5411103367805481,0.0030002593994140625,78.0,0.5412558913230896,9,1
StandardGSGP,2658b3e6-027a-11f0-874b-089df4bf3532,hill,9,7,0.5391732454299927,0.0029997825622558594,90.0,0.5389801263809204,15,1
StandardGSGP,2658b3e6-027a-11f0-874b-089df4bf3532,hill,9,8,0.5346322059631348,0.0029993057250976562,108.0,0.5344502925872803,15,1
StandardGSGP,2658b3e6-027a-11f0-874b-089df4bf3532,hill,9,9,0.531092643737793,0.004000425338745117,102.0,0.5292829275131226,45,1
StandardGSGP,2658b3e6-027a-11f0-874b-089df4bf3532,hill,9,10,0.5245917439460754,0.003999948501586914,120.0,0.5295470356941223,21,1
StandardGSGP,2662b851-027a-11f0-8081-089df4bf3532,hill,10,0,0.6741876602172852,0.0019986629486083984,12.0,0.6866977214813232,3,1
StandardGSGP,2662b851-027a-11f0-8081-089df4bf3532,hill,10,1,0.6739330291748047,0.003000497817993164,30.0,0.6862074732780457,9,1
StandardGSGP,2662b851-027a-11f0-8081-089df4bf3532,hill,10,2,0.6736106872558594,0.004179716110229492,50.0,0.6856899261474609,15,1
StandardGSGP,2662b851-027a-11f0-8081-089df4bf3532,hill,10,3,0.6710889935493469,0.0050165653228759766,68.0,0.6827117800712585,21,1
StandardGSGP,2662b851-027a-11f0-8081-089df4bf3532,hill,10,4,0.6710889935493469,0.003981828689575195,84.0,0.6827117800712585,21,1
StandardGSGP,2662b851-027a-11f0-8081-089df4bf3532,hill,10,5,0.6710889935493469,0.0030002593994140625,102.0,0.6827117800712585,21,1
StandardGSGP,2662b851-027a-11f0-8081-089df4bf3532,hill,10,6,0.6710889935493469,0.004000425338745117,114.0,0.6827117800712585,21,1
StandardGSGP,2662b851-027a-11f0-8081-089df4bf3532,hill,10,7,0.6710889935493469,0.0029997825622558594,114.0,0.6827117800712585,21,1
StandardGSGP,2662b851-027a-11f0-8081-089df4bf3532,hill,10,8,0.671040952205658,0.0029997825622558594,102.0,0.6826776266098022,27,1
StandardGSGP,2662b851-027a-11f0-8081-089df4bf3532,hill,10,9,0.671040952205658,0.004000425338745117,126.0,0.6826776266098022,27,1
StandardGSGP,2662b851-027a-11f0-8081-089df4bf3532,hill,10,10,0.671040952205658,0.00027751922607421875,138.0,0.6826776266098022,27,1
StandardGSGP,266d67ea-027a-11f0-8073-089df4bf3532,hill,11,0,0.5523039698600769,0.0010035037994384766,12.0,0.5510712265968323,3,1
StandardGSGP,266d67ea-027a-11f0-8073-089df4bf3532,hill,11,1,0.5523039698600769,0.001997232437133789,30.0,0.5510712265968323,3,1
StandardGSGP,266d67ea-027a-11f0-8073-089df4bf3532,hill,11,2,0.5358892679214478,0.00174713134765625,42.0,0.5316799283027649,15,1
StandardGSGP,266d67ea-027a-11f0-8073-089df4bf3532,hill,11,3,0.5237698554992676,0.0,78.0,0.5191648602485657,21,1
StandardGSGP,266d67ea-027a-11f0-8073-089df4bf3532,hill,11,4,0.5164076089859009,0.006145000457763672,104.0,0.5097613334655762,27,1
StandardGSGP,266d67ea-027a-11f0-8073-089df4bf3532,hill,11,5,0.5164076089859009,0.0019989013671875,120.0,0.5097613334655762,27,1
StandardGSGP,266d67ea-027a-11f0-8073-089df4bf3532,hill,11,6,0.5035955309867859,0.0019996166229248047,132.0,0.5009174346923828,33,1
StandardGSGP,266d67ea-027a-11f0-8073-089df4bf3532,hill,11,7,0.4948844015598297,0.0020008087158203125,144.0,0.48682841658592224,39,1
StandardGSGP,266d67ea-027a-11f0-8073-089df4bf3532,hill,11,8,0.4948844015598297,0.001995563507080078,168.0,0.48682841658592224,39,1
StandardGSGP,266d67ea-027a-11f0-8073-089df4bf3532,hill,11,9,0.4885450005531311,0.0030014514923095703,182.0,0.4800349473953247,45,1
StandardGSGP,266d67ea-027a-11f0-8073-089df4bf3532,hill,11,10,0.48829010128974915,0.004221677780151367,198.0,0.4797655940055847,51,1
StandardGSGP,267708f7-027a-11f0-a21d-089df4bf3532,hill,12,0,0.506093442440033,0.0029990673065185547,12.0,0.506093442440033,3,1
StandardGSGP,267708f7-027a-11f0-a21d-089df4bf3532,hill,12,1,0.506093442440033,0.004000186920166016,32.0,0.506093442440033,3,1
StandardGSGP,267708f7-027a-11f0-a21d-089df4bf3532,hill,12,2,0.506093442440033,0.0019986629486083984,46.0,0.506093442440033,3,1
StandardGSGP,267708f7-027a-11f0-a21d-089df4bf3532,hill,12,3,0.5060515999794006,0.005483388900756836,50.0,0.5061055421829224,9,1
StandardGSGP,267708f7-027a-11f0-a21d-089df4bf3532,hill,12,4,0.5060515999794006,0.0030002593994140625,42.0,0.5061055421829224,9,1
StandardGSGP,267708f7-027a-11f0-a21d-089df4bf3532,hill,12,5,0.5060515999794006,0.003000974655151367,60.0,0.5061055421829224,9,1
StandardGSGP,267708f7-027a-11f0-a21d-089df4bf3532,hill,12,6,0.505172610282898,0.003002166748046875,78.0,0.5050784349441528,21,1
StandardGSGP,267708f7-027a-11f0-a21d-089df4bf3532,hill,12,7,0.5005003213882446,0.002999544143676758,90.0,0.5006101131439209,15,1
StandardGSGP,267708f7-027a-11f0-a21d-089df4bf3532,hill,12,8,0.5005003213882446,0.003999471664428711,92.0,0.5006101131439209,15,1
StandardGSGP,267708f7-027a-11f0-a21d-089df4bf3532,hill,12,9,0.5005003213882446,0.0030002593994140625,110.0,0.5006101131439209,15,1
StandardGSGP,267708f7-027a-11f0-a21d-089df4bf3532,hill,12,10,0.5004535913467407,0.001859426498413086,110.0,0.5005971193313599,21,1
StandardGSGP,2681974e-027a-11f0-aa4a-089df4bf3532,hill,13,0,0.701897382736206,0.0009999275207519531,12.0,0.7017858028411865,3,1
StandardGSGP,2681974e-027a-11f0-aa4a-089df4bf3532,hill,13,1,0.7015005350112915,0.003000497817993164,30.0,0.7014092803001404,9,1
StandardGSGP,2681974e-027a-11f0-aa4a-089df4bf3532,hill,13,2,0.7010619640350342,0.002824544906616211,48.0,0.7009661197662354,9,1
StandardGSGP,2681974e-027a-11f0-aa4a-089df4bf3532,hill,13,3,0.7010593414306641,0.002998828887939453,66.0,0.7008897066116333,21,1
StandardGSGP,2681974e-027a-11f0-aa4a-089df4bf3532,hill,13,4,0.700075626373291,0.0029997825622558594,92.0,0.6998056769371033,27,1
StandardGSGP,2681974e-027a-11f0-aa4a-089df4bf3532,hill,13,5,0.6999168395996094,0.002429485321044922,120.0,0.6996358633041382,33,1
StandardGSGP,2681974e-027a-11f0-aa4a-089df4bf3532,hill,13,6,0.6991689205169678,0.002115488052368164,144.0,0.6987496018409729,39,1
StandardGSGP,2681974e-027a-11f0-aa4a-089df4bf3532,hill,13,7,0.6991689205169678,0.0021719932556152344,174.0,0.6987496018409729,39,1
StandardGSGP,2681974e-027a-11f0-aa4a-089df4bf3532,hill,13,8,0.6990335583686829,0.0021317005157470703,186.0,0.6986017823219299,45,1
StandardGSGP,2681974e-027a-11f0-aa4a-089df4bf3532,hill,13,9,0.6990335583686829,0.002729654312133789,204.0,0.6986017823219299,45,1
StandardGSGP,2681974e-027a-11f0-aa4a-089df4bf3532,hill,13,10,0.6983994841575623,0.002671957015991211,210.0,0.6978967785835266,51,1
StandardGSGP,268b001e-027a-11f0-839f-089df4bf3532,hill,14,0,0.5539141297340393,0.0026094913482666016,12.0,0.5537317395210266,3,1
StandardGSGP,268b001e-027a-11f0-839f-089df4bf3532,hill,14,1,0.5504317879676819,0.0036766529083251953,30.0,0.5501113533973694,9,1
StandardGSGP,268b001e-027a-11f0-839f-089df4bf3532,hill,14,2,0.54777991771698,0.0031435489654541016,42.0,0.547637403011322,9,1
StandardGSGP,268b001e-027a-11f0-839f-089df4bf3532,hill,14,3,0.5397870540618896,0.0036783218383789062,66.0,0.5394311547279358,15,1
StandardGSGP,268b001e-027a-11f0-839f-089df4bf3532,hill,14,4,0.5386578440666199,0.0030295848846435547,86.0,0.5383992791175842,21,1
StandardGSGP,268b001e-027a-11f0-839f-089df4bf3532,hill,14,5,0.5378714799880981,0.00334930419921875,96.0,0.5377626419067383,27,1
StandardGSGP,268b001e-027a-11f0-839f-089df4bf3532,hill,14,6,0.5370976328849792,0.003633260726928711,114.0,0.5369866490364075,33,1
StandardGSGP,268b001e-027a-11f0-839f-089df4bf3532,hill,14,7,0.5306965112686157,0.004000425338745117,138.0,0.5305300354957581,39,1
StandardGSGP,268b001e-027a-11f0-839f-089df4bf3532,hill,14,8,0.5158971548080444,0.0034034252166748047,162.0,0.5155302882194519,45,1
StandardGSGP,268b001e-027a-11f0-839f-089df4bf3532,hill,14,9,0.5085110068321228,0.003998517990112305,186.0,0.5072285532951355,51,1
StandardGSGP,268b001e-027a-11f0-839f-089df4bf3532,hill,14,10,0.5062583088874817,0.0037145614624023438,222.0,0.5050607323646545,57,1
StandardGSGP,269622a7-027a-11f0-9176-089df4bf3532,hill,15,0,0.5507678389549255,0.0015757083892822266,12.0,0.5502640008926392,3,1
StandardGSGP,269622a7-027a-11f0-9176-089df4bf3532,hill,15,1,0.5354862809181213,0.0022306442260742188,30.0,0.5363384485244751,9,1
StandardGSGP,269622a7-027a-11f0-9176-089df4bf3532,hill,15,2,0.5335243940353394,0.002860546112060547,54.0,0.5340027809143066,15,1
StandardGSGP,269622a7-027a-11f0-9176-089df4bf3532,hill,15,3,0.5331014394760132,0.0028743743896484375,78.0,0.5337443947792053,21,1
StandardGSGP,269622a7-027a-11f0-9176-089df4bf3532,hill,15,4,0.5293317437171936,0.0025527477264404297,102.0,0.5298661589622498,27,1
StandardGSGP,269622a7-027a-11f0-9176-089df4bf3532,hill,15,5,0.5194282531738281,0.0028901100158691406,126.0,0.5199205279350281,33,1
StandardGSGP,269622a7-027a-11f0-9176-089df4bf3532,hill,15,6,0.5194282531738281,0.002854585647583008,150.0,0.5199205279350281,33,1
StandardGSGP,269622a7-027a-11f0-9176-089df4bf3532,hill,15,7,0.5142756700515747,0.0028319358825683594,156.0,0.5146821141242981,45,1
StandardGSGP,269622a7-027a-11f0-9176-089df4bf3532,hill,15,8,0.5142756700515747,0.002279996871948242,168.0,0.5146821141242981,45,1
StandardGSGP,269622a7-027a-11f0-9176-089df4bf3532,hill,15,9,0.5142756700515747,0.003419160842895508,192.0,0.5146821141242981,45,1
StandardGSGP,269622a7-027a-11f0-9176-089df4bf3532,hill,15,10,0.5083325505256653,0.0038890838623046875,206.0,0.5082561373710632,51,1
StandardGSGP,26a13c4a-027a-11f0-9058-089df4bf3532,hill,16,0,0.5520496964454651,0.002000093460083008,12.0,0.5521016120910645,3,1
StandardGSGP,26a13c4a-027a-11f0-9058-089df4bf3532,hill,16,1,0.5520496964454651,0.004992008209228516,30.0,0.5521016120910645,3,1
StandardGSGP,26a13c4a-027a-11f0-9058-089df4bf3532,hill,16,2,0.5415733456611633,0.00400233268737793,30.0,0.5416362285614014,9,1
StandardGSGP,26a13c4a-027a-11f0-9058-089df4bf3532,hill,16,3,0.5390153527259827,0.004004240036010742,44.0,0.5390468239784241,9,1
StandardGSGP,26a13c4a-027a-11f0-9058-089df4bf3532,hill,16,4,0.5308107137680054,0.0029964447021484375,54.0,0.5301392674446106,15,1
StandardGSGP,26a13c4a-027a-11f0-9058-089df4bf3532,hill,16,5,0.5018758177757263,0.002996206283569336,74.0,0.5010775923728943,23,1
StandardGSGP,26a13c4a-027a-11f0-9058-089df4bf3532,hill,16,6,0.5018758177757263,0.0029985904693603516,108.0,0.5010775923728943,23,1
StandardGSGP,26a13c4a-027a-11f0-9058-089df4bf3532,hill,16,7,0.5018758177757263,0.003192424774169922,116.0,0.5010775923728943,23,1
StandardGSGP,26a13c4a-027a-11f0-9058-089df4bf3532,hill,16,8,0.5018719434738159,0.0,110.0,0.5010676383972168,29,1
StandardGSGP,26a13c4a-027a-11f0-9058-089df4bf3532,hill,16,9,0.5018569231033325,0.006723880767822266,128.0,0.5010716915130615,29,1
StandardGSGP,26a13c4a-027a-11f0-9058-089df4bf3532,hill,16,10,0.4989696443080902,0.002794504165649414,140.0,0.4975169003009796,35,1
StandardGSGP,26ab0d3b-027a-11f0-9178-089df4bf3532,hill,17,0,0.5471879839897156,0.0010390281677246094,12.0,0.5460878610610962,3,1
StandardGSGP,26ab0d3b-027a-11f0-9178-089df4bf3532,hill,17,1,0.5342650413513184,0.001982450485229492,30.0,0.5333191752433777,9,1
StandardGSGP,26ab0d3b-027a-11f0-9178-089df4bf3532,hill,17,2,0.5342650413513184,0.0020003318786621094,42.0,0.5333191752433777,9,1
StandardGSGP,26ab0d3b-027a-11f0-9178-089df4bf3532,hill,17,3,0.5342594981193542,0.0020012855529785156,54.0,0.5333175659179688,15,1
StandardGSGP,26ab0d3b-027a-11f0-9178-089df4bf3532,hill,17,4,0.5082139372825623,0.001997709274291992,72.0,0.503494918346405,21,1
StandardGSGP,26ab0d3b-027a-11f0-9178-089df4bf3532,hill,17,5,0.5045913457870483,0.0019991397857666016,96.0,0.5000604391098022,27,1
StandardGSGP,26ab0d3b-027a-11f0-9178-089df4bf3532,hill,17,6,0.5015594363212585,0.0019996166229248047,114.0,0.49700504541397095,33,1
StandardGSGP,26ab0d3b-027a-11f0-9178-089df4bf3532,hill,17,7,0.5015594363212585,0.002000093460083008,138.0,0.49700504541397095,33,1
StandardGSGP,26ab0d3b-027a-11f0-9178-089df4bf3532,hill,17,8,0.4994142949581146,0.0020003318786621094,150.0,0.4954450726509094,39,1
StandardGSGP,26ab0d3b-027a-11f0-9178-089df4bf3532,hill,17,9,0.4994142949581146,0.003003835678100586,168.0,0.4954450726509094,39,1
StandardGSGP,26ab0d3b-027a-11f0-9178-089df4bf3532,hill,17,10,0.4994142949581146,0.0020008087158203125,186.0,0.4954450726509094,39,1
StandardGSGP,26b50425-027a-11f0-94e4-089df4bf3532,hill,18,0,0.7018206119537354,0.001852273941040039,12.0,0.7034706473350525,3,1
StandardGSGP,26b50425-027a-11f0-94e4-089df4bf3532,hill,18,1,0.7014749646186829,0.003731250762939453,30.0,0.703743040561676,9,1
StandardGSGP,26b50425-027a-11f0-94e4-089df4bf3532,hill,18,2,0.7014749646186829,0.0037107467651367188,48.0,0.703743040561676,9,1
StandardGSGP,26b50425-027a-11f0-94e4-089df4bf3532,hill,18,3,0.7003517150878906,0.004343748092651367,68.0,0.7025015354156494,23,1
StandardGSGP,26b50425-027a-11f0-94e4-089df4bf3532,hill,18,4,0.6998475193977356,0.005116701126098633,88.0,0.7021269798278809,29,1
StandardGSGP,26b50425-027a-11f0-94e4-089df4bf3532,hill,18,5,0.6996053457260132,0.0036008358001708984,116.0,0.7020358443260193,29,1
StandardGSGP,26b50425-027a-11f0-94e4-089df4bf3532,hill,18,6,0.6989973187446594,0.003520965576171875,134.0,0.7016148567199707,35,1
StandardGSGP,26b50425-027a-11f0-94e4-089df4bf3532,hill,18,7,0.6989973187446594,0.004216194152832031,158.0,0.7016148567199707,35,1
StandardGSGP,26b50425-027a-11f0-94e4-089df4bf3532,hill,18,8,0.6980282068252563,0.0031881332397460938,164.0,0.7009933590888977,41,1
StandardGSGP,26b50425-027a-11f0-94e4-089df4bf3532,hill,18,9,0.6965799927711487,0.003822803497314453,176.0,0.70046067237854,47,1
StandardGSGP,26b50425-027a-11f0-94e4-089df4bf3532,hill,18,10,0.6965799927711487,0.003794431686401367,202.0,0.70046067237854,47,1
StandardGSGP,26c0c408-027a-11f0-b448-089df4bf3532,hill,19,0,0.512188732624054,0.0,12.0,0.514859676361084,3,1
StandardGSGP,26c0c408-027a-11f0-b448-089df4bf3532,hill,19,1,0.512188732624054,0.0,30.0,0.514859676361084,3,1
StandardGSGP,26c0c408-027a-11f0-b448-089df4bf3532,hill,19,2,0.511168360710144,0.009641885757446289,30.0,0.5146672129631042,9,1
StandardGSGP,26c0c408-027a-11f0-b448-089df4bf3532,hill,19,3,0.511168360710144,0.0026984214782714844,48.0,0.5146672129631042,9,1
StandardGSGP,26c0c408-027a-11f0-b448-089df4bf3532,hill,19,4,0.5107104182243347,0.003195524215698242,54.0,0.5137525796890259,15,1
StandardGSGP,26c0c408-027a-11f0-b448-089df4bf3532,hill,19,5,0.5107104182243347,0.0021958351135253906,78.0,0.5137525796890259,15,1
StandardGSGP,26c0c408-027a-11f0-b448-089df4bf3532,hill,19,6,0.5106980204582214,0.0021202564239501953,84.0,0.5137399435043335,27,1
StandardGSGP,26c0c408-027a-11f0-b448-089df4bf3532,hill,19,7,0.5106980204582214,0.002112150192260742,102.0,0.5137399435043335,27,1
StandardGSGP,26c0c408-027a-11f0-b448-089df4bf3532,hill,19,8,0.5106980204582214,0.0026907920837402344,120.0,0.5137399435043335,27,1
StandardGSGP,26c0c408-027a-11f0-b448-089df4bf3532,hill,19,9,0.5106980204582214,0.002675294876098633,138.0,0.5137399435043335,27,1
StandardGSGP,26c0c408-027a-11f0-b448-089df4bf3532,hill,19,10,0.5102170705795288,0.0021314620971679688,150.0,0.5131725668907166,33,1
StandardGSGP,26c97979-027a-11f0-9e90-089df4bf3532,hill,20,0,0.5553978681564331,0.0022161006927490234,14.0,0.5535769462585449,3,1
StandardGSGP,26c97979-027a-11f0-9e90-089df4bf3532,hill,20,1,0.5542182922363281,0.0026378631591796875,32.0,0.5523597598075867,9,1
StandardGSGP,26c97979-027a-11f0-9e90-089df4bf3532,hill,20,2,0.5491001009941101,0.0026950836181640625,48.0,0.547216534614563,9,1
StandardGSGP,26c97979-027a-11f0-9e90-089df4bf3532,hill,20,3,0.5448785424232483,0.002177715301513672,56.0,0.5429729223251343,15,1
StandardGSGP,26c97979-027a-11f0-9e90-089df4bf3532,hill,20,4,0.5335481762886047,0.0027246475219726562,82.0,0.5312004089355469,23,1
StandardGSGP,26c97979-027a-11f0-9e90-089df4bf3532,hill,20,5,0.5335481762886047,0.0021812915802001953,86.0,0.5312004089355469,23,1
StandardGSGP,26c97979-027a-11f0-9e90-089df4bf3532,hill,20,6,0.5335481762886047,0.0016338825225830078,106.0,0.5312004089355469,23,1
StandardGSGP,26c97979-027a-11f0-9e90-089df4bf3532,hill,20,7,0.5326279401779175,0.002680540084838867,120.0,0.5299904346466064,35,1
StandardGSGP,26c97979-027a-11f0-9e90-089df4bf3532,hill,20,8,0.5326279401779175,0.0021185874938964844,140.0,0.5299904346466064,35,1
StandardGSGP,26c97979-027a-11f0-9e90-089df4bf3532,hill,20,9,0.5218822956085205,0.002739429473876953,158.0,0.519212007522583,41,1
StandardGSGP,26c97979-027a-11f0-9e90-089df4bf3532,hill,20,10,0.5218822956085205,0.0027382373809814453,170.0,0.519212007522583,41,1
StandardGSGP,26d2247a-027a-11f0-86fb-089df4bf3532,hill,21,0,0.6550052165985107,0.002056121826171875,14.0,0.6474482417106628,3,1
StandardGSGP,26d2247a-027a-11f0-86fb-089df4bf3532,hill,21,1,0.654784083366394,0.002529621124267578,32.0,0.6467466354370117,9,1
StandardGSGP,26d2247a-027a-11f0-86fb-089df4bf3532,hill,21,2,0.654784083366394,0.0020051002502441406,48.0,0.6467466354370117,9,1
StandardGSGP,26d2247a-027a-11f0-86fb-089df4bf3532,hill,21,3,0.6547783613204956,0.003124713897705078,66.0,0.6467463970184326,15,1
StandardGSGP,26d2247a-027a-11f0-86fb-089df4bf3532,hill,21,4,0.6547783613204956,0.0,90.0,0.6467463970184326,15,1
StandardGSGP,26d2247a-027a-11f0-86fb-089df4bf3532,hill,21,5,0.6531418561935425,0.0,80.0,0.644831657409668,21,1
StandardGSGP,26d2247a-027a-11f0-86fb-089df4bf3532,hill,21,6,0.6531418561935425,0.0,90.0,0.644831657409668,21,1
StandardGSGP,26d2247a-027a-11f0-86fb-089df4bf3532,hill,21,7,0.652603805065155,0.0,102.0,0.6438484191894531,27,1
StandardGSGP,26d2247a-027a-11f0-86fb-089df4bf3532,hill,21,8,0.652603805065155,0.0,120.0,0.6438484191894531,27,1
StandardGSGP,26d2247a-027a-11f0-86fb-089df4bf3532,hill,21,9,0.652603805065155,0.01562809944152832,140.0,0.6438484191894531,27,1
StandardGSGP,26d2247a-027a-11f0-86fb-089df4bf3532,hill,21,10,0.652603805065155,0.0,138.0,0.6438484191894531,27,1
StandardGSGP,26db43ec-027a-11f0-8a90-089df4bf3532,hill,22,0,0.7044082880020142,0.002000093460083008,14.0,0.7018217444419861,3,1
StandardGSGP,26db43ec-027a-11f0-8a90-089df4bf3532,hill,22,1,0.7040361762046814,0.003000020980834961,30.0,0.7010107636451721,9,1
StandardGSGP,26db43ec-027a-11f0-8a90-089df4bf3532,hill,22,2,0.7040361762046814,0.004000425338745117,48.0,0.7010107636451721,9,1
StandardGSGP,26db43ec-027a-11f0-8a90-089df4bf3532,hill,22,3,0.7024393677711487,0.004000186920166016,60.0,0.6978349089622498,15,1
StandardGSGP,26db43ec-027a-11f0-8a90-089df4bf3532,hill,22,4,0.7022317051887512,0.0030786991119384766,72.0,0.6974102258682251,21,1
StandardGSGP,26db43ec-027a-11f0-8a90-089df4bf3532,hill,22,5,0.7022312879562378,0.004754304885864258,96.0,0.6974099278450012,27,1
StandardGSGP,26db43ec-027a-11f0-8a90-089df4bf3532,hill,22,6,0.702103853225708,0.0040056705474853516,126.0,0.6971796751022339,33,1
StandardGSGP,26db43ec-027a-11f0-8a90-089df4bf3532,hill,22,7,0.7010208368301392,0.0038895606994628906,132.0,0.6949185132980347,33,1
StandardGSGP,26db43ec-027a-11f0-8a90-089df4bf3532,hill,22,8,0.7010208368301392,0.0031080245971679688,150.0,0.6949185132980347,33,1
StandardGSGP,26db43ec-027a-11f0-8a90-089df4bf3532,hill,22,9,0.700208306312561,0.0029888153076171875,162.0,0.6931702494621277,45,1
StandardGSGP,26db43ec-027a-11f0-8a90-089df4bf3532,hill,22,10,0.700208306312561,0.002896547317504883,168.0,0.6931702494621277,45,1
StandardGSGP,26e3b953-027a-11f0-87c7-089df4bf3532,hill,23,0,0.5227841734886169,0.0,12.0,0.5330317616462708,3,1
StandardGSGP,26e3b953-027a-11f0-87c7-089df4bf3532,hill,23,1,0.5220130085945129,0.0,30.0,0.5314874053001404,9,1
StandardGSGP,26e3b953-027a-11f0-87c7-089df4bf3532,hill,23,2,0.5220130085945129,0.0,54.0,0.5314874053001404,9,1
StandardGSGP,26e3b953-027a-11f0-87c7-089df4bf3532,hill,23,3,0.5147597193717957,0.0,60.0,0.5258229970932007,15,1
StandardGSGP,26e3b953-027a-11f0-87c7-089df4bf3532,hill,23,4,0.5147597193717957,0.0,84.0,0.5258229970932007,15,1
StandardGSGP,26e3b953-027a-11f0-87c7-089df4bf3532,hill,23,5,0.5147597193717957,0.0,84.0,0.5258229970932007,15,1
StandardGSGP,26e3b953-027a-11f0-87c7-089df4bf3532,hill,23,6,0.5135271549224854,0.015635967254638672,90.0,0.5241522789001465,27,1
StandardGSGP,26e3b953-027a-11f0-87c7-089df4bf3532,hill,23,7,0.5134303569793701,0.0,126.0,0.5240227580070496,33,1
StandardGSGP,26e3b953-027a-11f0-87c7-089df4bf3532,hill,23,8,0.5134303569793701,0.0,150.0,0.5240227580070496,33,1
StandardGSGP,26e3b953-027a-11f0-87c7-089df4bf3532,hill,23,9,0.5134303569793701,0.0,162.0,0.5240227580070496,33,1
StandardGSGP,26e3b953-027a-11f0-87c7-089df4bf3532,hill,23,10,0.5132766962051392,0.0,162.0,0.52382892370224,39,1
StandardGSGP,26ed8d5b-027a-11f0-afd9-089df4bf3532,hill,24,0,0.6920694708824158,0.0,16.0,0.6895182132720947,3,1
StandardGSGP,26ed8d5b-027a-11f0-afd9-089df4bf3532,hill,24,1,0.6894847750663757,0.004008054733276367,34.0,0.6862812042236328,9,1
StandardGSGP,26ed8d5b-027a-11f0-afd9-089df4bf3532,hill,24,2,0.6894838213920593,0.0030002593994140625,50.0,0.6862808465957642,15,1
StandardGSGP,26ed8d5b-027a-11f0-afd9-089df4bf3532,hill,24,3,0.6894838213920593,0.005000114440917969,60.0,0.6862808465957642,15,1
StandardGSGP,26ed8d5b-027a-11f0-afd9-089df4bf3532,hill,24,4,0.6884300708770752,0.003000020980834961,78.0,0.6851016879081726,21,1
StandardGSGP,26ed8d5b-027a-11f0-afd9-089df4bf3532,hill,24,5,0.6872198581695557,0.0039997100830078125,102.0,0.6834676861763,27,1
StandardGSGP,26ed8d5b-027a-11f0-afd9-089df4bf3532,hill,24,6,0.6871621012687683,0.004000425338745117,126.0,0.6834320425987244,33,1
StandardGSGP,26ed8d5b-027a-11f0-afd9-089df4bf3532,hill,24,7,0.6871621012687683,0.0044939517974853516,152.0,0.6834320425987244,33,1
StandardGSGP,26ed8d5b-027a-11f0-afd9-089df4bf3532,hill,24,8,0.6849568486213684,0.003998517990112305,158.0,0.680820107460022,47,1
StandardGSGP,26ed8d5b-027a-11f0-afd9-089df4bf3532,hill,24,9,0.6837811470031738,0.00500035285949707,164.0,0.6789847016334534,39,1
StandardGSGP,26ed8d5b-027a-11f0-afd9-089df4bf3532,hill,24,10,0.6810132265090942,0.004000663757324219,182.0,0.6754535436630249,45,1
StandardGSGP,26fa61c0-027a-11f0-b69f-089df4bf3532,hill,25,0,0.552177906036377,0.002000093460083008,12.0,0.554717481136322,3,1
StandardGSGP,26fa61c0-027a-11f0-b69f-089df4bf3532,hill,25,1,0.5408231616020203,0.003108978271484375,30.0,0.5433854460716248,9,1
StandardGSGP,26fa61c0-027a-11f0-b69f-089df4bf3532,hill,25,2,0.5336000919342041,0.003892660140991211,48.0,0.537045419216156,9,1
StandardGSGP,26fa61c0-027a-11f0-b69f-089df4bf3532,hill,25,3,0.5336000919342041,0.004073143005371094,54.0,0.537045419216156,9,1
StandardGSGP,26fa61c0-027a-11f0-b69f-089df4bf3532,hill,25,4,0.5178853869438171,0.004140377044677734,72.0,0.521477460861206,21,1
StandardGSGP,26fa61c0-027a-11f0-b69f-089df4bf3532,hill,25,5,0.5178853869438171,0.0029032230377197266,78.0,0.521477460861206,21,1
StandardGSGP,26fa61c0-027a-11f0-b69f-089df4bf3532,hill,25,6,0.513306736946106,0.003520488739013672,92.0,0.517268717288971,27,1
StandardGSGP,26fa61c0-027a-11f0-b69f-089df4bf3532,hill,25,7,0.5079877376556396,0.003999948501586914,122.0,0.5119431614875793,33,1
StandardGSGP,26fa61c0-027a-11f0-b69f-089df4bf3532,hill,25,8,0.5079877376556396,0.003999948501586914,132.0,0.5119431614875793,33,1
StandardGSGP,26fa61c0-027a-11f0-b69f-089df4bf3532,hill,25,9,0.5079877376556396,0.004000186920166016,152.0,0.5119431614875793,33,1
StandardGSGP,26fa61c0-027a-11f0-b69f-089df4bf3532,hill,25,10,0.5079877376556396,0.0030035972595214844,156.0,0.5119431614875793,33,1
StandardGSGP,2705f50d-027a-11f0-835b-089df4bf3532,hill,26,0,0.6894288063049316,0.0030002593994140625,12.0,0.7181323170661926,3,1
StandardGSGP,2705f50d-027a-11f0-835b-089df4bf3532,hill,26,1,0.6894288063049316,0.002974271774291992,30.0,0.7181323170661926,3,1
StandardGSGP,2705f50d-027a-11f0-835b-089df4bf3532,hill,26,2,0.6894288063049316,0.0,48.0,0.7181323170661926,3,1
StandardGSGP,2705f50d-027a-11f0-835b-089df4bf3532,hill,26,3,0.6894288063049316,0.0,42.0,0.7181323170661926,3,1
StandardGSGP,2705f50d-027a-11f0-835b-089df4bf3532,hill,26,4,0.6891635656356812,0.015009641647338867,36.0,0.7178447246551514,15,1
StandardGSGP,2705f50d-027a-11f0-835b-089df4bf3532,hill,26,5,0.6885754466056824,0.0,60.0,0.7169324159622192,21,1
StandardGSGP,2705f50d-027a-11f0-835b-089df4bf3532,hill,26,6,0.6885586977005005,0.0,90.0,0.716978132724762,27,1
StandardGSGP,2705f50d-027a-11f0-835b-089df4bf3532,hill,26,7,0.6884121298789978,0.0,108.0,0.7165986895561218,27,1
StandardGSGP,2705f50d-027a-11f0-835b-089df4bf3532,hill,26,8,0.6880214214324951,0.01563572883605957,126.0,0.7164692878723145,33,1
StandardGSGP,2705f50d-027a-11f0-835b-089df4bf3532,hill,26,9,0.6880214214324951,0.005711078643798828,144.0,0.7164692878723145,33,1
StandardGSGP,2705f50d-027a-11f0-835b-089df4bf3532,hill,26,10,0.6880174279212952,0.003435373306274414,150.0,0.7164801955223083,39,1
StandardGSGP,27112b02-027a-11f0-a2ae-089df4bf3532,hill,27,0,0.6750141978263855,0.0,12.0,0.6817753314971924,3,1
StandardGSGP,27112b02-027a-11f0-a2ae-089df4bf3532,hill,27,1,0.6750141978263855,0.005741596221923828,30.0,0.6817753314971924,3,1
StandardGSGP,27112b02-027a-11f0-a2ae-089df4bf3532,hill,27,2,0.674859881401062,0.002622842788696289,42.0,0.6818132996559143,9,1
StandardGSGP,27112b02-027a-11f0-a2ae-089df4bf3532,hill,27,3,0.6748225688934326,0.0030059814453125,54.0,0.6817885041236877,15,1
StandardGSGP,27112b02-027a-11f0-a2ae-089df4bf3532,hill,27,4,0.673518717288971,0.0021965503692626953,72.0,0.6811433434486389,21,1
StandardGSGP,27112b02-027a-11f0-a2ae-089df4bf3532,hill,27,5,0.6717138886451721,0.0020830631256103516,96.0,0.6802678108215332,27,1
StandardGSGP,27112b02-027a-11f0-a2ae-089df4bf3532,hill,27,6,0.6716955900192261,0.0021109580993652344,126.0,0.6802458763122559,33,1
StandardGSGP,27112b02-027a-11f0-a2ae-089df4bf3532,hill,27,7,0.669829785823822,0.003052234649658203,140.0,0.6793758273124695,33,1
StandardGSGP,27112b02-027a-11f0-a2ae-089df4bf3532,hill,27,8,0.669829785823822,0.0029973983764648438,150.0,0.6793758273124695,33,1
StandardGSGP,27112b02-027a-11f0-a2ae-089df4bf3532,hill,27,9,0.6695666313171387,0.0029990673065185547,150.0,0.6796995401382446,39,1
StandardGSGP,27112b02-027a-11f0-a2ae-089df4bf3532,hill,27,10,0.6695666313171387,0.0046536922454833984,168.0,0.6796995401382446,39,1
StandardGSGP,271bfb1c-027a-11f0-b6db-089df4bf3532,hill,28,0,0.5113240480422974,0.001997232437133789,12.0,0.5113239884376526,3,1
StandardGSGP,271bfb1c-027a-11f0-b6db-089df4bf3532,hill,28,1,0.5017509460449219,0.004000425338745117,30.0,0.5017426013946533,9,1
StandardGSGP,271bfb1c-027a-11f0-b6db-089df4bf3532,hill,28,2,0.5017509460449219,0.004000663757324219,48.0,0.5017426013946533,9,1
StandardGSGP,271bfb1c-027a-11f0-b6db-089df4bf3532,hill,28,3,0.5017509460449219,0.003999233245849609,60.0,0.5017426013946533,9,1
StandardGSGP,271bfb1c-027a-11f0-b6db-089df4bf3532,hill,28,4,0.4980812072753906,0.0029997825622558594,54.0,0.4976574778556824,15,1
StandardGSGP,271bfb1c-027a-11f0-b6db-089df4bf3532,hill,28,5,0.4973854422569275,0.004000186920166016,78.0,0.4960746765136719,21,1
StandardGSGP,271bfb1c-027a-11f0-b6db-089df4bf3532,hill,28,6,0.4956565499305725,0.0033032894134521484,102.0,0.49462923407554626,27,1
StandardGSGP,271bfb1c-027a-11f0-b6db-089df4bf3532,hill,28,7,0.4956565499305725,0.0067331790924072266,122.0,0.49462923407554626,27,1
StandardGSGP,271bfb1c-027a-11f0-b6db-089df4bf3532,hill,28,8,0.49562785029411316,0.003498554229736328,140.0,0.49516960978507996,41,1
StandardGSGP,271bfb1c-027a-11f0-b6db-089df4bf3532,hill,28,9,0.49541130661964417,0.0038263797760009766,182.0,0.4949718713760376,47,1
StandardGSGP,271bfb1c-027a-11f0-b6db-089df4bf3532,hill,28,10,0.49541130661964417,0.004387378692626953,202.0,0.4949718713760376,47,1
StandardGSGP,2728631e-027a-11f0-ac71-089df4bf3532,hill,29,0,0.5515211820602417,0.0029993057250976562,12.0,0.5515682697296143,3,1
StandardGSGP,2728631e-027a-11f0-ac71-089df4bf3532,hill,29,1,0.5481501817703247,0.004251718521118164,30.0,0.5480157136917114,9,1
StandardGSGP,2728631e-027a-11f0-ac71-089df4bf3532,hill,29,2,0.5481501817703247,0.0031147003173828125,42.0,0.5480157136917114,9,1
StandardGSGP,2728631e-027a-11f0-ac71-089df4bf3532,hill,29,3,0.5447678565979004,0.0020439624786376953,54.0,0.5450815558433533,15,1
StandardGSGP,2728631e-027a-11f0-ac71-089df4bf3532,hill,29,4,0.5447678565979004,0.0037300586700439453,78.0,0.5450815558433533,15,1
StandardGSGP,2728631e-027a-11f0-ac71-089df4bf3532,hill,29,5,0.5202205777168274,0.004102230072021484,90.0,0.5224549770355225,27,1
StandardGSGP,2728631e-027a-11f0-ac71-089df4bf3532,hill,29,6,0.508230984210968,0.004025936126708984,102.0,0.5105836987495422,33,1
StandardGSGP,2728631e-027a-11f0-ac71-089df4bf3532,hill,29,7,0.50630784034729,0.002002716064453125,144.0,0.5110775828361511,39,1
StandardGSGP,2728631e-027a-11f0-ac71-089df4bf3532,hill,29,8,0.5040532350540161,0.0020003318786621094,168.0,0.5072817802429199,45,1
StandardGSGP,2728631e-027a-11f0-ac71-089df4bf3532,hill,29,9,0.5039376616477966,0.0029964447021484375,192.0,0.5071091055870056,51,1
StandardGSGP,2728631e-027a-11f0-ac71-089df4bf3532,hill,29,10,0.5019879937171936,0.0034596920013427734,216.0,0.5048563480377197,57,1
StandardGSGP,27330af6-027a-11f0-a633-089df4bf3532,hill,30,0,0.5474802255630493,0.002002239227294922,16.0,0.548828125,3,1
StandardGSGP,27330af6-027a-11f0-a633-089df4bf3532,hill,30,1,0.5202581882476807,0.002004384994506836,30.0,0.5223788619041443,9,1
StandardGSGP,27330af6-027a-11f0-a633-089df4bf3532,hill,30,2,0.5189316272735596,0.002997159957885742,48.0,0.5206276774406433,15,1
StandardGSGP,27330af6-027a-11f0-a633-089df4bf3532,hill,30,3,0.5178184509277344,0.002722024917602539,78.0,0.520084023475647,21,1
StandardGSGP,27330af6-027a-11f0-a633-089df4bf3532,hill,30,4,0.5165682435035706,0.0023450851440429688,90.0,0.5184645056724548,21,1
StandardGSGP,27330af6-027a-11f0-a633-089df4bf3532,hill,30,5,0.514473021030426,0.0,108.0,0.518548309803009,27,1
StandardGSGP,27330af6-027a-11f0-a633-089df4bf3532,hill,30,6,0.5049330592155457,0.005969524383544922,114.0,0.5075724124908447,27,1
StandardGSGP,27330af6-027a-11f0-a633-089df4bf3532,hill,30,7,0.5040807127952576,0.0024089813232421875,132.0,0.5075246691703796,33,1
StandardGSGP,27330af6-027a-11f0-a633-089df4bf3532,hill,30,8,0.5040684938430786,0.0029914379119873047,150.0,0.5075336694717407,39,1
StandardGSGP,27330af6-027a-11f0-a633-089df4bf3532,hill,30,9,0.5040684938430786,0.003001689910888672,168.0,0.5075336694717407,39,1
StandardGSGP,27330af6-027a-11f0-a633-089df4bf3532,hill,30,10,0.5040684938430786,0.004887819290161133,182.0,0.5075336694717407,39,1
