StandardGSGP,37cd7957-027a-11f0-a87a-089df4bf3532,musk,1,0,0.6295304298400879,0.001999378204345703,12.0,0.6646754145622253,3,1
StandardGSGP,37cd7957-027a-11f0-a87a-089df4bf3532,musk,1,1,0.6558693647384644,0.0031986236572265625,30.0,0.6865791082382202,9,1
StandardGSGP,37cd7957-027a-11f0-a87a-089df4bf3532,musk,1,2,0.6596845388412476,0.002998828887939453,54.0,0.690163254737854,15,1
StandardGSGP,37cd7957-027a-11f0-a87a-089df4bf3532,musk,1,3,0.668488621711731,0.002999544143676758,72.0,0.6931501030921936,21,1
StandardGSGP,37cd7957-027a-11f0-a87a-089df4bf3532,musk,1,4,0.668488621711731,0.002000093460083008,96.0,0.6931501030921936,21,1
StandardGSGP,37cd7957-027a-11f0-a87a-089df4bf3532,musk,1,5,0.6723037362098694,0.002000093460083008,114.0,0.6873756051063538,33,1
StandardGSGP,37cd7957-027a-11f0-a87a-089df4bf3532,musk,1,6,0.6782098412513733,0.002000093460083008,132.0,0.7021107077598572,27,1
StandardGSGP,37cd7957-027a-11f0-a87a-089df4bf3532,musk,1,7,0.6801540851593018,0.002219676971435547,132.0,0.7060931921005249,33,1
StandardGSGP,37cd7957-027a-11f0-a87a-089df4bf3532,musk,1,8,0.6801540851593018,0.0019965171813964844,150.0,0.7060931921005249,33,1
StandardGSGP,37cd7957-027a-11f0-a87a-089df4bf3532,musk,1,9,0.6801540851593018,0.0030024051666259766,156.0,0.7060931921005249,33,1
StandardGSGP,37cd7957-027a-11f0-a87a-089df4bf3532,musk,1,10,0.6801540851593018,0.002001047134399414,162.0,0.7060931921005249,33,1
StandardGSGP,37d355f9-027a-11f0-a031-089df4bf3532,musk,2,0,0.5657006502151489,0.0020003318786621094,12.0,0.47749900817871094,3,1
StandardGSGP,37d355f9-027a-11f0-a031-089df4bf3532,musk,2,1,0.5657006502151489,0.002997875213623047,30.0,0.47749900817871094,3,1
StandardGSGP,37d355f9-027a-11f0-a031-089df4bf3532,musk,2,2,0.5657006502151489,0.0029997825622558594,36.0,0.47749900817871094,3,1
StandardGSGP,37d355f9-027a-11f0-a031-089df4bf3532,musk,2,3,0.5658106803894043,0.002000093460083008,30.0,0.48028668761253357,9,1
StandardGSGP,37d355f9-027a-11f0-a031-089df4bf3532,musk,2,4,0.5658106803894043,0.0030002593994140625,54.0,0.48028668761253357,9,1
StandardGSGP,37d355f9-027a-11f0-a031-089df4bf3532,musk,2,5,0.5666544437408447,0.0013277530670166016,60.0,0.48048585653305054,15,1
StandardGSGP,37d355f9-027a-11f0-a031-089df4bf3532,musk,2,6,0.5666544437408447,0.00590968132019043,68.0,0.48048585653305054,15,1
StandardGSGP,37d355f9-027a-11f0-a031-089df4bf3532,musk,2,7,0.5668378472328186,0.002999544143676758,86.0,0.48327359557151794,21,1
StandardGSGP,37d355f9-027a-11f0-a031-089df4bf3532,musk,2,8,0.5668378472328186,0.0030014514923095703,102.0,0.48327359557151794,21,1
StandardGSGP,37d355f9-027a-11f0-a031-089df4bf3532,musk,2,9,0.5668378472328186,0.0022919178009033203,114.0,0.48327359557151794,21,1
StandardGSGP,37d355f9-027a-11f0-a031-089df4bf3532,musk,2,10,0.5668378472328186,0.004297494888305664,114.0,0.48327359557151794,21,1
StandardGSGP,37da9cc4-027a-11f0-b59b-089df4bf3532,musk,3,0,0.6040719151496887,0.0028264522552490234,12.0,0.6065312027931213,3,1
StandardGSGP,37da9cc4-027a-11f0-b59b-089df4bf3532,musk,3,1,0.6053924560546875,0.004897594451904297,30.0,0.6077260375022888,9,1
StandardGSGP,37da9cc4-027a-11f0-b59b-089df4bf3532,musk,3,2,0.6060160994529724,0.004103183746337891,48.0,0.6091198325157166,9,1
StandardGSGP,37da9cc4-027a-11f0-b59b-089df4bf3532,musk,3,3,0.6060160994529724,0.00485682487487793,60.0,0.6091198325157166,9,1
StandardGSGP,37da9cc4-027a-11f0-b59b-089df4bf3532,musk,3,4,0.6060160994529724,0.0047299861907958984,60.0,0.6091198325157166,9,1
StandardGSGP,37da9cc4-027a-11f0-b59b-089df4bf3532,musk,3,5,0.6072633862495422,0.004254341125488281,66.0,0.613102376461029,21,1
StandardGSGP,37da9cc4-027a-11f0-b59b-089df4bf3532,musk,3,6,0.6074835062026978,0.004627704620361328,102.0,0.6075268387794495,27,1
StandardGSGP,37da9cc4-027a-11f0-b59b-089df4bf3532,musk,3,7,0.6144167184829712,0.0042972564697265625,114.0,0.6117084622383118,33,1
StandardGSGP,37da9cc4-027a-11f0-b59b-089df4bf3532,musk,3,8,0.6173147559165955,0.00439453125,132.0,0.6152927279472351,33,1
StandardGSGP,37da9cc4-027a-11f0-b59b-089df4bf3532,musk,3,9,0.6173147559165955,0.004199504852294922,150.0,0.6152927279472351,33,1
StandardGSGP,37da9cc4-027a-11f0-b59b-089df4bf3532,musk,3,10,0.6173147559165955,0.004184246063232422,162.0,0.6152927279472351,33,1
StandardGSGP,37e5a1ef-027a-11f0-8bd4-089df4bf3532,musk,4,0,0.5595377683639526,0.003156900405883789,12.0,0.6608920097351074,3,1
StandardGSGP,37e5a1ef-027a-11f0-8bd4-089df4bf3532,musk,4,1,0.5595377683639526,0.004762172698974609,30.0,0.6608920097351074,3,1
StandardGSGP,37e5a1ef-027a-11f0-8bd4-089df4bf3532,musk,4,2,0.5595377683639526,0.0047490596771240234,42.0,0.6608920097351074,3,1
StandardGSGP,37e5a1ef-027a-11f0-8bd4-089df4bf3532,musk,4,3,0.5595377683639526,0.004827737808227539,56.0,0.6608920097351074,3,1
StandardGSGP,37e5a1ef-027a-11f0-8bd4-089df4bf3532,musk,4,4,0.5595377683639526,0.004514455795288086,54.0,0.6608920097351074,3,1
StandardGSGP,37e5a1ef-027a-11f0-8bd4-089df4bf3532,musk,4,5,0.5595377683639526,0.0038504600524902344,48.0,0.6608920097351074,3,1
StandardGSGP,37e5a1ef-027a-11f0-8bd4-089df4bf3532,musk,4,6,0.5595377683639526,0.004454851150512695,78.0,0.6608920097351074,3,1
StandardGSGP,37e5a1ef-027a-11f0-8bd4-089df4bf3532,musk,4,7,0.5595377683639526,0.004220724105834961,96.0,0.6608920097351074,3,1
StandardGSGP,37e5a1ef-027a-11f0-8bd4-089df4bf3532,musk,4,8,0.5595377683639526,0.0039827823638916016,102.0,0.6608920097351074,3,1
StandardGSGP,37e5a1ef-027a-11f0-8bd4-089df4bf3532,musk,4,9,0.5595377683639526,0.0045261383056640625,72.0,0.6608920097351074,3,1
StandardGSGP,37e5a1ef-027a-11f0-8bd4-089df4bf3532,musk,4,10,0.5595377683639526,0.004817485809326172,42.0,0.6608920097351074,3,1
StandardGSGP,37f02360-027a-11f0-874c-089df4bf3532,musk,5,0,0.5590242147445679,0.003495454788208008,12.0,0.6529271006584167,3,1
StandardGSGP,37f02360-027a-11f0-874c-089df4bf3532,musk,5,1,0.5595011115074158,0.0,30.0,0.6529271006584167,9,1
StandardGSGP,37f02360-027a-11f0-874c-089df4bf3532,musk,5,2,0.5639398694038391,0.0010352134704589844,54.0,0.654321014881134,15,1
StandardGSGP,37f02360-027a-11f0-874c-089df4bf3532,musk,5,3,0.5642699599266052,0.0,74.0,0.6551175117492676,21,1
StandardGSGP,37f02360-027a-11f0-874c-089df4bf3532,musk,5,4,0.5642699599266052,0.015012025833129883,92.0,0.6551175117492676,21,1
StandardGSGP,37f02360-027a-11f0-874c-089df4bf3532,musk,5,5,0.5642699599266052,0.0,102.0,0.6551175117492676,21,1
StandardGSGP,37f02360-027a-11f0-874c-089df4bf3532,musk,5,6,0.5642699599266052,0.0,114.0,0.6551175117492676,21,1
StandardGSGP,37f02360-027a-11f0-874c-089df4bf3532,musk,5,7,0.5643066763877869,0.0156404972076416,120.0,0.6551175117492676,27,1
StandardGSGP,37f02360-027a-11f0-874c-089df4bf3532,musk,5,8,0.5644534230232239,0.0,126.0,0.6553166508674622,33,1
StandardGSGP,37f02360-027a-11f0-874c-089df4bf3532,musk,5,9,0.5644534230232239,0.0,144.0,0.6553166508674622,33,1
StandardGSGP,37f02360-027a-11f0-874c-089df4bf3532,musk,5,10,0.5644534230232239,0.01653265953063965,158.0,0.6553166508674622,33,1
StandardGSGP,37fb2c22-027a-11f0-b985-089df4bf3532,musk,6,0,0.5146368145942688,0.003000020980834961,12.0,0.38371166586875916,3,1
StandardGSGP,37fb2c22-027a-11f0-b985-089df4bf3532,musk,6,1,0.5146368145942688,0.003998756408691406,30.0,0.38371166586875916,3,1
StandardGSGP,37fb2c22-027a-11f0-b985-089df4bf3532,musk,6,2,0.5146735310554504,0.004000425338745117,42.0,0.38669854402542114,9,1
StandardGSGP,37fb2c22-027a-11f0-b985-089df4bf3532,musk,6,3,0.5147102475166321,0.00500035285949707,54.0,0.38669854402542114,15,1
StandardGSGP,37fb2c22-027a-11f0-b985-089df4bf3532,musk,6,4,0.514746904373169,0.0018646717071533203,66.0,0.38669854402542114,21,1
StandardGSGP,37fb2c22-027a-11f0-b985-089df4bf3532,musk,6,5,0.5246148705482483,0.00651240348815918,96.0,0.38649943470954895,27,1
StandardGSGP,37fb2c22-027a-11f0-b985-089df4bf3532,musk,6,6,0.5246148705482483,0.003997087478637695,116.0,0.38649943470954895,27,1
StandardGSGP,37fb2c22-027a-11f0-b985-089df4bf3532,musk,6,7,0.5246148705482483,0.003998756408691406,130.0,0.38649943470954895,27,1
StandardGSGP,37fb2c22-027a-11f0-b985-089df4bf3532,musk,6,8,0.5246148705482483,0.005000114440917969,142.0,0.38649943470954895,27,1
StandardGSGP,37fb2c22-027a-11f0-b985-089df4bf3532,musk,6,9,0.5246148705482483,0.004101753234863281,140.0,0.38649943470954895,27,1
StandardGSGP,37fb2c22-027a-11f0-b985-089df4bf3532,musk,6,10,0.5246515274047852,0.003725290298461914,132.0,0.38649943470954895,33,1
StandardGSGP,38040df0-027a-11f0-aa72-089df4bf3532,musk,7,0,0.6024211645126343,0.01501011848449707,12.0,0.5937873721122742,3,1
StandardGSGP,38040df0-027a-11f0-aa72-089df4bf3532,musk,7,1,0.6024211645126343,0.0041468143463134766,30.0,0.5937873721122742,3,1
StandardGSGP,38040df0-027a-11f0-aa72-089df4bf3532,musk,7,2,0.602641224861145,0.0031585693359375,30.0,0.593986451625824,9,1
StandardGSGP,38040df0-027a-11f0-aa72-089df4bf3532,musk,7,3,0.602641224861145,0.003008604049682617,54.0,0.593986451625824,9,1
StandardGSGP,38040df0-027a-11f0-aa72-089df4bf3532,musk,7,4,0.6027145385742188,0.002889871597290039,72.0,0.5921943783760071,21,1
StandardGSGP,38040df0-027a-11f0-aa72-089df4bf3532,musk,7,5,0.6027512550354004,0.003130197525024414,102.0,0.5919952988624573,27,1
StandardGSGP,38040df0-027a-11f0-aa72-089df4bf3532,musk,7,6,0.6027512550354004,0.00499725341796875,126.0,0.5919952988624573,27,1
StandardGSGP,38040df0-027a-11f0-aa72-089df4bf3532,musk,7,7,0.602787971496582,0.003999948501586914,138.0,0.592791736125946,39,1
StandardGSGP,38040df0-027a-11f0-aa72-089df4bf3532,musk,7,8,0.602787971496582,0.005000114440917969,168.0,0.592791736125946,39,1
StandardGSGP,38040df0-027a-11f0-aa72-089df4bf3532,musk,7,9,0.6028246879577637,0.003999948501586914,180.0,0.5923935174942017,51,1
StandardGSGP,38040df0-027a-11f0-aa72-089df4bf3532,musk,7,10,0.6028612852096558,0.004103899002075195,216.0,0.5925925970077515,57,1
StandardGSGP,380f2dd8-027a-11f0-af90-089df4bf3532,musk,8,0,0.5554291605949402,0.003136157989501953,14.0,0.6596972346305847,3,1
StandardGSGP,380f2dd8-027a-11f0-af90-089df4bf3532,musk,8,1,0.6217167973518372,0.004996776580810547,30.0,0.6825965642929077,9,1
StandardGSGP,380f2dd8-027a-11f0-af90-089df4bf3532,musk,8,2,0.6217167973518372,0.003999948501586914,54.0,0.6825965642929077,9,1
StandardGSGP,380f2dd8-027a-11f0-af90-089df4bf3532,musk,8,3,0.6217167973518372,0.004001140594482422,66.0,0.6825965642929077,9,1
StandardGSGP,380f2dd8-027a-11f0-af90-089df4bf3532,musk,8,4,0.6243947148323059,0.0020248889923095703,90.0,0.6652728319168091,27,1
StandardGSGP,380f2dd8-027a-11f0-af90-089df4bf3532,musk,8,5,0.6701027154922485,0.0016889572143554688,108.0,0.702907145023346,15,1
StandardGSGP,380f2dd8-027a-11f0-af90-089df4bf3532,musk,8,6,0.6701027154922485,0.0,114.0,0.702907145023346,15,1
StandardGSGP,380f2dd8-027a-11f0-af90-089df4bf3532,musk,8,7,0.6877843141555786,0.007266998291015625,102.0,0.7218239307403564,21,1
StandardGSGP,380f2dd8-027a-11f0-af90-089df4bf3532,musk,8,8,0.6877843141555786,0.0030024051666259766,120.0,0.7218239307403564,21,1
StandardGSGP,380f2dd8-027a-11f0-af90-089df4bf3532,musk,8,9,0.6880044341087341,0.0029985904693603516,108.0,0.7289924621582031,27,1
StandardGSGP,380f2dd8-027a-11f0-af90-089df4bf3532,musk,8,10,0.7161775827407837,0.0030014514923095703,132.0,0.7493030428886414,33,1
StandardGSGP,38179f04-027a-11f0-874b-089df4bf3532,musk,9,0,0.5642700791358948,0.0020008087158203125,12.0,0.5597371459007263,3,1
StandardGSGP,38179f04-027a-11f0-874b-089df4bf3532,musk,9,1,0.5642700791358948,0.0,30.0,0.5597371459007263,3,1
StandardGSGP,38179f04-027a-11f0-874b-089df4bf3532,musk,9,2,0.5642700791358948,0.0,48.0,0.5597371459007263,3,1
StandardGSGP,38179f04-027a-11f0-874b-089df4bf3532,musk,9,3,0.5734042525291443,0.0,30.0,0.5692951083183289,9,1
StandardGSGP,38179f04-027a-11f0-874b-089df4bf3532,musk,9,4,0.588151216506958,0.0,48.0,0.5611310005187988,15,1
StandardGSGP,38179f04-027a-11f0-874b-089df4bf3532,musk,9,5,0.588151216506958,0.01567387580871582,66.0,0.5611310005187988,15,1
StandardGSGP,38179f04-027a-11f0-874b-089df4bf3532,musk,9,6,0.5923697352409363,0.0,84.0,0.5880126953125,21,1
StandardGSGP,38179f04-027a-11f0-874b-089df4bf3532,musk,9,7,0.5923697352409363,0.0,108.0,0.5880126953125,21,1
StandardGSGP,38179f04-027a-11f0-874b-089df4bf3532,musk,9,8,0.5923697352409363,0.0,126.0,0.5880126953125,21,1
StandardGSGP,38179f04-027a-11f0-874b-089df4bf3532,musk,9,9,0.5975421667098999,0.015625,120.0,0.5894066095352173,27,1
StandardGSGP,38179f04-027a-11f0-874b-089df4bf3532,musk,9,10,0.5997431874275208,0.006159305572509766,120.0,0.5836319923400879,33,1
StandardGSGP,381fc467-027a-11f0-8081-089df4bf3532,musk,10,0,0.5399119853973389,0.0020020008087158203,12.0,0.494026243686676,3,1
StandardGSGP,381fc467-027a-11f0-8081-089df4bf3532,musk,10,1,0.5399119853973389,0.0029993057250976562,30.0,0.494026243686676,3,1
StandardGSGP,381fc467-027a-11f0-8081-089df4bf3532,musk,10,2,0.5399119853973389,0.003000497817993164,44.0,0.494026243686676,3,1
StandardGSGP,381fc467-027a-11f0-8081-089df4bf3532,musk,10,3,0.5399119853973389,0.0039975643157958984,50.0,0.494026243686676,3,1
StandardGSGP,381fc467-027a-11f0-8081-089df4bf3532,musk,10,4,0.5399119853973389,0.0034646987915039062,42.0,0.494026243686676,3,1
StandardGSGP,381fc467-027a-11f0-8081-089df4bf3532,musk,10,5,0.5399119853973389,0.004258155822753906,60.0,0.494026243686676,3,1
StandardGSGP,381fc467-027a-11f0-8081-089df4bf3532,musk,10,6,0.5399119853973389,0.003998756408691406,72.0,0.494026243686676,3,1
StandardGSGP,381fc467-027a-11f0-8081-089df4bf3532,musk,10,7,0.5399119853973389,0.0039827823638916016,48.0,0.494026243686676,3,1
StandardGSGP,381fc467-027a-11f0-8081-089df4bf3532,musk,10,8,0.5399119853973389,0.005000114440917969,30.0,0.494026243686676,3,1
StandardGSGP,381fc467-027a-11f0-8081-089df4bf3532,musk,10,9,0.5399119853973389,0.0039997100830078125,48.0,0.494026243686676,3,1
StandardGSGP,381fc467-027a-11f0-8081-089df4bf3532,musk,10,10,0.5399119853973389,0.003999948501586914,54.0,0.494026243686676,3,1
StandardGSGP,3828d3b8-027a-11f0-8073-089df4bf3532,musk,11,0,0.6463682651519775,0.003000974655151367,12.0,0.607725977897644,3,1
StandardGSGP,3828d3b8-027a-11f0-8073-089df4bf3532,musk,11,1,0.6468452215194702,0.0039997100830078125,30.0,0.6073277592658997,9,1
StandardGSGP,3828d3b8-027a-11f0-8073-089df4bf3532,musk,11,2,0.6468452215194702,0.003998994827270508,48.0,0.6073277592658997,9,1
StandardGSGP,3828d3b8-027a-11f0-8073-089df4bf3532,musk,11,3,0.6468452215194702,0.004000186920166016,72.0,0.6073277592658997,9,1
StandardGSGP,3828d3b8-027a-11f0-8073-089df4bf3532,musk,11,4,0.6468452215194702,0.004867076873779297,92.0,0.6073277592658997,9,1
StandardGSGP,3828d3b8-027a-11f0-8073-089df4bf3532,musk,11,5,0.6508436799049377,0.003999233245849609,90.0,0.6075268387794495,33,1
StandardGSGP,3828d3b8-027a-11f0-8073-089df4bf3532,musk,11,6,0.6535583734512329,0.004001140594482422,126.0,0.6075268983840942,39,1
StandardGSGP,3828d3b8-027a-11f0-8073-089df4bf3532,musk,11,7,0.6535583734512329,0.0039844512939453125,174.0,0.6075268983840942,39,1
StandardGSGP,3828d3b8-027a-11f0-8073-089df4bf3532,musk,11,8,0.6535583734512329,0.003999233245849609,180.0,0.6075268983840942,39,1
StandardGSGP,3828d3b8-027a-11f0-8073-089df4bf3532,musk,11,9,0.6535583734512329,0.0049991607666015625,182.0,0.6075268983840942,39,1
StandardGSGP,3828d3b8-027a-11f0-8073-089df4bf3532,musk,11,10,0.6535583734512329,0.003999948501586914,186.0,0.6075268983840942,39,1
StandardGSGP,38331718-027a-11f0-a21d-089df4bf3532,musk,12,0,0.5526412129402161,0.0019996166229248047,12.0,0.5563520193099976,3,1
StandardGSGP,38331718-027a-11f0-a21d-089df4bf3532,musk,12,1,0.5526412129402161,0.0040094852447509766,30.0,0.5563520193099976,3,1
StandardGSGP,38331718-027a-11f0-a21d-089df4bf3532,musk,12,2,0.5526412129402161,0.004000186920166016,36.0,0.5563520193099976,3,1
StandardGSGP,38331718-027a-11f0-a21d-089df4bf3532,musk,12,3,0.5526412129402161,0.003999948501586914,48.0,0.5563520193099976,3,1
StandardGSGP,38331718-027a-11f0-a21d-089df4bf3532,musk,12,4,0.5527145862579346,0.004000186920166016,42.0,0.5549582242965698,9,1
StandardGSGP,38331718-027a-11f0-a21d-089df4bf3532,musk,12,5,0.5527145862579346,0.0,60.0,0.5549582242965698,9,1
StandardGSGP,38331718-027a-11f0-a21d-089df4bf3532,musk,12,6,0.5527145862579346,0.0,90.0,0.5549582242965698,9,1
StandardGSGP,38331718-027a-11f0-a21d-089df4bf3532,musk,12,7,0.5527145862579346,0.0,84.0,0.5549582242965698,9,1
StandardGSGP,38331718-027a-11f0-a21d-089df4bf3532,musk,12,8,0.5527145862579346,0.0,74.0,0.5549582242965698,9,1
StandardGSGP,38331718-027a-11f0-a21d-089df4bf3532,musk,12,9,0.5539251565933228,0.0,100.0,0.5545599460601807,33,1
StandardGSGP,38331718-027a-11f0-a21d-089df4bf3532,musk,12,10,0.5539251565933228,0.0,152.0,0.5545599460601807,33,1
StandardGSGP,38394c31-027a-11f0-8b54-089df4bf3532,musk,13,0,0.5277696847915649,0.0,12.0,0.40561529994010925,3,1
StandardGSGP,38394c31-027a-11f0-8b54-089df4bf3532,musk,13,1,0.5277696847915649,0.0032300949096679688,30.0,0.40561529994010925,3,1
StandardGSGP,38394c31-027a-11f0-8b54-089df4bf3532,musk,13,2,0.5300440192222595,0.003838062286376953,36.0,0.40581443905830383,9,1
StandardGSGP,38394c31-027a-11f0-8b54-089df4bf3532,musk,13,3,0.5300440192222595,0.0032684803009033203,48.0,0.40581443905830383,9,1
StandardGSGP,38394c31-027a-11f0-8b54-089df4bf3532,musk,13,4,0.5300440192222595,0.0029993057250976562,68.0,0.40581443905830383,9,1
StandardGSGP,38394c31-027a-11f0-8b54-089df4bf3532,musk,13,5,0.5300440192222595,0.002988100051879883,54.0,0.40581443905830383,9,1
StandardGSGP,38394c31-027a-11f0-8b54-089df4bf3532,musk,13,6,0.5300440192222595,0.003000020980834961,66.0,0.40581443905830383,9,1
StandardGSGP,38394c31-027a-11f0-8b54-089df4bf3532,musk,13,7,0.533859133720398,0.001999378204345703,78.0,0.40939861536026,27,1
StandardGSGP,38394c31-027a-11f0-8b54-089df4bf3532,musk,13,8,0.5338957905769348,0.0019996166229248047,96.0,0.40939861536026,33,1
StandardGSGP,38394c31-027a-11f0-8b54-089df4bf3532,musk,13,9,0.534005880355835,0.0020008087158203125,150.0,0.40939861536026,39,1
StandardGSGP,38394c31-027a-11f0-8b54-089df4bf3532,musk,13,10,0.5340792536735535,0.0019996166229248047,168.0,0.40900036692619324,45,1
StandardGSGP,3841a21a-027a-11f0-839f-089df4bf3532,musk,14,0,0.612765908241272,0.001981019973754883,12.0,0.5798487067222595,3,1
StandardGSGP,3841a21a-027a-11f0-839f-089df4bf3532,musk,14,1,0.6128392815589905,0.0029997825622558594,30.0,0.5794504880905151,9,1
StandardGSGP,3841a21a-027a-11f0-839f-089df4bf3532,musk,14,2,0.6130226850509644,0.003000020980834961,48.0,0.5796495676040649,15,1
StandardGSGP,3841a21a-027a-11f0-839f-089df4bf3532,musk,14,3,0.6130226850509644,0.0019998550415039062,72.0,0.5796495676040649,15,1
StandardGSGP,3841a21a-027a-11f0-839f-089df4bf3532,musk,14,4,0.6130226850509644,0.003000497817993164,84.0,0.5796495676040649,15,1
StandardGSGP,3841a21a-027a-11f0-839f-089df4bf3532,musk,14,5,0.6130226850509644,0.003001689910888672,96.0,0.5796495676040649,15,1
StandardGSGP,3841a21a-027a-11f0-839f-089df4bf3532,musk,14,6,0.6131694912910461,0.0029993057250976562,96.0,0.5796495676040649,21,1
StandardGSGP,3841a21a-027a-11f0-839f-089df4bf3532,musk,14,7,0.6131694912910461,0.0038022994995117188,102.0,0.5796495676040649,21,1
StandardGSGP,3841a21a-027a-11f0-839f-089df4bf3532,musk,14,8,0.6131694912910461,0.0,120.0,0.5796495676040649,21,1
StandardGSGP,3841a21a-027a-11f0-839f-089df4bf3532,musk,14,9,0.6131694912910461,0.0,126.0,0.5796495676040649,21,1
StandardGSGP,3841a21a-027a-11f0-839f-089df4bf3532,musk,14,10,0.6131694912910461,0.0,114.0,0.5796495676040649,21,1
StandardGSGP,384878cc-027a-11f0-a0c7-089df4bf3532,musk,15,0,0.6038517951965332,0.0,12.0,0.584826648235321,3,1
StandardGSGP,384878cc-027a-11f0-a0c7-089df4bf3532,musk,15,1,0.6038884520530701,0.015635251998901367,30.0,0.584826648235321,9,1
StandardGSGP,384878cc-027a-11f0-a0c7-089df4bf3532,musk,15,2,0.6049889326095581,0.00500798225402832,54.0,0.584826648235321,15,1
StandardGSGP,384878cc-027a-11f0-a0c7-089df4bf3532,musk,15,3,0.6049889326095581,0.0049991607666015625,78.0,0.584826648235321,15,1
StandardGSGP,384878cc-027a-11f0-a0c7-089df4bf3532,musk,15,4,0.6050623059272766,0.0049991607666015625,78.0,0.584826648235321,21,1
StandardGSGP,384878cc-027a-11f0-a0c7-089df4bf3532,musk,15,5,0.6050623059272766,0.0039997100830078125,102.0,0.584826648235321,21,1
StandardGSGP,384878cc-027a-11f0-a0c7-089df4bf3532,musk,15,6,0.6050623059272766,0.005000114440917969,114.0,0.584826648235321,21,1
StandardGSGP,384878cc-027a-11f0-a0c7-089df4bf3532,musk,15,7,0.6050623059272766,0.0050013065338134766,108.0,0.584826648235321,21,1
StandardGSGP,384878cc-027a-11f0-a0c7-089df4bf3532,musk,15,8,0.6050623059272766,0.005428314208984375,114.0,0.584826648235321,21,1
StandardGSGP,384878cc-027a-11f0-a0c7-089df4bf3532,musk,15,9,0.6050623059272766,0.004996776580810547,114.0,0.584826648235321,21,1
StandardGSGP,384878cc-027a-11f0-a0c7-089df4bf3532,musk,15,10,0.6050623059272766,0.005000114440917969,108.0,0.584826648235321,21,1
StandardGSGP,38540793-027a-11f0-b930-089df4bf3532,musk,16,0,0.5891416072845459,0.003000020980834961,12.0,0.5734767317771912,3,1
StandardGSGP,38540793-027a-11f0-b930-089df4bf3532,musk,16,1,0.5923697352409363,0.0032372474670410156,30.0,0.5762643814086914,9,1
StandardGSGP,38540793-027a-11f0-b930-089df4bf3532,musk,16,2,0.6008803844451904,0.006737470626831055,36.0,0.5923934578895569,9,1
StandardGSGP,38540793-027a-11f0-b930-089df4bf3532,musk,16,3,0.6008803844451904,0.004999637603759766,56.0,0.5923934578895569,9,1
StandardGSGP,38540793-027a-11f0-b930-089df4bf3532,musk,16,4,0.6008803844451904,0.003998279571533203,68.0,0.5923934578895569,9,1
StandardGSGP,38540793-027a-11f0-b930-089df4bf3532,musk,16,5,0.6008803844451904,0.004995584487915039,68.0,0.5923934578895569,9,1
StandardGSGP,38540793-027a-11f0-b930-089df4bf3532,musk,16,6,0.6008803844451904,0.0039789676666259766,60.0,0.5923934578895569,9,1
StandardGSGP,38540793-027a-11f0-b930-089df4bf3532,musk,16,7,0.605612576007843,0.002439260482788086,66.0,0.5943846702575684,15,1
StandardGSGP,38540793-027a-11f0-b930-089df4bf3532,musk,16,8,0.605612576007843,0.007211446762084961,72.0,0.5943846702575684,15,1
StandardGSGP,38540793-027a-11f0-b930-089df4bf3532,musk,16,9,0.6086207032203674,0.003184795379638672,90.0,0.5959776639938354,27,1
StandardGSGP,38540793-027a-11f0-b930-089df4bf3532,musk,16,10,0.6086207032203674,0.0027010440826416016,114.0,0.5959776639938354,27,1
StandardGSGP,385e2e92-027a-11f0-9178-089df4bf3532,musk,17,0,0.5133162140846252,0.0021266937255859375,12.0,0.336519330739975,3,1
StandardGSGP,385e2e92-027a-11f0-9178-089df4bf3532,musk,17,1,0.5484959483146667,0.0031812191009521484,30.0,0.3894862234592438,9,1
StandardGSGP,385e2e92-027a-11f0-9178-089df4bf3532,musk,17,2,0.565517246723175,0.002897024154663086,54.0,0.43309441208839417,15,1
StandardGSGP,385e2e92-027a-11f0-9178-089df4bf3532,musk,17,3,0.571423351764679,0.002683877944946289,78.0,0.45121467113494873,21,1
StandardGSGP,385e2e92-027a-11f0-9178-089df4bf3532,musk,17,4,0.5767424702644348,0.0039997100830078125,96.0,0.44544005393981934,27,1
StandardGSGP,385e2e92-027a-11f0-9178-089df4bf3532,musk,17,5,0.5823917388916016,0.0020897388458251953,120.0,0.4446435868740082,33,1
StandardGSGP,385e2e92-027a-11f0-9178-089df4bf3532,musk,17,6,0.5823917388916016,0.0020949840545654297,138.0,0.4446435868740082,33,1
StandardGSGP,385e2e92-027a-11f0-9178-089df4bf3532,musk,17,7,0.583382248878479,0.0020940303802490234,156.0,0.44822779297828674,39,1
StandardGSGP,385e2e92-027a-11f0-9178-089df4bf3532,musk,17,8,0.5856199860572815,0.0031926631927490234,162.0,0.441457599401474,45,1
StandardGSGP,385e2e92-027a-11f0-9178-089df4bf3532,musk,17,9,0.589728593826294,0.0042951107025146484,186.0,0.45260852575302124,45,1
StandardGSGP,385e2e92-027a-11f0-9178-089df4bf3532,musk,17,10,0.589728593826294,0.004671812057495117,198.0,0.45260852575302124,45,1
StandardGSGP,38668776-027a-11f0-94e4-089df4bf3532,musk,18,0,0.567681610584259,0.0,12.0,0.5394265055656433,3,1
StandardGSGP,38668776-027a-11f0-94e4-089df4bf3532,musk,18,1,0.5683419108390808,0.008819580078125,30.0,0.5396256446838379,9,1
StandardGSGP,38668776-027a-11f0-94e4-089df4bf3532,musk,18,2,0.5695158243179321,0.004180431365966797,48.0,0.5392274260520935,15,1
StandardGSGP,38668776-027a-11f0-94e4-089df4bf3532,musk,18,3,0.5698092579841614,0.0044782161712646484,74.0,0.5396256446838379,21,1
StandardGSGP,38668776-027a-11f0-94e4-089df4bf3532,musk,18,4,0.5698092579841614,0.004342317581176758,100.0,0.5396256446838379,21,1
StandardGSGP,38668776-027a-11f0-94e4-089df4bf3532,musk,18,5,0.5698092579841614,0.003640413284301758,108.0,0.5396256446838379,21,1
StandardGSGP,38668776-027a-11f0-94e4-089df4bf3532,musk,18,6,0.5698092579841614,0.004228353500366211,126.0,0.5396256446838379,21,1
StandardGSGP,38668776-027a-11f0-94e4-089df4bf3532,musk,18,7,0.5698092579841614,0.004227399826049805,130.0,0.5396256446838379,21,1
StandardGSGP,38668776-027a-11f0-94e4-089df4bf3532,musk,18,8,0.5698092579841614,0.003673076629638672,114.0,0.5396256446838379,21,1
StandardGSGP,38668776-027a-11f0-94e4-089df4bf3532,musk,18,9,0.573477566242218,0.004240274429321289,102.0,0.5394265055656433,27,1
StandardGSGP,38668776-027a-11f0-94e4-089df4bf3532,musk,18,10,0.573477566242218,0.003989696502685547,126.0,0.5394265055656433,27,1
StandardGSGP,38710dd8-027a-11f0-9f36-089df4bf3532,musk,19,0,0.5463683009147644,0.00264739990234375,12.0,0.5589406490325928,3,1
StandardGSGP,38710dd8-027a-11f0-9f36-089df4bf3532,musk,19,1,0.5517241954803467,0.004369974136352539,30.0,0.5599362850189209,9,1
StandardGSGP,38710dd8-027a-11f0-9f36-089df4bf3532,musk,19,2,0.5517241954803467,0.004311561584472656,42.0,0.5599362850189209,9,1
StandardGSGP,38710dd8-027a-11f0-9f36-089df4bf3532,musk,19,3,0.5585840344429016,0.002015829086303711,60.0,0.5579450130462646,21,1
StandardGSGP,38710dd8-027a-11f0-9f36-089df4bf3532,musk,19,4,0.5585840344429016,0.0,66.0,0.5579450130462646,21,1
StandardGSGP,38710dd8-027a-11f0-9f36-089df4bf3532,musk,19,5,0.5602715015411377,0.0,90.0,0.5557546615600586,27,1
StandardGSGP,38710dd8-027a-11f0-9f36-089df4bf3532,musk,19,6,0.5671312808990479,0.01612567901611328,120.0,0.558144211769104,33,1
StandardGSGP,38710dd8-027a-11f0-9f36-089df4bf3532,musk,19,7,0.5671312808990479,0.0,144.0,0.558144211769104,33,1
StandardGSGP,38710dd8-027a-11f0-9f36-089df4bf3532,musk,19,8,0.5671312808990479,0.0,162.0,0.558144211769104,33,1
StandardGSGP,38710dd8-027a-11f0-9f36-089df4bf3532,musk,19,9,0.5671312808990479,0.0150146484375,162.0,0.558144211769104,33,1
StandardGSGP,38710dd8-027a-11f0-9f36-089df4bf3532,musk,19,10,0.5690022706985474,0.0,168.0,0.5559538006782532,39,1
StandardGSGP,3878cebf-027a-11f0-9e90-089df4bf3532,musk,20,0,0.5713132619857788,0.0,14.0,0.5499800443649292,3,1
StandardGSGP,3878cebf-027a-11f0-9e90-089df4bf3532,musk,20,1,0.632465124130249,0.0034151077270507812,34.0,0.5987653732299805,11,1
StandardGSGP,3878cebf-027a-11f0-9e90-089df4bf3532,musk,20,2,0.632465124130249,0.0029914379119873047,50.0,0.5987653732299805,11,1
StandardGSGP,3878cebf-027a-11f0-9e90-089df4bf3532,musk,20,3,0.632465124130249,0.0029108524322509766,62.0,0.5987653732299805,11,1
StandardGSGP,3878cebf-027a-11f0-9e90-089df4bf3532,musk,20,4,0.632465124130249,0.0029990673065185547,66.0,0.5987653732299805,11,1
StandardGSGP,3878cebf-027a-11f0-9e90-089df4bf3532,musk,20,5,0.6848496198654175,0.0020003318786621094,62.0,0.63201904296875,17,1
StandardGSGP,3878cebf-027a-11f0-9e90-089df4bf3532,musk,20,6,0.6878209710121155,0.0019998550415039062,80.0,0.6491438150405884,23,1
StandardGSGP,3878cebf-027a-11f0-9e90-089df4bf3532,musk,20,7,0.6878209710121155,0.0,104.0,0.6491438150405884,23,1
StandardGSGP,3878cebf-027a-11f0-9e90-089df4bf3532,musk,20,8,0.6878209710121155,0.005808353424072266,110.0,0.6491438150405884,23,1
StandardGSGP,3878cebf-027a-11f0-9e90-089df4bf3532,musk,20,9,0.6878209710121155,0.0029828548431396484,116.0,0.6491438150405884,23,1
StandardGSGP,3878cebf-027a-11f0-9e90-089df4bf3532,musk,20,10,0.7048422694206238,0.003000020980834961,110.0,0.657706081867218,29,1
StandardGSGP,38814d51-027a-11f0-86fb-089df4bf3532,musk,21,0,0.5899853110313416,0.0019998550415039062,14.0,0.4804858863353729,3,1
StandardGSGP,38814d51-027a-11f0-86fb-089df4bf3532,musk,21,1,0.5910491943359375,0.004999876022338867,32.0,0.5155316591262817,11,1
StandardGSGP,38814d51-027a-11f0-86fb-089df4bf3532,musk,21,2,0.591636061668396,0.0024781227111816406,54.0,0.4804858863353729,17,1
StandardGSGP,38814d51-027a-11f0-86fb-089df4bf3532,musk,21,3,0.5993030071258545,0.0,80.0,0.5137395262718201,23,1
StandardGSGP,38814d51-027a-11f0-86fb-089df4bf3532,musk,21,4,0.5993030071258545,0.0,110.0,0.5137395262718201,23,1
StandardGSGP,38814d51-027a-11f0-86fb-089df4bf3532,musk,21,5,0.6054292321205139,0.015627622604370117,116.0,0.4974113702774048,35,1
StandardGSGP,38814d51-027a-11f0-86fb-089df4bf3532,musk,21,6,0.6054292321205139,0.0,152.0,0.4974113702774048,35,1
StandardGSGP,38814d51-027a-11f0-86fb-089df4bf3532,musk,21,7,0.6055392622947693,0.0,170.0,0.497212290763855,41,1
StandardGSGP,38814d51-027a-11f0-86fb-089df4bf3532,musk,21,8,0.6055392622947693,0.015623331069946289,178.0,0.497212290763855,41,1
StandardGSGP,38814d51-027a-11f0-86fb-089df4bf3532,musk,21,9,0.6055392622947693,0.0,198.0,0.497212290763855,41,1
StandardGSGP,38814d51-027a-11f0-86fb-089df4bf3532,musk,21,10,0.6055392622947693,0.0,188.0,0.497212290763855,41,1
StandardGSGP,388b7d1f-027a-11f0-8a90-089df4bf3532,musk,22,0,0.5577036142349243,0.0029959678649902344,14.0,0.6005575060844421,3,1
StandardGSGP,388b7d1f-027a-11f0-8a90-089df4bf3532,musk,22,1,0.5577036142349243,0.002987384796142578,30.0,0.6005575060844421,3,1
StandardGSGP,388b7d1f-027a-11f0-8a90-089df4bf3532,musk,22,2,0.559134304523468,0.0025060176849365234,42.0,0.5888092517852783,15,1
StandardGSGP,388b7d1f-027a-11f0-8a90-089df4bf3532,musk,22,3,0.6186720728874207,0.003521442413330078,54.0,0.6123058795928955,9,1
StandardGSGP,388b7d1f-027a-11f0-8a90-089df4bf3532,musk,22,4,0.6186720728874207,0.0030236244201660156,60.0,0.6123058795928955,9,1
StandardGSGP,388b7d1f-027a-11f0-8a90-089df4bf3532,musk,22,5,0.6288701295852661,0.0019996166229248047,66.0,0.6326164603233337,21,1
StandardGSGP,388b7d1f-027a-11f0-8a90-089df4bf3532,musk,22,6,0.6464783549308777,0.001984119415283203,102.0,0.6009557843208313,27,1
StandardGSGP,388b7d1f-027a-11f0-8a90-089df4bf3532,musk,22,7,0.6464783549308777,0.003983020782470703,120.0,0.6009557843208313,27,1
StandardGSGP,388b7d1f-027a-11f0-8a90-089df4bf3532,musk,22,8,0.6464783549308777,0.003997325897216797,126.0,0.6009557843208313,27,1
StandardGSGP,388b7d1f-027a-11f0-8a90-089df4bf3532,musk,22,9,0.6827219724655151,0.004000186920166016,138.0,0.6632816195487976,39,1
StandardGSGP,388b7d1f-027a-11f0-8a90-089df4bf3532,musk,22,10,0.6827219724655151,0.004004001617431641,144.0,0.6632816195487976,39,1
StandardGSGP,38944f3a-027a-11f0-87c7-089df4bf3532,musk,23,0,0.6300806999206543,0.0029993057250976562,12.0,0.592791736125946,3,1
StandardGSGP,38944f3a-027a-11f0-87c7-089df4bf3532,musk,23,1,0.6300806999206543,0.0050013065338134766,30.0,0.592791736125946,3,1
StandardGSGP,38944f3a-027a-11f0-87c7-089df4bf3532,musk,23,2,0.6300806999206543,0.004999876022338867,48.0,0.592791736125946,3,1
StandardGSGP,38944f3a-027a-11f0-87c7-089df4bf3532,musk,23,3,0.6300806999206543,0.004424333572387695,54.0,0.592791736125946,3,1
StandardGSGP,38944f3a-027a-11f0-87c7-089df4bf3532,musk,23,4,0.6300806999206543,0.004999876022338867,72.0,0.592791736125946,3,1
StandardGSGP,38944f3a-027a-11f0-87c7-089df4bf3532,musk,23,5,0.6300806999206543,0.004002571105957031,78.0,0.592791736125946,3,1
StandardGSGP,38944f3a-027a-11f0-87c7-089df4bf3532,musk,23,6,0.6300806999206543,0.004996061325073242,90.0,0.592791736125946,3,1
StandardGSGP,38944f3a-027a-11f0-87c7-089df4bf3532,musk,23,7,0.6300806999206543,0.004997968673706055,72.0,0.592791736125946,3,1
StandardGSGP,38944f3a-027a-11f0-87c7-089df4bf3532,musk,23,8,0.6300806999206543,0.0050013065338134766,48.0,0.592791736125946,3,1
StandardGSGP,38944f3a-027a-11f0-87c7-089df4bf3532,musk,23,9,0.6300806999206543,0.0032227039337158203,60.0,0.592791736125946,3,1
StandardGSGP,38944f3a-027a-11f0-87c7-089df4bf3532,musk,23,10,0.6300806999206543,0.0067653656005859375,48.0,0.592791736125946,3,1
StandardGSGP,389f0372-027a-11f0-afd9-089df4bf3532,musk,24,0,0.5196624994277954,0.003998994827270508,14.0,0.47610509395599365,3,1
StandardGSGP,389f0372-027a-11f0-afd9-089df4bf3532,musk,24,1,0.5196624994277954,0.003999948501586914,34.0,0.47610509395599365,3,1
StandardGSGP,389f0372-027a-11f0-afd9-089df4bf3532,musk,24,2,0.5201393961906433,0.003000020980834961,46.0,0.47610509395599365,9,1
StandardGSGP,389f0372-027a-11f0-afd9-089df4bf3532,musk,24,3,0.5201760530471802,0.0017962455749511719,48.0,0.47610509395599365,15,1
StandardGSGP,389f0372-027a-11f0-afd9-089df4bf3532,musk,24,4,0.5235509872436523,0.004669904708862305,66.0,0.47550779581069946,15,1
StandardGSGP,389f0372-027a-11f0-afd9-089df4bf3532,musk,24,5,0.5235509872436523,0.0029969215393066406,90.0,0.47550779581069946,15,1
StandardGSGP,389f0372-027a-11f0-afd9-089df4bf3532,musk,24,6,0.5235509872436523,0.003000497817993164,90.0,0.47550779581069946,15,1
StandardGSGP,389f0372-027a-11f0-afd9-089df4bf3532,musk,24,7,0.5235509872436523,0.0029997825622558594,108.0,0.47550779581069946,15,1
StandardGSGP,389f0372-027a-11f0-afd9-089df4bf3532,musk,24,8,0.5235509872436523,0.0029997825622558594,110.0,0.47550779581069946,15,1
StandardGSGP,389f0372-027a-11f0-afd9-089df4bf3532,musk,24,9,0.5235509872436523,0.004000186920166016,78.0,0.47550779581069946,15,1
StandardGSGP,389f0372-027a-11f0-afd9-089df4bf3532,musk,24,10,0.5235509872436523,0.0029997825622558594,96.0,0.47550779581069946,15,1
StandardGSGP,38a6cfb1-027a-11f0-b69f-089df4bf3532,musk,25,0,0.6174615025520325,0.0,12.0,0.5784547924995422,3,1
StandardGSGP,38a6cfb1-027a-11f0-b69f-089df4bf3532,musk,25,1,0.6216434240341187,0.0,30.0,0.5816407799720764,9,1
StandardGSGP,38a6cfb1-027a-11f0-b69f-089df4bf3532,musk,25,2,0.6221569776535034,0.015009880065917969,54.0,0.5898048281669617,15,1
StandardGSGP,38a6cfb1-027a-11f0-b69f-089df4bf3532,musk,25,3,0.6221569776535034,0.0,66.0,0.5898048281669617,15,1
StandardGSGP,38a6cfb1-027a-11f0-b69f-089df4bf3532,musk,25,4,0.623110830783844,0.0,90.0,0.5906013250350952,27,1
StandardGSGP,38a6cfb1-027a-11f0-b69f-089df4bf3532,musk,25,5,0.623110830783844,0.0,114.0,0.5906013250350952,27,1
StandardGSGP,38a6cfb1-027a-11f0-b69f-089df4bf3532,musk,25,6,0.623110830783844,0.0,140.0,0.5906013250350952,27,1
StandardGSGP,38a6cfb1-027a-11f0-b69f-089df4bf3532,musk,25,7,0.623110830783844,0.01563429832458496,152.0,0.5906013250350952,27,1
StandardGSGP,38a6cfb1-027a-11f0-b69f-089df4bf3532,musk,25,8,0.623110830783844,0.0,126.0,0.5906013250350952,27,1
StandardGSGP,38a6cfb1-027a-11f0-b69f-089df4bf3532,musk,25,9,0.623110830783844,0.0,146.0,0.5906013250350952,27,1
StandardGSGP,38a6cfb1-027a-11f0-b69f-089df4bf3532,musk,25,10,0.623110830783844,0.0,138.0,0.5906013250350952,27,1
StandardGSGP,38ae95ff-027a-11f0-835b-089df4bf3532,musk,26,0,0.5763390064239502,0.0012786388397216797,12.0,0.5828355550765991,3,1
StandardGSGP,38ae95ff-027a-11f0-835b-089df4bf3532,musk,26,1,0.5763390064239502,0.0019986629486083984,30.0,0.5828355550765991,3,1
StandardGSGP,38ae95ff-027a-11f0-835b-089df4bf3532,musk,26,2,0.5763390064239502,0.0019996166229248047,48.0,0.5828355550765991,3,1
StandardGSGP,38ae95ff-027a-11f0-835b-089df4bf3532,musk,26,3,0.5771827101707458,0.0019998550415039062,42.0,0.58243727684021,9,1
StandardGSGP,38ae95ff-027a-11f0-835b-089df4bf3532,musk,26,4,0.5771827101707458,0.002000570297241211,42.0,0.58243727684021,9,1
StandardGSGP,38ae95ff-027a-11f0-835b-089df4bf3532,musk,26,5,0.5771827101707458,0.00043702125549316406,54.0,0.58243727684021,9,1
StandardGSGP,38ae95ff-027a-11f0-835b-089df4bf3532,musk,26,6,0.5775495171546936,0.004262208938598633,66.0,0.58243727684021,15,1
StandardGSGP,38ae95ff-027a-11f0-835b-089df4bf3532,musk,26,7,0.5775495171546936,0.0019958019256591797,72.0,0.58243727684021,15,1
StandardGSGP,38ae95ff-027a-11f0-835b-089df4bf3532,musk,26,8,0.5779897570610046,0.003000020980834961,84.0,0.5836319923400879,21,1
StandardGSGP,38ae95ff-027a-11f0-835b-089df4bf3532,musk,26,9,0.5785033106803894,0.002000093460083008,96.0,0.5842293500900269,27,1
StandardGSGP,38ae95ff-027a-11f0-835b-089df4bf3532,musk,26,10,0.5785033106803894,0.0030007362365722656,120.0,0.5842293500900269,27,1
StandardGSGP,38b52593-027a-11f0-a2ae-089df4bf3532,musk,27,0,0.5392149686813354,0.0034470558166503906,12.0,0.5045798420906067,3,1
StandardGSGP,38b52593-027a-11f0-a2ae-089df4bf3532,musk,27,1,0.5392149686813354,0.004961967468261719,30.0,0.5045798420906067,3,1
StandardGSGP,38b52593-027a-11f0-a2ae-089df4bf3532,musk,27,2,0.5392149686813354,0.004999637603759766,42.0,0.5045798420906067,3,1
StandardGSGP,38b52593-027a-11f0-a2ae-089df4bf3532,musk,27,3,0.5392149686813354,0.0050008296966552734,36.0,0.5045798420906067,3,1
StandardGSGP,38b52593-027a-11f0-a2ae-089df4bf3532,musk,27,4,0.5392149686813354,0.003999948501586914,42.0,0.5045798420906067,3,1
StandardGSGP,38b52593-027a-11f0-a2ae-089df4bf3532,musk,27,5,0.5401320457458496,0.004000425338745117,42.0,0.5051772594451904,9,1
StandardGSGP,38b52593-027a-11f0-a2ae-089df4bf3532,musk,27,6,0.5472120046615601,0.005120754241943359,54.0,0.5043807029724121,9,1
StandardGSGP,38b52593-027a-11f0-a2ae-089df4bf3532,musk,27,7,0.5476522445678711,0.004001140594482422,78.0,0.5049781203269958,15,1
StandardGSGP,38b52593-027a-11f0-a2ae-089df4bf3532,musk,27,8,0.5478723049163818,0.005000114440917969,78.0,0.5043807029724121,21,1
StandardGSGP,38b52593-027a-11f0-a2ae-089df4bf3532,musk,27,9,0.5478723049163818,0.004999637603759766,102.0,0.5043807029724121,21,1
StandardGSGP,38b52593-027a-11f0-a2ae-089df4bf3532,musk,27,10,0.5478723049163818,0.0030002593994140625,110.0,0.5043807029724121,21,1
StandardGSGP,38bf4d0d-027a-11f0-b6db-089df4bf3532,musk,28,0,0.5189655423164368,0.0019996166229248047,12.0,0.4093986451625824,3,1
StandardGSGP,38bf4d0d-027a-11f0-b6db-089df4bf3532,musk,28,1,0.5189655423164368,0.0012090206146240234,30.0,0.4093986451625824,3,1
StandardGSGP,38bf4d0d-027a-11f0-b6db-089df4bf3532,musk,28,2,0.52142333984375,0.004095315933227539,42.0,0.3960573673248291,9,1
StandardGSGP,38bf4d0d-027a-11f0-b6db-089df4bf3532,musk,28,3,0.5961481332778931,0.004358530044555664,48.0,0.6847869157791138,21,1
StandardGSGP,38bf4d0d-027a-11f0-b6db-089df4bf3532,musk,28,4,0.5961481332778931,0.004999637603759766,66.0,0.6847869157791138,21,1
StandardGSGP,38bf4d0d-027a-11f0-b6db-089df4bf3532,musk,28,5,0.5961481332778931,0.00299835205078125,90.0,0.6847869157791138,21,1
StandardGSGP,38bf4d0d-027a-11f0-b6db-089df4bf3532,musk,28,6,0.6086940765380859,0.004699230194091797,114.0,0.6728395223617554,27,1
StandardGSGP,38bf4d0d-027a-11f0-b6db-089df4bf3532,musk,28,7,0.6463682651519775,0.004096508026123047,140.0,0.7954998016357422,39,1
StandardGSGP,38bf4d0d-027a-11f0-b6db-089df4bf3532,musk,28,8,0.6494864225387573,0.0049991607666015625,164.0,0.7875348329544067,45,1
StandardGSGP,38bf4d0d-027a-11f0-b6db-089df4bf3532,musk,28,9,0.6494864225387573,0.003999471664428711,204.0,0.7875348329544067,45,1
StandardGSGP,38bf4d0d-027a-11f0-b6db-089df4bf3532,musk,28,10,0.6494864225387573,0.0029993057250976562,216.0,0.7875348329544067,45,1
StandardGSGP,38c900a6-027a-11f0-ac71-089df4bf3532,musk,29,0,0.5776228904724121,0.001998424530029297,12.0,0.4986061453819275,3,1
StandardGSGP,38c900a6-027a-11f0-ac71-089df4bf3532,musk,29,1,0.5776228904724121,0.004785060882568359,30.0,0.4986061453819275,3,1
StandardGSGP,38c900a6-027a-11f0-ac71-089df4bf3532,musk,29,2,0.5776962637901306,0.00510859489440918,36.0,0.4988052546977997,9,1
StandardGSGP,38c900a6-027a-11f0-ac71-089df4bf3532,musk,29,3,0.5782464742660522,0.004001140594482422,54.0,0.4986061155796051,15,1
StandardGSGP,38c900a6-027a-11f0-ac71-089df4bf3532,musk,29,4,0.5836390256881714,0.002998828887939453,78.0,0.49800872802734375,21,1
StandardGSGP,38c900a6-027a-11f0-ac71-089df4bf3532,musk,29,5,0.5836390256881714,0.0029997825622558594,102.0,0.49800872802734375,21,1
StandardGSGP,38c900a6-027a-11f0-ac71-089df4bf3532,musk,29,6,0.5838958024978638,0.0029997825622558594,102.0,0.49820786714553833,27,1
StandardGSGP,38c900a6-027a-11f0-ac71-089df4bf3532,musk,29,7,0.5838958024978638,0.0029993057250976562,126.0,0.49820786714553833,27,1
StandardGSGP,38c900a6-027a-11f0-ac71-089df4bf3532,musk,29,8,0.5838958024978638,0.004000186920166016,138.0,0.49820786714553833,27,1
StandardGSGP,38c900a6-027a-11f0-ac71-089df4bf3532,musk,29,9,0.5838958024978638,0.004345417022705078,150.0,0.49820786714553833,27,1
StandardGSGP,38c900a6-027a-11f0-ac71-089df4bf3532,musk,29,10,0.5838958024978638,0.0019998550415039062,162.0,0.49820786714553833,27,1
StandardGSGP,38d19b7e-027a-11f0-a633-089df4bf3532,musk,30,0,0.5683785676956177,0.0030012130737304688,14.0,0.5870171785354614,3,1
StandardGSGP,38d19b7e-027a-11f0-a633-089df4bf3532,musk,30,1,0.5683785676956177,0.0029997825622558594,32.0,0.5870171785354614,3,1
StandardGSGP,38d19b7e-027a-11f0-a633-089df4bf3532,musk,30,2,0.5683785676956177,0.003000020980834961,50.0,0.5870171785354614,3,1
StandardGSGP,38d19b7e-027a-11f0-a633-089df4bf3532,musk,30,3,0.5684152245521545,0.003000020980834961,44.0,0.5870171785354614,9,1
StandardGSGP,38d19b7e-027a-11f0-a633-089df4bf3532,musk,30,4,0.5684152245521545,0.0047454833984375,54.0,0.5870171785354614,9,1
StandardGSGP,38d19b7e-027a-11f0-a633-089df4bf3532,musk,30,5,0.5684152245521545,0.0025777816772460938,60.0,0.5870171785354614,9,1
StandardGSGP,38d19b7e-027a-11f0-a633-089df4bf3532,musk,30,6,0.5684152245521545,0.002996683120727539,66.0,0.5870171785354614,9,1
StandardGSGP,38d19b7e-027a-11f0-a633-089df4bf3532,musk,30,7,0.5684152245521545,0.002644777297973633,78.0,0.5870171785354614,9,1
StandardGSGP,38d19b7e-027a-11f0-a633-089df4bf3532,musk,30,8,0.5684152245521545,0.004087924957275391,72.0,0.5870171785354614,9,1
StandardGSGP,38d19b7e-027a-11f0-a633-089df4bf3532,musk,30,9,0.5684519410133362,0.004002571105957031,54.0,0.5870171785354614,15,1
StandardGSGP,38d19b7e-027a-11f0-a633-089df4bf3532,musk,30,10,0.5684519410133362,0.0029993057250976562,78.0,0.5870171785354614,15,1
