StandardGSGP,c33f4308-059f-11f0-8c09-54a95b9ec813,gina,1,0,0.6316189765930176,0.09791254997253418,670.0,0.6303176879882812,3,1
StandardGSGP,c33f4308-059f-11f0-8c09-54a95b9ec813,gina,1,1,0.678978443145752,0.04263663291931152,928.0,0.6646994352340698,9,1
StandardGSGP,c33f4308-059f-11f0-8c09-54a95b9ec813,gina,1,2,0.6789858341217041,0.04081606864929199,1200.0,0.6688306331634521,15,1
StandardGSGP,c33f4308-059f-11f0-8c09-54a95b9ec813,gina,1,3,0.7081890106201172,0.04516744613647461,1376.0,0.7023942470550537,21,1
StandardGSGP,c33f4308-059f-11f0-8c09-54a95b9ec813,gina,1,4,0.7081890106201172,0.04446911811828613,1544.0,0.7023942470550537,21,1
StandardGSGP,c33f4308-059f-11f0-8c09-54a95b9ec813,gina,1,5,0.713294267654419,0.042205810546875,1716.0,0.6917890310287476,33,1
StandardGSGP,c33f4308-059f-11f0-8c09-54a95b9ec813,gina,1,6,0.713294267654419,0.04745674133300781,1858.0,0.6917890310287476,33,1
StandardGSGP,c33f4308-059f-11f0-8c09-54a95b9ec813,gina,1,7,0.7224623560905457,0.04669976234436035,2068.0,0.7004180550575256,39,1
StandardGSGP,c33f4308-059f-11f0-8c09-54a95b9ec813,gina,1,8,0.7224623560905457,0.04801368713378906,2348.0,0.7004180550575256,39,1
StandardGSGP,c33f4308-059f-11f0-8c09-54a95b9ec813,gina,1,9,0.7603030204772949,0.039153099060058594,2608.0,0.7673529386520386,45,1
StandardGSGP,c33f4308-059f-11f0-8c09-54a95b9ec813,gina,1,10,0.7603030204772949,0.058333635330200195,2928.0,0.7673529386520386,45,1
StandardGSGP,c33f4308-059f-11f0-8c09-54a95b9ec813,gina,1,11,0.7603030204772949,0.041708946228027344,3224.0,0.7673529386520386,45,1
StandardGSGP,c33f4308-059f-11f0-8c09-54a95b9ec813,gina,1,12,0.770199716091156,0.03125357627868652,3372.0,0.7762681245803833,51,1
StandardGSGP,c33f4308-059f-11f0-8c09-54a95b9ec813,gina,1,13,0.770199716091156,0.04591560363769531,3502.0,0.7762681245803833,51,1
StandardGSGP,c33f4308-059f-11f0-8c09-54a95b9ec813,gina,1,14,0.781145453453064,0.039452552795410156,3506.0,0.7931638360023499,57,1
StandardGSGP,c33f4308-059f-11f0-8c09-54a95b9ec813,gina,1,15,0.781145453453064,0.05313372611999512,3684.0,0.7931638360023499,57,1
StandardGSGP,c33f4308-059f-11f0-8c09-54a95b9ec813,gina,1,16,0.781145453453064,0.045911550521850586,3822.0,0.7931638360023499,57,1
StandardGSGP,c33f4308-059f-11f0-8c09-54a95b9ec813,gina,1,17,0.7881219387054443,0.04759860038757324,4022.0,0.8023293018341064,63,1
StandardGSGP,c33f4308-059f-11f0-8c09-54a95b9ec813,gina,1,18,0.7881219387054443,0.044362545013427734,4184.0,0.8023293018341064,63,1
StandardGSGP,c33f4308-059f-11f0-8c09-54a95b9ec813,gina,1,19,0.7881219387054443,0.038571834564208984,4434.0,0.8023293018341064,63,1
StandardGSGP,c33f4308-059f-11f0-8c09-54a95b9ec813,gina,1,20,0.7892391681671143,0.05275607109069824,4542.0,0.8061296939849854,75,1
StandardGSGP,c33f4308-059f-11f0-8c09-54a95b9ec813,gina,1,21,0.7892391681671143,0.04477858543395996,4692.0,0.8061296939849854,75,1
StandardGSGP,c33f4308-059f-11f0-8c09-54a95b9ec813,gina,1,22,0.7892391681671143,0.046143293380737305,4772.0,0.8061296939849854,75,1
StandardGSGP,c33f4308-059f-11f0-8c09-54a95b9ec813,gina,1,23,0.7892391681671143,0.04314398765563965,5034.0,0.8061296939849854,75,1
StandardGSGP,c33f4308-059f-11f0-8c09-54a95b9ec813,gina,1,24,0.7892391681671143,0.04586172103881836,5408.0,0.8061296939849854,75,1
StandardGSGP,c33f4308-059f-11f0-8c09-54a95b9ec813,gina,1,25,0.7892391681671143,0.046103477478027344,5658.0,0.8061296939849854,75,1
StandardGSGP,c33f4308-059f-11f0-8c09-54a95b9ec813,gina,1,26,0.7908943295478821,0.052449703216552734,5766.0,0.806612491607666,81,1
StandardGSGP,c33f4308-059f-11f0-8c09-54a95b9ec813,gina,1,27,0.7908943295478821,0.046372175216674805,6162.0,0.806612491607666,81,1
StandardGSGP,c33f4308-059f-11f0-8c09-54a95b9ec813,gina,1,28,0.7908943295478821,0.04726529121398926,6706.0,0.806612491607666,81,1
StandardGSGP,c33f4308-059f-11f0-8c09-54a95b9ec813,gina,1,29,0.8011771440505981,0.03136801719665527,7166.0,0.8138331770896912,93,1
StandardGSGP,c33f4308-059f-11f0-8c09-54a95b9ec813,gina,1,30,0.8011771440505981,0.041387319564819336,7316.0,0.8138331770896912,93,1
StandardGSGP,c33f4308-059f-11f0-8c09-54a95b9ec813,gina,1,31,0.8150078654289246,0.03732490539550781,7354.0,0.8328035473823547,99,1
StandardGSGP,c33f4308-059f-11f0-8c09-54a95b9ec813,gina,1,32,0.8150078654289246,0.04697537422180176,7502.0,0.8328035473823547,99,1
StandardGSGP,c33f4308-059f-11f0-8c09-54a95b9ec813,gina,1,33,0.8150078654289246,0.04746675491333008,7848.0,0.8328035473823547,99,1
StandardGSGP,c33f4308-059f-11f0-8c09-54a95b9ec813,gina,1,34,0.8150078654289246,0.04677724838256836,8348.0,0.8328035473823547,99,1
StandardGSGP,c33f4308-059f-11f0-8c09-54a95b9ec813,gina,1,35,0.8150078654289246,0.04747366905212402,8402.0,0.8328035473823547,99,1
StandardGSGP,c33f4308-059f-11f0-8c09-54a95b9ec813,gina,1,36,0.8150078654289246,0.03115248680114746,8536.0,0.8328035473823547,99,1
StandardGSGP,c33f4308-059f-11f0-8c09-54a95b9ec813,gina,1,37,0.81706303358078,0.06057476997375488,8844.0,0.8261194229125977,111,1
StandardGSGP,c33f4308-059f-11f0-8c09-54a95b9ec813,gina,1,38,0.8234949707984924,0.03390002250671387,9014.0,0.8170567750930786,207,1
StandardGSGP,c33f4308-059f-11f0-8c09-54a95b9ec813,gina,1,39,0.8234949707984924,0.04677414894104004,8756.0,0.8170567750930786,207,1
StandardGSGP,c33f4308-059f-11f0-8c09-54a95b9ec813,gina,1,40,0.8234949707984924,0.04768776893615723,9060.0,0.8170567750930786,207,1
StandardGSGP,c33f4308-059f-11f0-8c09-54a95b9ec813,gina,1,41,0.8332799673080444,0.046984195709228516,10250.0,0.8228556513786316,213,1
StandardGSGP,c33f4308-059f-11f0-8c09-54a95b9ec813,gina,1,42,0.8355364799499512,0.046871185302734375,11002.0,0.8259003758430481,219,1
StandardGSGP,c33f4308-059f-11f0-8c09-54a95b9ec813,gina,1,43,0.8546259999275208,0.046777963638305664,11426.0,0.8427872061729431,225,1
StandardGSGP,c33f4308-059f-11f0-8c09-54a95b9ec813,gina,1,44,0.8546259999275208,0.0469815731048584,11816.0,0.8427872061729431,225,1
StandardGSGP,c33f4308-059f-11f0-8c09-54a95b9ec813,gina,1,45,0.8546719551086426,0.046766042709350586,12092.0,0.8428273797035217,231,1
StandardGSGP,c33f4308-059f-11f0-8c09-54a95b9ec813,gina,1,46,0.8572546243667603,0.04687356948852539,12218.0,0.845603883266449,231,1
StandardGSGP,c33f4308-059f-11f0-8c09-54a95b9ec813,gina,1,47,0.8572546243667603,0.046875953674316406,12382.0,0.845603883266449,231,1
StandardGSGP,c33f4308-059f-11f0-8c09-54a95b9ec813,gina,1,48,0.8572949767112732,0.04687356948852539,12594.0,0.8432118892669678,243,1
StandardGSGP,c33f4308-059f-11f0-8c09-54a95b9ec813,gina,1,49,0.8586461544036865,0.04697871208190918,12808.0,0.845402717590332,249,1
StandardGSGP,c33f4308-059f-11f0-8c09-54a95b9ec813,gina,1,50,0.8658814430236816,0.04677248001098633,12930.0,0.8546575903892517,255,1
StandardGSGP,c33f4308-059f-11f0-8c09-54a95b9ec813,gina,1,51,0.8658814430236816,0.04691314697265625,13236.0,0.8546575903892517,255,1
StandardGSGP,c33f4308-059f-11f0-8c09-54a95b9ec813,gina,1,52,0.8658814430236816,0.04725027084350586,13474.0,0.8546575903892517,255,1
StandardGSGP,c33f4308-059f-11f0-8c09-54a95b9ec813,gina,1,53,0.8687901496887207,0.05453372001647949,13772.0,0.8540897965431213,273,1
StandardGSGP,c33f4308-059f-11f0-8c09-54a95b9ec813,gina,1,54,0.8687901496887207,0.04542136192321777,14048.0,0.8540897965431213,273,1
StandardGSGP,c33f4308-059f-11f0-8c09-54a95b9ec813,gina,1,55,0.8693379759788513,0.05258631706237793,14294.0,0.8559721112251282,279,1
StandardGSGP,c33f4308-059f-11f0-8c09-54a95b9ec813,gina,1,56,0.8693379759788513,0.04718661308288574,14542.0,0.8559721112251282,279,1
StandardGSGP,c33f4308-059f-11f0-8c09-54a95b9ec813,gina,1,57,0.8724119067192078,0.037027835845947266,14782.0,0.8564996719360352,291,1
StandardGSGP,c33f4308-059f-11f0-8c09-54a95b9ec813,gina,1,58,0.8724119067192078,0.04529881477355957,15002.0,0.8564996719360352,291,1
StandardGSGP,c33f4308-059f-11f0-8c09-54a95b9ec813,gina,1,59,0.8725219368934631,0.05475044250488281,15210.0,0.8558379411697388,297,1
StandardGSGP,c33f4308-059f-11f0-8c09-54a95b9ec813,gina,1,60,0.8725637197494507,0.04539656639099121,15448.0,0.8572150468826294,297,1
StandardGSGP,c33f4308-059f-11f0-8c09-54a95b9ec813,gina,1,61,0.873873233795166,0.05040431022644043,15668.0,0.8563968539237976,303,1
StandardGSGP,c33f4308-059f-11f0-8c09-54a95b9ec813,gina,1,62,0.8750717639923096,0.05377936363220215,15848.0,0.8588335514068604,303,1
StandardGSGP,c33f4308-059f-11f0-8c09-54a95b9ec813,gina,1,63,0.8750717639923096,0.04632282257080078,16140.0,0.8588335514068604,303,1
StandardGSGP,c33f4308-059f-11f0-8c09-54a95b9ec813,gina,1,64,0.8750717639923096,0.037487030029296875,16322.0,0.8588335514068604,303,1
StandardGSGP,c33f4308-059f-11f0-8c09-54a95b9ec813,gina,1,65,0.8755637407302856,0.045539140701293945,16568.0,0.8603312969207764,309,1
StandardGSGP,c33f4308-059f-11f0-8c09-54a95b9ec813,gina,1,66,0.8761124610900879,0.054167985916137695,16728.0,0.8608052730560303,335,1
StandardGSGP,c33f4308-059f-11f0-8c09-54a95b9ec813,gina,1,67,0.8761124610900879,0.0454709529876709,16864.0,0.8608052730560303,335,1
StandardGSGP,c33f4308-059f-11f0-8c09-54a95b9ec813,gina,1,68,0.8778793811798096,0.055477142333984375,17170.0,0.8558559417724609,363,1
StandardGSGP,c33f4308-059f-11f0-8c09-54a95b9ec813,gina,1,69,0.8778793811798096,0.047537803649902344,17570.0,0.8558559417724609,363,1
StandardGSGP,c33f4308-059f-11f0-8c09-54a95b9ec813,gina,1,70,0.8792660236358643,0.046372175216674805,17902.0,0.8634117841720581,339,1
StandardGSGP,c33f4308-059f-11f0-8c09-54a95b9ec813,gina,1,71,0.8795543313026428,0.04545736312866211,18346.0,0.8636309504508972,345,1
StandardGSGP,c33f4308-059f-11f0-8c09-54a95b9ec813,gina,1,72,0.8795543313026428,0.055707454681396484,18712.0,0.8636309504508972,345,1
StandardGSGP,c33f4308-059f-11f0-8c09-54a95b9ec813,gina,1,73,0.8795543313026428,0.06131482124328613,19058.0,0.8636309504508972,345,1
StandardGSGP,c33f4308-059f-11f0-8c09-54a95b9ec813,gina,1,74,0.8800620436668396,0.053003549575805664,19494.0,0.8630451560020447,351,1
StandardGSGP,c33f4308-059f-11f0-8c09-54a95b9ec813,gina,1,75,0.8820277452468872,0.04657912254333496,19434.0,0.866706907749176,357,1
StandardGSGP,c33f4308-059f-11f0-8c09-54a95b9ec813,gina,1,76,0.8824827671051025,0.04680275917053223,19404.0,0.8614177703857422,363,1
StandardGSGP,c33f4308-059f-11f0-8c09-54a95b9ec813,gina,1,77,0.8824827671051025,0.047196388244628906,19388.0,0.8614177703857422,363,1
StandardGSGP,c33f4308-059f-11f0-8c09-54a95b9ec813,gina,1,78,0.8841355443000793,0.04793143272399902,19552.0,0.8711063861846924,369,1
StandardGSGP,c33f4308-059f-11f0-8c09-54a95b9ec813,gina,1,79,0.8841355443000793,0.04774212837219238,19534.0,0.8711063861846924,369,1
StandardGSGP,c33f4308-059f-11f0-8c09-54a95b9ec813,gina,1,80,0.8855993747711182,0.04913616180419922,19548.0,0.8736145496368408,381,1
StandardGSGP,c33f4308-059f-11f0-8c09-54a95b9ec813,gina,1,81,0.8864963054656982,0.05292320251464844,19576.0,0.8757516741752625,387,1
StandardGSGP,c33f4308-059f-11f0-8c09-54a95b9ec813,gina,1,82,0.8870951533317566,0.04602813720703125,19800.0,0.8785237073898315,387,1
StandardGSGP,c33f4308-059f-11f0-8c09-54a95b9ec813,gina,1,83,0.8870951533317566,0.0517425537109375,20064.0,0.8785237073898315,387,1
StandardGSGP,c33f4308-059f-11f0-8c09-54a95b9ec813,gina,1,84,0.8879477977752686,0.03842329978942871,20346.0,0.8742047548294067,407,1
StandardGSGP,c33f4308-059f-11f0-8c09-54a95b9ec813,gina,1,85,0.8879477977752686,0.05679965019226074,20586.0,0.8742047548294067,407,1
StandardGSGP,c33f4308-059f-11f0-8c09-54a95b9ec813,gina,1,86,0.8879477977752686,0.04873061180114746,20924.0,0.8742047548294067,407,1
StandardGSGP,c33f4308-059f-11f0-8c09-54a95b9ec813,gina,1,87,0.8879477977752686,0.04629874229431152,21218.0,0.8742047548294067,407,1
StandardGSGP,c33f4308-059f-11f0-8c09-54a95b9ec813,gina,1,88,0.8886838555335999,0.04746651649475098,21400.0,0.8793642520904541,425,1
StandardGSGP,c33f4308-059f-11f0-8c09-54a95b9ec813,gina,1,89,0.8912672996520996,0.044594764709472656,21616.0,0.8784298300743103,413,1
StandardGSGP,c33f4308-059f-11f0-8c09-54a95b9ec813,gina,1,90,0.8931803703308105,0.048322439193725586,21792.0,0.8804774880409241,437,1
StandardGSGP,c33f4308-059f-11f0-8c09-54a95b9ec813,gina,1,91,0.8931803703308105,0.03827643394470215,21876.0,0.8804774880409241,437,1
StandardGSGP,c33f4308-059f-11f0-8c09-54a95b9ec813,gina,1,92,0.8946820497512817,0.052866220474243164,22150.0,0.8850960731506348,449,1
StandardGSGP,c33f4308-059f-11f0-8c09-54a95b9ec813,gina,1,93,0.8947749137878418,0.046347856521606445,22512.0,0.8851631283760071,455,1
StandardGSGP,c33f4308-059f-11f0-8c09-54a95b9ec813,gina,1,94,0.8949342370033264,0.04976367950439453,22766.0,0.8855878710746765,461,1
StandardGSGP,c33f4308-059f-11f0-8c09-54a95b9ec813,gina,1,95,0.8960948586463928,0.047326087951660156,22936.0,0.8886324763298035,469,1
StandardGSGP,c33f4308-059f-11f0-8c09-54a95b9ec813,gina,1,96,0.8966132402420044,0.05064797401428223,23350.0,0.8825296759605408,461,1
StandardGSGP,c33f4308-059f-11f0-8c09-54a95b9ec813,gina,1,97,0.8967643976211548,0.04993462562561035,23668.0,0.8865491151809692,475,1
StandardGSGP,c33f4308-059f-11f0-8c09-54a95b9ec813,gina,1,98,0.8971208930015564,0.04252767562866211,23936.0,0.8823419809341431,467,1
StandardGSGP,c33f4308-059f-11f0-8c09-54a95b9ec813,gina,1,99,0.8974987268447876,0.04593801498413086,24222.0,0.8809782862663269,473,1
StandardGSGP,c33f4308-059f-11f0-8c09-54a95b9ec813,gina,1,100,0.8979128003120422,0.045500993728637695,24420.0,0.88365638256073,479,1
StandardGSGP,c33f4308-059f-11f0-8c09-54a95b9ec813,gina,1,101,0.9002884030342102,0.0521082878112793,24636.0,0.884640097618103,479,1
StandardGSGP,c33f4308-059f-11f0-8c09-54a95b9ec813,gina,1,102,0.9002884030342102,0.038010358810424805,24822.0,0.884640097618103,479,1
StandardGSGP,c33f4308-059f-11f0-8c09-54a95b9ec813,gina,1,103,0.9002884030342102,0.04622054100036621,25024.0,0.884640097618103,479,1
StandardGSGP,c33f4308-059f-11f0-8c09-54a95b9ec813,gina,1,104,0.9007893800735474,0.0426020622253418,25060.0,0.8825386762619019,497,1
StandardGSGP,c33f4308-059f-11f0-8c09-54a95b9ec813,gina,1,105,0.9026023745536804,0.052550315856933594,25116.0,0.8870051503181458,485,1
StandardGSGP,c33f4308-059f-11f0-8c09-54a95b9ec813,gina,1,106,0.9027140736579895,0.04318046569824219,25208.0,0.8896742463111877,527,1
StandardGSGP,c33f4308-059f-11f0-8c09-54a95b9ec813,gina,1,107,0.9034953117370605,0.0422821044921875,25528.0,0.8905640840530396,533,1
StandardGSGP,c33f4308-059f-11f0-8c09-54a95b9ec813,gina,1,108,0.9034953117370605,0.05394411087036133,25844.0,0.8905640840530396,533,1
StandardGSGP,c33f4308-059f-11f0-8c09-54a95b9ec813,gina,1,109,0.9045590162277222,0.04495644569396973,26366.0,0.8915969133377075,539,1
StandardGSGP,c33f4308-059f-11f0-8c09-54a95b9ec813,gina,1,110,0.9045590162277222,0.05080699920654297,26910.0,0.8915969133377075,539,1
StandardGSGP,c33f4308-059f-11f0-8c09-54a95b9ec813,gina,1,111,0.9047035574913025,0.03847694396972656,27216.0,0.8918471932411194,545,1
StandardGSGP,c33f4308-059f-11f0-8c09-54a95b9ec813,gina,1,112,0.9049739241600037,0.05762124061584473,27670.0,0.8908500671386719,545,1
StandardGSGP,c33f4308-059f-11f0-8c09-54a95b9ec813,gina,1,113,0.9059891700744629,0.0454714298248291,27898.0,0.8919276595115662,557,1
StandardGSGP,c33f4308-059f-11f0-8c09-54a95b9ec813,gina,1,114,0.9064031839370728,0.0474705696105957,28114.0,0.8928173780441284,563,1
StandardGSGP,c33f4308-059f-11f0-8c09-54a95b9ec813,gina,1,115,0.907597541809082,0.0474400520324707,28222.0,0.8912615180015564,563,1
StandardGSGP,c33f4308-059f-11f0-8c09-54a95b9ec813,gina,1,116,0.907597541809082,0.044121742248535156,28554.0,0.8912615180015564,563,1
StandardGSGP,c33f4308-059f-11f0-8c09-54a95b9ec813,gina,1,117,0.907597541809082,0.04686260223388672,28824.0,0.8912615180015564,563,1
StandardGSGP,c33f4308-059f-11f0-8c09-54a95b9ec813,gina,1,118,0.9080461263656616,0.04209589958190918,29114.0,0.8952138423919678,587,1
StandardGSGP,c33f4308-059f-11f0-8c09-54a95b9ec813,gina,1,119,0.9080461263656616,0.054849863052368164,29394.0,0.8952138423919678,587,1
StandardGSGP,c33f4308-059f-11f0-8c09-54a95b9ec813,gina,1,120,0.9081692695617676,0.04481673240661621,29516.0,0.8949500918388367,593,1
StandardGSGP,c33f4308-059f-11f0-8c09-54a95b9ec813,gina,1,121,0.9088707566261292,0.04721260070800781,29692.0,0.8914448022842407,581,1
StandardGSGP,c33f4308-059f-11f0-8c09-54a95b9ec813,gina,1,122,0.9088707566261292,0.04236626625061035,29948.0,0.8914448022842407,581,1
StandardGSGP,c33f4308-059f-11f0-8c09-54a95b9ec813,gina,1,123,0.9092642664909363,0.05258369445800781,30200.0,0.8937562704086304,587,1
StandardGSGP,c33f4308-059f-11f0-8c09-54a95b9ec813,gina,1,124,0.9092642664909363,0.047394514083862305,30374.0,0.8937562704086304,587,1
StandardGSGP,c33f4308-059f-11f0-8c09-54a95b9ec813,gina,1,125,0.909479558467865,0.04999876022338867,30560.0,0.892777144908905,593,1
StandardGSGP,c33f4308-059f-11f0-8c09-54a95b9ec813,gina,1,126,0.9102516770362854,0.04655885696411133,30674.0,0.8942168354988098,599,1
StandardGSGP,c33f4308-059f-11f0-8c09-54a95b9ec813,gina,1,127,0.9103633165359497,0.04565834999084473,30888.0,0.8943464756011963,605,1
StandardGSGP,c33f4308-059f-11f0-8c09-54a95b9ec813,gina,1,128,0.911418080329895,0.0482630729675293,30928.0,0.8953121304512024,613,1
StandardGSGP,c33f4308-059f-11f0-8c09-54a95b9ec813,gina,1,129,0.911418080329895,0.04115033149719238,31128.0,0.8953121304512024,613,1
StandardGSGP,c33f4308-059f-11f0-8c09-54a95b9ec813,gina,1,130,0.911617636680603,0.053678035736083984,31256.0,0.8951200246810913,619,1
StandardGSGP,c33f4308-059f-11f0-8c09-54a95b9ec813,gina,1,131,0.911617636680603,0.03747105598449707,31424.0,0.8951200246810913,619,1
StandardGSGP,c33f4308-059f-11f0-8c09-54a95b9ec813,gina,1,132,0.9120677709579468,0.046675920486450195,31598.0,0.8957100510597229,631,1
StandardGSGP,c33f4308-059f-11f0-8c09-54a95b9ec813,gina,1,133,0.9120677709579468,0.04018282890319824,31806.0,0.8957100510597229,631,1
StandardGSGP,c33f4308-059f-11f0-8c09-54a95b9ec813,gina,1,134,0.9125779271125793,0.05075955390930176,32086.0,0.8944492340087891,647,1
StandardGSGP,c33f4308-059f-11f0-8c09-54a95b9ec813,gina,1,135,0.9125779271125793,0.03898119926452637,32378.0,0.8944492340087891,647,1
StandardGSGP,c33f4308-059f-11f0-8c09-54a95b9ec813,gina,1,136,0.9127331972122192,0.05004382133483887,32724.0,0.8956206440925598,655,1
StandardGSGP,c33f4308-059f-11f0-8c09-54a95b9ec813,gina,1,137,0.9133681654930115,0.050161123275756836,33082.0,0.9007667303085327,661,1
StandardGSGP,c33f4308-059f-11f0-8c09-54a95b9ec813,gina,1,138,0.9139119386672974,0.040015220642089844,33384.0,0.9013211727142334,667,1
StandardGSGP,c33f4308-059f-11f0-8c09-54a95b9ec813,gina,1,139,0.9139119386672974,0.05386471748352051,33674.0,0.9013211727142334,667,1
StandardGSGP,c33f4308-059f-11f0-8c09-54a95b9ec813,gina,1,140,0.9149264097213745,0.04521036148071289,33994.0,0.8982138633728027,683,1
StandardGSGP,c33f4308-059f-11f0-8c09-54a95b9ec813,gina,1,141,0.9149264097213745,0.05083608627319336,34256.0,0.8982138633728027,683,1
StandardGSGP,c33f4308-059f-11f0-8c09-54a95b9ec813,gina,1,142,0.9159219861030579,0.047223806381225586,34528.0,0.8996176719665527,685,1
StandardGSGP,c33f4308-059f-11f0-8c09-54a95b9ec813,gina,1,143,0.9159219861030579,0.048412322998046875,34770.0,0.8996176719665527,685,1
StandardGSGP,c33f4308-059f-11f0-8c09-54a95b9ec813,gina,1,144,0.9167443513870239,0.044741153717041016,34974.0,0.8986430764198303,691,1
StandardGSGP,c33f4308-059f-11f0-8c09-54a95b9ec813,gina,1,145,0.9171009063720703,0.0509190559387207,35198.0,0.898777186870575,697,1
StandardGSGP,c33f4308-059f-11f0-8c09-54a95b9ec813,gina,1,146,0.9180035591125488,0.04901742935180664,35484.0,0.8986788988113403,697,1
StandardGSGP,c33f4308-059f-11f0-8c09-54a95b9ec813,gina,1,147,0.918335497379303,0.03971576690673828,35750.0,0.9002212285995483,703,1
StandardGSGP,c33f4308-059f-11f0-8c09-54a95b9ec813,gina,1,148,0.9183863401412964,0.05509638786315918,35924.0,0.8997519016265869,709,1
StandardGSGP,c33f4308-059f-11f0-8c09-54a95b9ec813,gina,1,149,0.9190369844436646,0.044089317321777344,35996.0,0.9001721739768982,715,1
StandardGSGP,c33f4308-059f-11f0-8c09-54a95b9ec813,gina,1,150,0.9190369844436646,0.04675030708312988,36116.0,0.9001721739768982,715,1
StandardGSGP,c33f4308-059f-11f0-8c09-54a95b9ec813,gina,1,151,0.9197713136672974,0.04429030418395996,36348.0,0.9006236791610718,721,1
StandardGSGP,c33f4308-059f-11f0-8c09-54a95b9ec813,gina,1,152,0.9203462600708008,0.049576520919799805,36512.0,0.900847315788269,727,1
StandardGSGP,c33f4308-059f-11f0-8c09-54a95b9ec813,gina,1,153,0.9206502437591553,0.04664969444274902,36726.0,0.9011199474334717,733,1
StandardGSGP,c33f4308-059f-11f0-8c09-54a95b9ec813,gina,1,154,0.9214791059494019,0.04665207862854004,36886.0,0.9040753245353699,739,1
StandardGSGP,c33f4308-059f-11f0-8c09-54a95b9ec813,gina,1,155,0.9214791059494019,0.04419875144958496,37132.0,0.9040753245353699,739,1
StandardGSGP,c33f4308-059f-11f0-8c09-54a95b9ec813,gina,1,156,0.9214791059494019,0.03900909423828125,37398.0,0.9040753245353699,739,1
StandardGSGP,c33f4308-059f-11f0-8c09-54a95b9ec813,gina,1,157,0.9214791059494019,0.054976701736450195,37670.0,0.9040753245353699,739,1
StandardGSGP,c33f4308-059f-11f0-8c09-54a95b9ec813,gina,1,158,0.921511173248291,0.04513096809387207,37958.0,0.9037042856216431,751,1
StandardGSGP,c33f4308-059f-11f0-8c09-54a95b9ec813,gina,1,159,0.9238390922546387,0.05473923683166504,38138.0,0.9053138494491577,745,1
StandardGSGP,c33f4308-059f-11f0-8c09-54a95b9ec813,gina,1,160,0.9238390922546387,0.04414963722229004,38362.0,0.9053138494491577,745,1
StandardGSGP,c33f4308-059f-11f0-8c09-54a95b9ec813,gina,1,161,0.9239113330841064,0.05016350746154785,38636.0,0.9046565890312195,751,1
StandardGSGP,c33f4308-059f-11f0-8c09-54a95b9ec813,gina,1,162,0.9239508509635925,0.03944110870361328,38720.0,0.9044106602668762,757,1
StandardGSGP,c33f4308-059f-11f0-8c09-54a95b9ec813,gina,1,163,0.9239508509635925,0.05528378486633301,38870.0,0.9044106602668762,757,1
StandardGSGP,c33f4308-059f-11f0-8c09-54a95b9ec813,gina,1,164,0.9257481694221497,0.046328067779541016,38918.0,0.9075716137886047,763,1
StandardGSGP,c33f4308-059f-11f0-8c09-54a95b9ec813,gina,1,165,0.9257481694221497,0.04060673713684082,39020.0,0.9075716137886047,763,1
StandardGSGP,c33f4308-059f-11f0-8c09-54a95b9ec813,gina,1,166,0.9257481694221497,0.052417755126953125,39158.0,0.9075716137886047,763,1
StandardGSGP,c33f4308-059f-11f0-8c09-54a95b9ec813,gina,1,167,0.9257481694221497,0.03730964660644531,39356.0,0.9075716137886047,763,1
StandardGSGP,c33f4308-059f-11f0-8c09-54a95b9ec813,gina,1,168,0.9259477853775024,0.04582381248474121,39402.0,0.9076341986656189,775,1
StandardGSGP,c33f4308-059f-11f0-8c09-54a95b9ec813,gina,1,169,0.9259477853775024,0.04303908348083496,39578.0,0.9076341986656189,775,1
StandardGSGP,c33f4308-059f-11f0-8c09-54a95b9ec813,gina,1,170,0.926478385925293,0.04670214653015137,39668.0,0.9083585143089294,787,1
StandardGSGP,c33f4308-059f-11f0-8c09-54a95b9ec813,gina,1,171,0.926478385925293,0.04230093955993652,39924.0,0.9083585143089294,787,1
StandardGSGP,c33f4308-059f-11f0-8c09-54a95b9ec813,gina,1,172,0.9265013933181763,0.05116391181945801,40126.0,0.9084166288375854,793,1
StandardGSGP,c33f4308-059f-11f0-8c09-54a95b9ec813,gina,1,173,0.9268200993537903,0.0377497673034668,40498.0,0.9085059762001038,799,1
StandardGSGP,c33f4308-059f-11f0-8c09-54a95b9ec813,gina,1,174,0.9268200993537903,0.050107717514038086,40770.0,0.9085059762001038,799,1
StandardGSGP,c33f4308-059f-11f0-8c09-54a95b9ec813,gina,1,175,0.9268200993537903,0.04993915557861328,41042.0,0.9085059762001038,799,1
StandardGSGP,c33f4308-059f-11f0-8c09-54a95b9ec813,gina,1,176,0.9268200993537903,0.04000258445739746,41190.0,0.9085059762001038,799,1
StandardGSGP,c33f4308-059f-11f0-8c09-54a95b9ec813,gina,1,177,0.9274197816848755,0.05293560028076172,41198.0,0.9075045585632324,811,1
StandardGSGP,c33f4308-059f-11f0-8c09-54a95b9ec813,gina,1,178,0.9274197816848755,0.0396876335144043,41272.0,0.9075045585632324,811,1
StandardGSGP,c33f4308-059f-11f0-8c09-54a95b9ec813,gina,1,179,0.9274197816848755,0.11957764625549316,41474.0,0.9075045585632324,811,1
StandardGSGP,c33f4308-059f-11f0-8c09-54a95b9ec813,gina,1,180,0.9275939464569092,0.04903364181518555,41698.0,0.9079517126083374,817,1
StandardGSGP,c33f4308-059f-11f0-8c09-54a95b9ec813,gina,1,181,0.927697479724884,0.0411992073059082,41838.0,0.9070842862129211,817,1
StandardGSGP,c33f4308-059f-11f0-8c09-54a95b9ec813,gina,1,182,0.9279085397720337,0.050872802734375,41910.0,0.9083181619644165,823,1
StandardGSGP,c33f4308-059f-11f0-8c09-54a95b9ec813,gina,1,183,0.9281483888626099,0.03753995895385742,41998.0,0.908367395401001,829,1
StandardGSGP,c33f4308-059f-11f0-8c09-54a95b9ec813,gina,1,184,0.9286444783210754,0.05000877380371094,42238.0,0.908166229724884,835,1
StandardGSGP,c33f4308-059f-11f0-8c09-54a95b9ec813,gina,1,185,0.928697943687439,0.05330061912536621,42532.0,0.9080321788787842,841,1
StandardGSGP,c33f4308-059f-11f0-8c09-54a95b9ec813,gina,1,186,0.9288235902786255,0.04961729049682617,42596.0,0.9083048105239868,841,1
StandardGSGP,c33f4308-059f-11f0-8c09-54a95b9ec813,gina,1,187,0.9292787313461304,0.050716400146484375,42760.0,0.9083584547042847,847,1
StandardGSGP,c33f4308-059f-11f0-8c09-54a95b9ec813,gina,1,188,0.9293469190597534,0.04761552810668945,43018.0,0.9082869291305542,853,1
StandardGSGP,c33f4308-059f-11f0-8c09-54a95b9ec813,gina,1,189,0.9300204515457153,0.05413818359375,43218.0,0.9082019925117493,859,1
StandardGSGP,c33f4308-059f-11f0-8c09-54a95b9ec813,gina,1,190,0.930385947227478,0.04925966262817383,43474.0,0.9085283875465393,865,1
StandardGSGP,c33f4308-059f-11f0-8c09-54a95b9ec813,gina,1,191,0.930385947227478,0.0496058464050293,43626.0,0.9085283875465393,865,1
StandardGSGP,c33f4308-059f-11f0-8c09-54a95b9ec813,gina,1,192,0.930385947227478,0.058034658432006836,43814.0,0.9085283875465393,865,1
StandardGSGP,c33f4308-059f-11f0-8c09-54a95b9ec813,gina,1,193,0.9304254055023193,0.059018850326538086,44076.0,0.9071692824363708,883,1
StandardGSGP,c33f4308-059f-11f0-8c09-54a95b9ec813,gina,1,194,0.9305955171585083,0.05071234703063965,44356.0,0.9058905243873596,889,1
StandardGSGP,c33f4308-059f-11f0-8c09-54a95b9ec813,gina,1,195,0.9305955171585083,0.05623006820678711,44660.0,0.9058905243873596,889,1
StandardGSGP,c33f4308-059f-11f0-8c09-54a95b9ec813,gina,1,196,0.9307252764701843,0.058989524841308594,44876.0,0.907276451587677,901,1
StandardGSGP,c33f4308-059f-11f0-8c09-54a95b9ec813,gina,1,197,0.9307252764701843,0.09735298156738281,45094.0,0.907276451587677,901,1
StandardGSGP,c33f4308-059f-11f0-8c09-54a95b9ec813,gina,1,198,0.9308205246925354,0.07629036903381348,45364.0,0.9078711271286011,913,1
StandardGSGP,c33f4308-059f-11f0-8c09-54a95b9ec813,gina,1,199,0.9313167333602905,0.05386829376220703,45654.0,0.9096103310585022,919,1
StandardGSGP,c33f4308-059f-11f0-8c09-54a95b9ec813,gina,1,200,0.9315927028656006,0.046659231185913086,45890.0,0.9111573100090027,925,1
StandardGSGP,c924b159-059f-11f0-80d9-54a95b9ec813,gina,2,0,0.6206116676330566,0.10948801040649414,670.0,0.6120045185089111,3,1
StandardGSGP,c924b159-059f-11f0-80d9-54a95b9ec813,gina,2,1,0.631538450717926,0.048265933990478516,760.0,0.5927838087081909,13,1
StandardGSGP,c924b159-059f-11f0-80d9-54a95b9ec813,gina,2,2,0.631538450717926,0.04724431037902832,960.0,0.5927838087081909,13,1
StandardGSGP,c924b159-059f-11f0-80d9-54a95b9ec813,gina,2,3,0.6320025324821472,0.045114994049072266,1272.0,0.6008226275444031,15,1
StandardGSGP,c924b159-059f-11f0-80d9-54a95b9ec813,gina,2,4,0.6400288939476013,0.03989529609680176,1524.0,0.6103324294090271,21,1
StandardGSGP,c924b159-059f-11f0-80d9-54a95b9ec813,gina,2,5,0.6535416841506958,0.047080039978027344,1612.0,0.6242416501045227,27,1
StandardGSGP,c924b159-059f-11f0-80d9-54a95b9ec813,gina,2,6,0.6560150384902954,0.04279017448425293,1720.0,0.6296067833900452,27,1
StandardGSGP,c924b159-059f-11f0-80d9-54a95b9ec813,gina,2,7,0.6710588932037354,0.04785799980163574,1896.0,0.6344577670097351,39,1
StandardGSGP,c924b159-059f-11f0-80d9-54a95b9ec813,gina,2,8,0.6710588932037354,0.04833626747131348,2130.0,0.6344577670097351,39,1
StandardGSGP,c924b159-059f-11f0-80d9-54a95b9ec813,gina,2,9,0.6720257997512817,0.05104780197143555,2372.0,0.6398274302482605,51,1
StandardGSGP,c924b159-059f-11f0-80d9-54a95b9ec813,gina,2,10,0.6720257997512817,0.04345989227294922,2630.0,0.6398274302482605,51,1
StandardGSGP,c924b159-059f-11f0-80d9-54a95b9ec813,gina,2,11,0.6749780178070068,0.05813741683959961,2896.0,0.6483892798423767,57,1
StandardGSGP,c924b159-059f-11f0-80d9-54a95b9ec813,gina,2,12,0.6749780178070068,0.05378460884094238,3164.0,0.6483892798423767,57,1
StandardGSGP,c924b159-059f-11f0-80d9-54a95b9ec813,gina,2,13,0.7065986394882202,0.04816389083862305,3416.0,0.669411838054657,63,1
StandardGSGP,c924b159-059f-11f0-80d9-54a95b9ec813,gina,2,14,0.7109835147857666,0.046324729919433594,3646.0,0.6766771078109741,69,1
StandardGSGP,c924b159-059f-11f0-80d9-54a95b9ec813,gina,2,15,0.7134560942649841,0.04348301887512207,3924.0,0.6746338605880737,75,1
StandardGSGP,c924b159-059f-11f0-80d9-54a95b9ec813,gina,2,16,0.7135423421859741,0.044847965240478516,4128.0,0.6746384501457214,81,1
StandardGSGP,c924b159-059f-11f0-80d9-54a95b9ec813,gina,2,17,0.7135423421859741,0.03725767135620117,4332.0,0.6746384501457214,81,1
StandardGSGP,c924b159-059f-11f0-80d9-54a95b9ec813,gina,2,18,0.7135423421859741,0.055811405181884766,4532.0,0.6746384501457214,81,1
StandardGSGP,c924b159-059f-11f0-80d9-54a95b9ec813,gina,2,19,0.7158496975898743,0.04354262351989746,4714.0,0.6888784170150757,93,1
StandardGSGP,c924b159-059f-11f0-80d9-54a95b9ec813,gina,2,20,0.7219768762588501,0.05231809616088867,4962.0,0.6928397417068481,99,1
StandardGSGP,c924b159-059f-11f0-80d9-54a95b9ec813,gina,2,21,0.7239442467689514,0.05528116226196289,5238.0,0.6900587677955627,105,1
StandardGSGP,c924b159-059f-11f0-80d9-54a95b9ec813,gina,2,22,0.7245380282402039,0.05568528175354004,5522.0,0.691453754901886,111,1
StandardGSGP,c924b159-059f-11f0-80d9-54a95b9ec813,gina,2,23,0.7262861728668213,0.04384255409240723,5792.0,0.6954508423805237,117,1
StandardGSGP,c924b159-059f-11f0-80d9-54a95b9ec813,gina,2,24,0.7322917580604553,0.057053327560424805,6046.0,0.7106073498725891,123,1
StandardGSGP,c924b159-059f-11f0-80d9-54a95b9ec813,gina,2,25,0.7389043569564819,0.05910348892211914,6306.0,0.7122214436531067,129,1
StandardGSGP,c924b159-059f-11f0-80d9-54a95b9ec813,gina,2,26,0.740183413028717,0.05677175521850586,6608.0,0.709994912147522,135,1
StandardGSGP,c924b159-059f-11f0-80d9-54a95b9ec813,gina,2,27,0.7417030334472656,0.043673038482666016,6936.0,0.7152929306030273,141,1
StandardGSGP,c924b159-059f-11f0-80d9-54a95b9ec813,gina,2,28,0.7417030334472656,0.04960227012634277,7236.0,0.7152929306030273,141,1
StandardGSGP,c924b159-059f-11f0-80d9-54a95b9ec813,gina,2,29,0.7429763078689575,0.04919290542602539,7514.0,0.710674524307251,147,1
StandardGSGP,c924b159-059f-11f0-80d9-54a95b9ec813,gina,2,30,0.7429763078689575,0.05307340621948242,7780.0,0.710674524307251,147,1
StandardGSGP,c924b159-059f-11f0-80d9-54a95b9ec813,gina,2,31,0.7429763078689575,0.03840517997741699,7986.0,0.710674524307251,147,1
StandardGSGP,c924b159-059f-11f0-80d9-54a95b9ec813,gina,2,32,0.7429943084716797,0.05352783203125,8116.0,0.7151544094085693,159,1
StandardGSGP,c924b159-059f-11f0-80d9-54a95b9ec813,gina,2,33,0.744788408279419,0.04218721389770508,8378.0,0.7171618342399597,159,1
StandardGSGP,c924b159-059f-11f0-80d9-54a95b9ec813,gina,2,34,0.744788408279419,0.04512286186218262,8658.0,0.7171618342399597,159,1
StandardGSGP,c924b159-059f-11f0-80d9-54a95b9ec813,gina,2,35,0.7463679909706116,0.044899940490722656,8926.0,0.7148458957672119,185,1
StandardGSGP,c924b159-059f-11f0-80d9-54a95b9ec813,gina,2,36,0.7465652227401733,0.043366193771362305,9262.0,0.7098383903503418,191,1
StandardGSGP,c924b159-059f-11f0-80d9-54a95b9ec813,gina,2,37,0.7481234669685364,0.05306363105773926,9568.0,0.7203899025917053,173,1
StandardGSGP,c924b159-059f-11f0-80d9-54a95b9ec813,gina,2,38,0.7500012516975403,0.047011375427246094,9712.0,0.720617949962616,179,1
StandardGSGP,c924b159-059f-11f0-80d9-54a95b9ec813,gina,2,39,0.7501335144042969,0.04610085487365723,9992.0,0.7216641306877136,203,1
StandardGSGP,c924b159-059f-11f0-80d9-54a95b9ec813,gina,2,40,0.7510321736335754,0.047681331634521484,10150.0,0.7223615050315857,209,1
StandardGSGP,c924b159-059f-11f0-80d9-54a95b9ec813,gina,2,41,0.7526890635490417,0.0476992130279541,10556.0,0.722196102142334,221,1
StandardGSGP,c924b159-059f-11f0-80d9-54a95b9ec813,gina,2,42,0.7526890635490417,0.046918392181396484,10810.0,0.722196102142334,221,1
StandardGSGP,c924b159-059f-11f0-80d9-54a95b9ec813,gina,2,43,0.7528262138366699,0.04244661331176758,11144.0,0.7219054698944092,227,1
StandardGSGP,c924b159-059f-11f0-80d9-54a95b9ec813,gina,2,44,0.7539819478988647,0.05164456367492676,11430.0,0.7214003801345825,233,1
StandardGSGP,c924b159-059f-11f0-80d9-54a95b9ec813,gina,2,45,0.7539819478988647,0.046909332275390625,11748.0,0.7214003801345825,233,1
StandardGSGP,c924b159-059f-11f0-80d9-54a95b9ec813,gina,2,46,0.755183756351471,0.04699587821960449,12032.0,0.7239577174186707,239,1
StandardGSGP,c924b159-059f-11f0-80d9-54a95b9ec813,gina,2,47,0.7598757743835449,0.04511880874633789,12368.0,0.7316299080848694,251,1
StandardGSGP,c924b159-059f-11f0-80d9-54a95b9ec813,gina,2,48,0.762264609336853,0.04987955093383789,12620.0,0.7322647571563721,257,1
StandardGSGP,c924b159-059f-11f0-80d9-54a95b9ec813,gina,2,49,0.762264609336853,0.04476571083068848,12978.0,0.7322647571563721,257,1
StandardGSGP,c924b159-059f-11f0-80d9-54a95b9ec813,gina,2,50,0.7625504732131958,0.04000282287597656,13310.0,0.7339816093444824,269,1
StandardGSGP,c924b159-059f-11f0-80d9-54a95b9ec813,gina,2,51,0.7630383968353271,0.05381464958190918,13596.0,0.7316701412200928,271,1
StandardGSGP,c924b159-059f-11f0-80d9-54a95b9ec813,gina,2,52,0.7630540132522583,0.035249948501586914,13894.0,0.7313348054885864,277,1
StandardGSGP,c924b159-059f-11f0-80d9-54a95b9ec813,gina,2,53,0.7630540132522583,0.0412752628326416,14164.0,0.7313348054885864,277,1
StandardGSGP,c924b159-059f-11f0-80d9-54a95b9ec813,gina,2,54,0.7664005756378174,0.057924509048461914,14444.0,0.7392126321792603,293,1
StandardGSGP,c924b159-059f-11f0-80d9-54a95b9ec813,gina,2,55,0.7664456963539124,0.04732656478881836,14762.0,0.7396060824394226,299,1
StandardGSGP,c924b159-059f-11f0-80d9-54a95b9ec813,gina,2,56,0.7669976949691772,0.043607234954833984,15096.0,0.7425704002380371,305,1
StandardGSGP,c924b159-059f-11f0-80d9-54a95b9ec813,gina,2,57,0.7669976949691772,0.04103541374206543,15394.0,0.7425704002380371,305,1
StandardGSGP,c924b159-059f-11f0-80d9-54a95b9ec813,gina,2,58,0.7701101899147034,0.0503695011138916,15736.0,0.7476672530174255,317,1
StandardGSGP,c924b159-059f-11f0-80d9-54a95b9ec813,gina,2,59,0.7701101899147034,0.04343867301940918,16074.0,0.7476672530174255,317,1
StandardGSGP,c924b159-059f-11f0-80d9-54a95b9ec813,gina,2,60,0.7721062898635864,0.038727760314941406,16356.0,0.7491157650947571,329,1
StandardGSGP,c924b159-059f-11f0-80d9-54a95b9ec813,gina,2,61,0.7721062898635864,0.053615570068359375,16606.0,0.7491157650947571,329,1
StandardGSGP,c924b159-059f-11f0-80d9-54a95b9ec813,gina,2,62,0.7721062898635864,0.04817509651184082,16862.0,0.7491157650947571,329,1
StandardGSGP,c924b159-059f-11f0-80d9-54a95b9ec813,gina,2,63,0.7721062898635864,0.0489652156829834,17094.0,0.7491157650947571,329,1
StandardGSGP,c924b159-059f-11f0-80d9-54a95b9ec813,gina,2,64,0.7723264098167419,0.04056119918823242,17298.0,0.7527462840080261,341,1
StandardGSGP,c924b159-059f-11f0-80d9-54a95b9ec813,gina,2,65,0.7758249640464783,0.05000042915344238,17542.0,0.7486150860786438,341,1
StandardGSGP,c924b159-059f-11f0-80d9-54a95b9ec813,gina,2,66,0.7758249640464783,0.05438494682312012,17764.0,0.7486150860786438,341,1
StandardGSGP,c924b159-059f-11f0-80d9-54a95b9ec813,gina,2,67,0.7758249640464783,0.047041893005371094,18074.0,0.7486150860786438,341,1
StandardGSGP,c924b159-059f-11f0-80d9-54a95b9ec813,gina,2,68,0.7758249640464783,0.04691576957702637,18328.0,0.7486150860786438,341,1
StandardGSGP,c924b159-059f-11f0-80d9-54a95b9ec813,gina,2,69,0.7758249640464783,0.04739069938659668,18524.0,0.7486150860786438,341,1
StandardGSGP,c924b159-059f-11f0-80d9-54a95b9ec813,gina,2,70,0.7758249640464783,0.03803610801696777,18754.0,0.7486150860786438,341,1
StandardGSGP,c924b159-059f-11f0-80d9-54a95b9ec813,gina,2,71,0.7761518955230713,0.044584035873413086,18924.0,0.7520845532417297,383,1
StandardGSGP,c924b159-059f-11f0-80d9-54a95b9ec813,gina,2,72,0.7761518955230713,0.045575857162475586,19306.0,0.7520845532417297,383,1
StandardGSGP,c924b159-059f-11f0-80d9-54a95b9ec813,gina,2,73,0.7761518955230713,0.05139875411987305,19616.0,0.7520845532417297,383,1
StandardGSGP,c924b159-059f-11f0-80d9-54a95b9ec813,gina,2,74,0.7765116095542908,0.04829597473144531,19906.0,0.7517135143280029,389,1
StandardGSGP,c924b159-059f-11f0-80d9-54a95b9ec813,gina,2,75,0.7781693935394287,0.04577183723449707,20232.0,0.7587329149246216,407,1
StandardGSGP,c924b159-059f-11f0-80d9-54a95b9ec813,gina,2,76,0.7781693935394287,0.04321026802062988,20466.0,0.7587329149246216,407,1
StandardGSGP,c924b159-059f-11f0-80d9-54a95b9ec813,gina,2,77,0.7781693935394287,0.05055117607116699,20666.0,0.7587329149246216,407,1
StandardGSGP,c924b159-059f-11f0-80d9-54a95b9ec813,gina,2,78,0.7781693935394287,0.038648366928100586,20894.0,0.7587329149246216,407,1
StandardGSGP,c924b159-059f-11f0-80d9-54a95b9ec813,gina,2,79,0.7781693935394287,0.05080294609069824,21112.0,0.7587329149246216,407,1
StandardGSGP,c924b159-059f-11f0-80d9-54a95b9ec813,gina,2,80,0.7781693935394287,0.04593348503112793,21280.0,0.7587329149246216,407,1
StandardGSGP,c924b159-059f-11f0-80d9-54a95b9ec813,gina,2,81,0.7805876731872559,0.041143178939819336,21414.0,0.7585719227790833,425,1
StandardGSGP,c924b159-059f-11f0-80d9-54a95b9ec813,gina,2,82,0.7805876731872559,0.04714322090148926,21642.0,0.7585719227790833,425,1
StandardGSGP,c924b159-059f-11f0-80d9-54a95b9ec813,gina,2,83,0.7820777893066406,0.04213666915893555,21988.0,0.7569982409477234,437,1
StandardGSGP,c924b159-059f-11f0-80d9-54a95b9ec813,gina,2,84,0.7820802927017212,0.0504305362701416,22266.0,0.7569982409477234,443,1
StandardGSGP,c924b159-059f-11f0-80d9-54a95b9ec813,gina,2,85,0.7820802927017212,0.04296422004699707,22628.0,0.7569982409477234,443,1
StandardGSGP,c924b159-059f-11f0-80d9-54a95b9ec813,gina,2,86,0.7821590900421143,0.046096086502075195,22892.0,0.7561486959457397,449,1
StandardGSGP,c924b159-059f-11f0-80d9-54a95b9ec813,gina,2,87,0.7821590900421143,0.04763150215148926,23148.0,0.7561486959457397,449,1
StandardGSGP,c924b159-059f-11f0-80d9-54a95b9ec813,gina,2,88,0.7833427786827087,0.04834914207458496,23360.0,0.7585049271583557,461,1
StandardGSGP,c924b159-059f-11f0-80d9-54a95b9ec813,gina,2,89,0.7833452224731445,0.04538154602050781,23588.0,0.7585049271583557,467,1
StandardGSGP,c924b159-059f-11f0-80d9-54a95b9ec813,gina,2,90,0.7833452224731445,0.04542422294616699,23676.0,0.7585049271583557,467,1
StandardGSGP,c924b159-059f-11f0-80d9-54a95b9ec813,gina,2,91,0.7833452224731445,0.03756403923034668,23880.0,0.7585049271583557,467,1
StandardGSGP,c924b159-059f-11f0-80d9-54a95b9ec813,gina,2,92,0.7833452224731445,0.044802188873291016,24072.0,0.7585049271583557,467,1
StandardGSGP,c924b159-059f-11f0-80d9-54a95b9ec813,gina,2,93,0.7837995290756226,0.047852516174316406,24348.0,0.7664408087730408,485,1
StandardGSGP,c924b159-059f-11f0-80d9-54a95b9ec813,gina,2,94,0.7837995290756226,0.05565357208251953,24598.0,0.7664408087730408,485,1
StandardGSGP,c924b159-059f-11f0-80d9-54a95b9ec813,gina,2,95,0.7841683626174927,0.0445866584777832,24772.0,0.7593990564346313,491,1
StandardGSGP,c924b159-059f-11f0-80d9-54a95b9ec813,gina,2,96,0.7845117449760437,0.04583287239074707,25010.0,0.7604721784591675,497,1
StandardGSGP,c924b159-059f-11f0-80d9-54a95b9ec813,gina,2,97,0.7845117449760437,0.04997110366821289,25288.0,0.7604721784591675,497,1
StandardGSGP,c924b159-059f-11f0-80d9-54a95b9ec813,gina,2,98,0.7845117449760437,0.046674489974975586,25496.0,0.7604721784591675,497,1
StandardGSGP,c924b159-059f-11f0-80d9-54a95b9ec813,gina,2,99,0.7845117449760437,0.03285670280456543,25722.0,0.7604721784591675,497,1
StandardGSGP,c924b159-059f-11f0-80d9-54a95b9ec813,gina,2,100,0.7845692038536072,0.057878732681274414,25924.0,0.7640892267227173,503,1
StandardGSGP,c924b159-059f-11f0-80d9-54a95b9ec813,gina,2,101,0.7848238348960876,0.04240107536315918,25986.0,0.7601770758628845,509,1
StandardGSGP,c924b159-059f-11f0-80d9-54a95b9ec813,gina,2,102,0.7848238348960876,0.046877145767211914,26130.0,0.7601770758628845,509,1
StandardGSGP,c924b159-059f-11f0-80d9-54a95b9ec813,gina,2,103,0.7848304510116577,0.04762840270996094,26406.0,0.7601948976516724,515,1
StandardGSGP,c924b159-059f-11f0-80d9-54a95b9ec813,gina,2,104,0.7848312854766846,0.041562795639038086,26566.0,0.7620861530303955,531,1
StandardGSGP,c924b159-059f-11f0-80d9-54a95b9ec813,gina,2,105,0.7849446535110474,0.06597638130187988,26784.0,0.7609549760818481,545,1
StandardGSGP,c924b159-059f-11f0-80d9-54a95b9ec813,gina,2,106,0.7849446535110474,0.04774045944213867,27066.0,0.7609549760818481,545,1
StandardGSGP,c924b159-059f-11f0-80d9-54a95b9ec813,gina,2,107,0.7850348949432373,0.047119855880737305,27434.0,0.7643887400627136,539,1
StandardGSGP,c924b159-059f-11f0-80d9-54a95b9ec813,gina,2,108,0.7854867577552795,0.03270220756530762,27642.0,0.7641249895095825,551,1
StandardGSGP,c924b159-059f-11f0-80d9-54a95b9ec813,gina,2,109,0.7854965925216675,0.03286385536193848,27846.0,0.7653990983963013,557,1
StandardGSGP,c924b159-059f-11f0-80d9-54a95b9ec813,gina,2,110,0.7855360507965088,0.05693674087524414,28110.0,0.763691246509552,557,1
StandardGSGP,c924b159-059f-11f0-80d9-54a95b9ec813,gina,2,111,0.7855360507965088,0.050763845443725586,28322.0,0.763691246509552,557,1
StandardGSGP,c924b159-059f-11f0-80d9-54a95b9ec813,gina,2,112,0.7863664627075195,0.04303765296936035,28512.0,0.7604274153709412,569,1
StandardGSGP,c924b159-059f-11f0-80d9-54a95b9ec813,gina,2,113,0.7863664627075195,0.04749107360839844,28804.0,0.7604274153709412,569,1
StandardGSGP,c924b159-059f-11f0-80d9-54a95b9ec813,gina,2,114,0.7863664627075195,0.05689859390258789,29012.0,0.7604274153709412,569,1
StandardGSGP,c924b159-059f-11f0-80d9-54a95b9ec813,gina,2,115,0.7863664627075195,0.06705832481384277,29290.0,0.7604274153709412,569,1
StandardGSGP,c924b159-059f-11f0-80d9-54a95b9ec813,gina,2,116,0.7863664627075195,0.04268789291381836,29588.0,0.7604274153709412,569,1
StandardGSGP,c924b159-059f-11f0-80d9-54a95b9ec813,gina,2,117,0.7863664627075195,0.05097699165344238,29802.0,0.7604274153709412,569,1
StandardGSGP,c924b159-059f-11f0-80d9-54a95b9ec813,gina,2,118,0.7863664627075195,0.05162549018859863,29924.0,0.7604274153709412,569,1
StandardGSGP,c924b159-059f-11f0-80d9-54a95b9ec813,gina,2,119,0.7863664627075195,0.048325538635253906,30070.0,0.7604274153709412,569,1
StandardGSGP,c924b159-059f-11f0-80d9-54a95b9ec813,gina,2,120,0.7864750027656555,0.05253911018371582,30200.0,0.758692741394043,587,1
StandardGSGP,c924b159-059f-11f0-80d9-54a95b9ec813,gina,2,121,0.7864750027656555,0.050049543380737305,30504.0,0.758692741394043,587,1
StandardGSGP,c924b159-059f-11f0-80d9-54a95b9ec813,gina,2,122,0.7864750027656555,0.05108451843261719,30858.0,0.758692741394043,587,1
StandardGSGP,c924b159-059f-11f0-80d9-54a95b9ec813,gina,2,123,0.7866277098655701,0.04833197593688965,31100.0,0.758536159992218,599,1
StandardGSGP,c924b159-059f-11f0-80d9-54a95b9ec813,gina,2,124,0.7866277098655701,0.05290031433105469,31306.0,0.758536159992218,599,1
StandardGSGP,c924b159-059f-11f0-80d9-54a95b9ec813,gina,2,125,0.7866277098655701,0.04712200164794922,31372.0,0.758536159992218,599,1
StandardGSGP,c924b159-059f-11f0-80d9-54a95b9ec813,gina,2,126,0.7866277098655701,0.045949697494506836,31848.0,0.758536159992218,599,1
StandardGSGP,c924b159-059f-11f0-80d9-54a95b9ec813,gina,2,127,0.7866277098655701,0.03576302528381348,32314.0,0.758536159992218,599,1
StandardGSGP,c924b159-059f-11f0-80d9-54a95b9ec813,gina,2,128,0.7866277098655701,0.04634714126586914,32124.0,0.758536159992218,599,1
StandardGSGP,c924b159-059f-11f0-80d9-54a95b9ec813,gina,2,129,0.7866277098655701,0.05079007148742676,32156.0,0.758536159992218,599,1
StandardGSGP,c924b159-059f-11f0-80d9-54a95b9ec813,gina,2,130,0.7867361307144165,0.0550684928894043,32256.0,0.7585943341255188,605,1
StandardGSGP,c924b159-059f-11f0-80d9-54a95b9ec813,gina,2,131,0.7867361307144165,0.05514931678771973,32192.0,0.7585943341255188,605,1
StandardGSGP,c924b159-059f-11f0-80d9-54a95b9ec813,gina,2,132,0.7870680689811707,0.05346250534057617,32262.0,0.7580175399780273,629,1
StandardGSGP,c924b159-059f-11f0-80d9-54a95b9ec813,gina,2,133,0.7870680689811707,0.05612921714782715,32006.0,0.7580175399780273,629,1
StandardGSGP,c924b159-059f-11f0-80d9-54a95b9ec813,gina,2,134,0.7870680689811707,0.0486752986907959,32380.0,0.7580175399780273,629,1
StandardGSGP,c924b159-059f-11f0-80d9-54a95b9ec813,gina,2,135,0.7870680689811707,0.048712730407714844,32262.0,0.7580175399780273,629,1
StandardGSGP,c924b159-059f-11f0-80d9-54a95b9ec813,gina,2,136,0.7870680689811707,0.037476539611816406,32494.0,0.7580175399780273,629,1
StandardGSGP,c924b159-059f-11f0-80d9-54a95b9ec813,gina,2,137,0.7870680689811707,0.0578463077545166,32740.0,0.7580175399780273,629,1
StandardGSGP,c924b159-059f-11f0-80d9-54a95b9ec813,gina,2,138,0.7870680689811707,0.05210685729980469,32964.0,0.7580175399780273,629,1
StandardGSGP,c924b159-059f-11f0-80d9-54a95b9ec813,gina,2,139,0.7870680689811707,0.046869754791259766,32788.0,0.7580175399780273,629,1
StandardGSGP,c924b159-059f-11f0-80d9-54a95b9ec813,gina,2,140,0.7870680689811707,0.04677414894104004,32906.0,0.7580175399780273,629,1
StandardGSGP,c924b159-059f-11f0-80d9-54a95b9ec813,gina,2,141,0.7870680689811707,0.04120063781738281,33074.0,0.7580175399780273,629,1
StandardGSGP,c924b159-059f-11f0-80d9-54a95b9ec813,gina,2,142,0.7870680689811707,0.05113649368286133,33282.0,0.7580175399780273,629,1
StandardGSGP,c924b159-059f-11f0-80d9-54a95b9ec813,gina,2,143,0.7870680689811707,0.0641322135925293,33564.0,0.7580175399780273,629,1
StandardGSGP,c924b159-059f-11f0-80d9-54a95b9ec813,gina,2,144,0.7870680689811707,0.05021166801452637,33694.0,0.7580175399780273,629,1
StandardGSGP,c924b159-059f-11f0-80d9-54a95b9ec813,gina,2,145,0.7875937819480896,0.0510401725769043,34064.0,0.7622113227844238,653,1
StandardGSGP,c924b159-059f-11f0-80d9-54a95b9ec813,gina,2,146,0.7875978946685791,0.046906232833862305,34158.0,0.7647597789764404,701,1
StandardGSGP,c924b159-059f-11f0-80d9-54a95b9ec813,gina,2,147,0.7875978946685791,0.04697251319885254,34600.0,0.7647597789764404,701,1
StandardGSGP,c924b159-059f-11f0-80d9-54a95b9ec813,gina,2,148,0.7877671122550964,0.0555570125579834,34782.0,0.7629714012145996,671,1
StandardGSGP,c924b159-059f-11f0-80d9-54a95b9ec813,gina,2,149,0.7877671122550964,0.046875953674316406,35154.0,0.7629714012145996,671,1
StandardGSGP,c924b159-059f-11f0-80d9-54a95b9ec813,gina,2,150,0.7880110740661621,0.037853240966796875,35324.0,0.762636125087738,677,1
StandardGSGP,c924b159-059f-11f0-80d9-54a95b9ec813,gina,2,151,0.7880110740661621,0.0507657527923584,35524.0,0.762636125087738,677,1
StandardGSGP,c924b159-059f-11f0-80d9-54a95b9ec813,gina,2,152,0.7880447506904602,0.05153489112854004,35486.0,0.7626674175262451,683,1
StandardGSGP,c924b159-059f-11f0-80d9-54a95b9ec813,gina,2,153,0.7880447506904602,0.04803061485290527,35752.0,0.7626674175262451,683,1
StandardGSGP,c924b159-059f-11f0-80d9-54a95b9ec813,gina,2,154,0.7880447506904602,0.04936861991882324,35814.0,0.7626674175262451,683,1
StandardGSGP,c924b159-059f-11f0-80d9-54a95b9ec813,gina,2,155,0.7880447506904602,0.04972553253173828,36090.0,0.7626674175262451,683,1
StandardGSGP,c924b159-059f-11f0-80d9-54a95b9ec813,gina,2,156,0.7880447506904602,0.04874563217163086,36650.0,0.7626674175262451,683,1
StandardGSGP,c924b159-059f-11f0-80d9-54a95b9ec813,gina,2,157,0.7882229685783386,0.051441192626953125,37038.0,0.7599401473999023,769,1
StandardGSGP,c924b159-059f-11f0-80d9-54a95b9ec813,gina,2,158,0.7885794639587402,0.06519532203674316,37160.0,0.764133870601654,731,1
StandardGSGP,c924b159-059f-11f0-80d9-54a95b9ec813,gina,2,159,0.7885794639587402,0.05322885513305664,36820.0,0.764133870601654,731,1
StandardGSGP,c924b159-059f-11f0-80d9-54a95b9ec813,gina,2,160,0.7895693778991699,0.05872797966003418,37310.0,0.7649431228637695,743,1
StandardGSGP,c924b159-059f-11f0-80d9-54a95b9ec813,gina,2,161,0.7895693778991699,0.05257058143615723,37458.0,0.7649431228637695,743,1
StandardGSGP,c924b159-059f-11f0-80d9-54a95b9ec813,gina,2,162,0.7895693778991699,0.041558027267456055,37814.0,0.7649431228637695,743,1
StandardGSGP,c924b159-059f-11f0-80d9-54a95b9ec813,gina,2,163,0.7896785140037537,0.05292630195617676,38188.0,0.7646212577819824,749,1
StandardGSGP,c924b159-059f-11f0-80d9-54a95b9ec813,gina,2,164,0.7896785140037537,0.0471189022064209,38468.0,0.7646212577819824,749,1
StandardGSGP,c924b159-059f-11f0-80d9-54a95b9ec813,gina,2,165,0.7896785140037537,0.033231258392333984,38426.0,0.7646212577819824,749,1
StandardGSGP,c924b159-059f-11f0-80d9-54a95b9ec813,gina,2,166,0.7896785140037537,0.0594179630279541,38500.0,0.7646212577819824,749,1
StandardGSGP,c924b159-059f-11f0-80d9-54a95b9ec813,gina,2,167,0.7896785140037537,0.039526939392089844,38590.0,0.7646212577819824,749,1
StandardGSGP,c924b159-059f-11f0-80d9-54a95b9ec813,gina,2,168,0.7897919416427612,0.05298614501953125,38602.0,0.765188992023468,761,1
StandardGSGP,c924b159-059f-11f0-80d9-54a95b9ec813,gina,2,169,0.7897919416427612,0.047997474670410156,38696.0,0.765188992023468,761,1
StandardGSGP,c924b159-059f-11f0-80d9-54a95b9ec813,gina,2,170,0.7898075580596924,0.04697370529174805,38848.0,0.7652918696403503,767,1
StandardGSGP,c924b159-059f-11f0-80d9-54a95b9ec813,gina,2,171,0.789810836315155,0.05676579475402832,39078.0,0.7654528617858887,779,1
StandardGSGP,c924b159-059f-11f0-80d9-54a95b9ec813,gina,2,172,0.7900547385215759,0.0504910945892334,39054.0,0.7638790011405945,779,1
StandardGSGP,c924b159-059f-11f0-80d9-54a95b9ec813,gina,2,173,0.7909313440322876,0.036463022232055664,39298.0,0.7650817036628723,785,1
StandardGSGP,c924b159-059f-11f0-80d9-54a95b9ec813,gina,2,174,0.7909313440322876,0.055483341217041016,39574.0,0.7650817036628723,785,1
StandardGSGP,c924b159-059f-11f0-80d9-54a95b9ec813,gina,2,175,0.7909313440322876,0.04681658744812012,39838.0,0.7650817036628723,785,1
StandardGSGP,c924b159-059f-11f0-80d9-54a95b9ec813,gina,2,176,0.7909313440322876,0.03630256652832031,40084.0,0.7650817036628723,785,1
StandardGSGP,c924b159-059f-11f0-80d9-54a95b9ec813,gina,2,177,0.7909313440322876,0.04877972602844238,40362.0,0.7650817036628723,785,1
StandardGSGP,c924b159-059f-11f0-80d9-54a95b9ec813,gina,2,178,0.7909313440322876,0.04730033874511719,40710.0,0.7650817036628723,785,1
StandardGSGP,c924b159-059f-11f0-80d9-54a95b9ec813,gina,2,179,0.7909337878227234,0.037627220153808594,40868.0,0.7650772929191589,791,1
StandardGSGP,c924b159-059f-11f0-80d9-54a95b9ec813,gina,2,180,0.7909337878227234,0.04868745803833008,41054.0,0.7650772929191589,791,1
StandardGSGP,c924b159-059f-11f0-80d9-54a95b9ec813,gina,2,181,0.7909337878227234,0.051085472106933594,41220.0,0.7650772929191589,791,1
StandardGSGP,c924b159-059f-11f0-80d9-54a95b9ec813,gina,2,182,0.7909337878227234,0.03369140625,41268.0,0.7650772929191589,791,1
StandardGSGP,c924b159-059f-11f0-80d9-54a95b9ec813,gina,2,183,0.7909337878227234,0.05903053283691406,41554.0,0.7650772929191589,791,1
StandardGSGP,c924b159-059f-11f0-80d9-54a95b9ec813,gina,2,184,0.7909337878227234,0.04544663429260254,41468.0,0.7650772929191589,791,1
StandardGSGP,c924b159-059f-11f0-80d9-54a95b9ec813,gina,2,185,0.7909337878227234,0.04653811454772949,41730.0,0.7650772929191589,791,1
StandardGSGP,c924b159-059f-11f0-80d9-54a95b9ec813,gina,2,186,0.7909337878227234,0.035752296447753906,41900.0,0.7650772929191589,791,1
StandardGSGP,c924b159-059f-11f0-80d9-54a95b9ec813,gina,2,187,0.7909337878227234,0.03348064422607422,42192.0,0.7650772929191589,791,1
StandardGSGP,c924b159-059f-11f0-80d9-54a95b9ec813,gina,2,188,0.7910109162330627,0.04676079750061035,42032.0,0.7662307024002075,803,1
StandardGSGP,c924b159-059f-11f0-80d9-54a95b9ec813,gina,2,189,0.7910109162330627,0.034029483795166016,42162.0,0.7662307024002075,803,1
StandardGSGP,c924b159-059f-11f0-80d9-54a95b9ec813,gina,2,190,0.7910109162330627,0.06069183349609375,42112.0,0.7662307024002075,803,1
StandardGSGP,c924b159-059f-11f0-80d9-54a95b9ec813,gina,2,191,0.7911941409111023,0.038356781005859375,42256.0,0.7644423246383667,815,1
StandardGSGP,c924b159-059f-11f0-80d9-54a95b9ec813,gina,2,192,0.7911941409111023,0.0491185188293457,42544.0,0.7644423246383667,815,1
StandardGSGP,c924b159-059f-11f0-80d9-54a95b9ec813,gina,2,193,0.7911941409111023,0.051117897033691406,42996.0,0.7644423246383667,815,1
StandardGSGP,c924b159-059f-11f0-80d9-54a95b9ec813,gina,2,194,0.7911941409111023,0.033058881759643555,42784.0,0.7644423246383667,815,1
StandardGSGP,c924b159-059f-11f0-80d9-54a95b9ec813,gina,2,195,0.791228711605072,0.0594019889831543,43162.0,0.765367865562439,827,1
StandardGSGP,c924b159-059f-11f0-80d9-54a95b9ec813,gina,2,196,0.7912368774414062,0.05002450942993164,43348.0,0.7652963399887085,833,1
StandardGSGP,c924b159-059f-11f0-80d9-54a95b9ec813,gina,2,197,0.7917066812515259,0.051358699798583984,43860.0,0.7662217617034912,827,1
StandardGSGP,c924b159-059f-11f0-80d9-54a95b9ec813,gina,2,198,0.7917066812515259,0.04932999610900879,44286.0,0.7662217617034912,827,1
StandardGSGP,c924b159-059f-11f0-80d9-54a95b9ec813,gina,2,199,0.7917066812515259,0.039695024490356445,44658.0,0.7662217617034912,827,1
StandardGSGP,c924b159-059f-11f0-80d9-54a95b9ec813,gina,2,200,0.7917066812515259,0.04015922546386719,44448.0,0.7662217617034912,827,1
StandardGSGP,cf0a5851-059f-11f0-9168-54a95b9ec813,gina,3,0,0.6035584807395935,0.11000466346740723,670.0,0.5674692392349243,7,1
StandardGSGP,cf0a5851-059f-11f0-9168-54a95b9ec813,gina,3,1,0.6572989225387573,0.05069613456726074,1056.0,0.6062191724777222,9,1
StandardGSGP,cf0a5851-059f-11f0-9168-54a95b9ec813,gina,3,2,0.6775910258293152,0.04290366172790527,1178.0,0.651434063911438,15,1
StandardGSGP,cf0a5851-059f-11f0-9168-54a95b9ec813,gina,3,3,0.7066627144813538,0.03790545463562012,1256.0,0.6815818548202515,21,1
StandardGSGP,cf0a5851-059f-11f0-9168-54a95b9ec813,gina,3,4,0.7066627144813538,0.12256765365600586,1498.0,0.6815818548202515,21,1
StandardGSGP,cf0a5851-059f-11f0-9168-54a95b9ec813,gina,3,5,0.7455046772956848,0.04869246482849121,1794.0,0.7159367799758911,33,1
StandardGSGP,cf0a5851-059f-11f0-9168-54a95b9ec813,gina,3,6,0.7455046772956848,0.037239789962768555,1952.0,0.7159367799758911,33,1
StandardGSGP,cf0a5851-059f-11f0-9168-54a95b9ec813,gina,3,7,0.7455046772956848,0.051189422607421875,2190.0,0.7159367799758911,33,1
StandardGSGP,cf0a5851-059f-11f0-9168-54a95b9ec813,gina,3,8,0.752446711063385,0.061745643615722656,2414.0,0.7242304086685181,45,1
StandardGSGP,cf0a5851-059f-11f0-9168-54a95b9ec813,gina,3,9,0.7528541088104248,0.04901528358459473,2610.0,0.7208817601203918,39,1
StandardGSGP,cf0a5851-059f-11f0-9168-54a95b9ec813,gina,3,10,0.8038829565048218,0.04634547233581543,2800.0,0.772110104560852,57,1
StandardGSGP,cf0a5851-059f-11f0-9168-54a95b9ec813,gina,3,11,0.8038829565048218,0.04648303985595703,2960.0,0.772110104560852,57,1
StandardGSGP,cf0a5851-059f-11f0-9168-54a95b9ec813,gina,3,12,0.8038829565048218,0.03287100791931152,3198.0,0.772110104560852,57,1
StandardGSGP,cf0a5851-059f-11f0-9168-54a95b9ec813,gina,3,13,0.8038829565048218,0.059656381607055664,3444.0,0.772110104560852,57,1
StandardGSGP,cf0a5851-059f-11f0-9168-54a95b9ec813,gina,3,14,0.804240345954895,0.03924083709716797,3648.0,0.7726466059684753,63,1
StandardGSGP,cf0a5851-059f-11f0-9168-54a95b9ec813,gina,3,15,0.8087950944900513,0.04956936836242676,3868.0,0.7741622924804688,75,1
StandardGSGP,cf0a5851-059f-11f0-9168-54a95b9ec813,gina,3,16,0.8138248920440674,0.05031633377075195,4094.0,0.7792457342147827,81,1
StandardGSGP,cf0a5851-059f-11f0-9168-54a95b9ec813,gina,3,17,0.8322120904922485,0.046627044677734375,4354.0,0.7815840840339661,87,1
StandardGSGP,cf0a5851-059f-11f0-9168-54a95b9ec813,gina,3,18,0.8322120904922485,0.04944133758544922,4636.0,0.7815840840339661,87,1
StandardGSGP,cf0a5851-059f-11f0-9168-54a95b9ec813,gina,3,19,0.8322120904922485,0.047853708267211914,4956.0,0.7815840840339661,87,1
StandardGSGP,cf0a5851-059f-11f0-9168-54a95b9ec813,gina,3,20,0.8360769748687744,0.05788469314575195,5262.0,0.782755434513092,99,1
StandardGSGP,cf0a5851-059f-11f0-9168-54a95b9ec813,gina,3,21,0.8400864005088806,0.05406451225280762,5496.0,0.7899761199951172,105,1
StandardGSGP,cf0a5851-059f-11f0-9168-54a95b9ec813,gina,3,22,0.8402219414710999,0.051428794860839844,5700.0,0.7899715900421143,99,1
StandardGSGP,cf0a5851-059f-11f0-9168-54a95b9ec813,gina,3,23,0.8402219414710999,0.04942917823791504,5928.0,0.7899715900421143,99,1
StandardGSGP,cf0a5851-059f-11f0-9168-54a95b9ec813,gina,3,24,0.8407624959945679,0.039765119552612305,5958.0,0.7880579829216003,111,1
StandardGSGP,cf0a5851-059f-11f0-9168-54a95b9ec813,gina,3,25,0.8407624959945679,0.049028873443603516,6088.0,0.7880579829216003,111,1
StandardGSGP,cf0a5851-059f-11f0-9168-54a95b9ec813,gina,3,26,0.8499830961227417,0.05037641525268555,6296.0,0.8132340312004089,129,1
StandardGSGP,cf0a5851-059f-11f0-9168-54a95b9ec813,gina,3,27,0.8511307239532471,0.05796027183532715,6522.0,0.8150627017021179,135,1
StandardGSGP,cf0a5851-059f-11f0-9168-54a95b9ec813,gina,3,28,0.8511307239532471,0.041777610778808594,6784.0,0.8150627017021179,135,1
StandardGSGP,cf0a5851-059f-11f0-9168-54a95b9ec813,gina,3,29,0.8552823662757874,0.05557680130004883,7048.0,0.8243399858474731,147,1
StandardGSGP,cf0a5851-059f-11f0-9168-54a95b9ec813,gina,3,30,0.855553388595581,0.04782557487487793,7296.0,0.82474684715271,153,1
StandardGSGP,cf0a5851-059f-11f0-9168-54a95b9ec813,gina,3,31,0.855553388595581,0.031996965408325195,7620.0,0.82474684715271,153,1
StandardGSGP,cf0a5851-059f-11f0-9168-54a95b9ec813,gina,3,32,0.8642451167106628,0.04017329216003418,8036.0,0.836197018623352,165,1
StandardGSGP,cf0a5851-059f-11f0-9168-54a95b9ec813,gina,3,33,0.8642451167106628,0.046985626220703125,8428.0,0.836197018623352,165,1
StandardGSGP,cf0a5851-059f-11f0-9168-54a95b9ec813,gina,3,34,0.864788830280304,0.06578350067138672,8718.0,0.8364294767379761,177,1
StandardGSGP,cf0a5851-059f-11f0-9168-54a95b9ec813,gina,3,35,0.866061270236969,0.05193066596984863,9026.0,0.8392283320426941,177,1
StandardGSGP,cf0a5851-059f-11f0-9168-54a95b9ec813,gina,3,36,0.866061270236969,0.04938340187072754,9274.0,0.8392283320426941,177,1
StandardGSGP,cf0a5851-059f-11f0-9168-54a95b9ec813,gina,3,37,0.8683317303657532,0.04714632034301758,9532.0,0.8466187715530396,195,1
StandardGSGP,cf0a5851-059f-11f0-9168-54a95b9ec813,gina,3,38,0.869341254234314,0.03711962699890137,9770.0,0.8469094634056091,201,1
StandardGSGP,cf0a5851-059f-11f0-9168-54a95b9ec813,gina,3,39,0.8711822032928467,0.06533575057983398,10074.0,0.8418572545051575,201,1
StandardGSGP,cf0a5851-059f-11f0-9168-54a95b9ec813,gina,3,40,0.8713152408599854,0.05812716484069824,10382.0,0.8499944806098938,207,1
StandardGSGP,cf0a5851-059f-11f0-9168-54a95b9ec813,gina,3,41,0.8724136352539062,0.05300426483154297,10628.0,0.8477187156677246,213,1
StandardGSGP,cf0a5851-059f-11f0-9168-54a95b9ec813,gina,3,42,0.8743693828582764,0.05614948272705078,10946.0,0.8519840240478516,213,1
StandardGSGP,cf0a5851-059f-11f0-9168-54a95b9ec813,gina,3,43,0.8747167587280273,0.04765892028808594,11228.0,0.8520466089248657,219,1
StandardGSGP,cf0a5851-059f-11f0-9168-54a95b9ec813,gina,3,44,0.8757855892181396,0.04812002182006836,11522.0,0.8528960943222046,231,1
StandardGSGP,cf0a5851-059f-11f0-9168-54a95b9ec813,gina,3,45,0.8757855892181396,0.05647158622741699,11688.0,0.8528960943222046,231,1
StandardGSGP,cf0a5851-059f-11f0-9168-54a95b9ec813,gina,3,46,0.8762545585632324,0.05041337013244629,11910.0,0.8536561131477356,243,1
StandardGSGP,cf0a5851-059f-11f0-9168-54a95b9ec813,gina,3,47,0.8766735196113586,0.04981255531311035,12126.0,0.8543983101844788,237,1
StandardGSGP,cf0a5851-059f-11f0-9168-54a95b9ec813,gina,3,48,0.8811289668083191,0.05034804344177246,12368.0,0.8610019683837891,243,1
StandardGSGP,cf0a5851-059f-11f0-9168-54a95b9ec813,gina,3,49,0.8811289668083191,0.04969382286071777,12712.0,0.8610019683837891,243,1
StandardGSGP,cf0a5851-059f-11f0-9168-54a95b9ec813,gina,3,50,0.8814313411712646,0.05020332336425781,13032.0,0.8611182570457458,249,1
StandardGSGP,cf0a5851-059f-11f0-9168-54a95b9ec813,gina,3,51,0.8823801875114441,0.04916691780090332,13272.0,0.8606622219085693,255,1
StandardGSGP,cf0a5851-059f-11f0-9168-54a95b9ec813,gina,3,52,0.8823801875114441,0.050701141357421875,13476.0,0.8606622219085693,255,1
StandardGSGP,cf0a5851-059f-11f0-9168-54a95b9ec813,gina,3,53,0.8834660053253174,0.0492405891418457,13758.0,0.8618425726890564,267,1
StandardGSGP,cf0a5851-059f-11f0-9168-54a95b9ec813,gina,3,54,0.8834660053253174,0.051465749740600586,13790.0,0.8618425726890564,267,1
StandardGSGP,cf0a5851-059f-11f0-9168-54a95b9ec813,gina,3,55,0.8834660053253174,0.05451345443725586,14016.0,0.8618425726890564,267,1
StandardGSGP,cf0a5851-059f-11f0-9168-54a95b9ec813,gina,3,56,0.8857669234275818,0.05201363563537598,14236.0,0.8654371500015259,285,1
StandardGSGP,cf0a5851-059f-11f0-9168-54a95b9ec813,gina,3,57,0.8861218094825745,0.05658388137817383,14430.0,0.8659065961837769,291,1
StandardGSGP,cf0a5851-059f-11f0-9168-54a95b9ec813,gina,3,58,0.8881729245185852,0.05414533615112305,14664.0,0.8664298057556152,291,1
StandardGSGP,cf0a5851-059f-11f0-9168-54a95b9ec813,gina,3,59,0.8881729245185852,0.058037757873535156,14940.0,0.8664298057556152,291,1
StandardGSGP,cf0a5851-059f-11f0-9168-54a95b9ec813,gina,3,60,0.8881729245185852,0.061383724212646484,15210.0,0.8664298057556152,291,1
StandardGSGP,cf0a5851-059f-11f0-9168-54a95b9ec813,gina,3,61,0.8882427215576172,0.05164670944213867,15446.0,0.86635822057724,297,1
StandardGSGP,cf0a5851-059f-11f0-9168-54a95b9ec813,gina,3,62,0.889104425907135,0.0469822883605957,15772.0,0.8656562566757202,303,1
StandardGSGP,cf0a5851-059f-11f0-9168-54a95b9ec813,gina,3,63,0.8891545534133911,0.04687070846557617,16086.0,0.8690899610519409,309,1
StandardGSGP,cf0a5851-059f-11f0-9168-54a95b9ec813,gina,3,64,0.8902059197425842,0.046776533126831055,16158.0,0.8662732839584351,309,1
StandardGSGP,cf0a5851-059f-11f0-9168-54a95b9ec813,gina,3,65,0.8914216756820679,0.05948662757873535,16286.0,0.8657994270324707,321,1
StandardGSGP,cf0a5851-059f-11f0-9168-54a95b9ec813,gina,3,66,0.8918915390968323,0.06305122375488281,16410.0,0.8685756921768188,321,1
StandardGSGP,cf0a5851-059f-11f0-9168-54a95b9ec813,gina,3,67,0.8918915390968323,0.05414724349975586,16682.0,0.8685756921768188,321,1
StandardGSGP,cf0a5851-059f-11f0-9168-54a95b9ec813,gina,3,68,0.8918915390968323,0.046009063720703125,16926.0,0.8685756921768188,321,1
StandardGSGP,cf0a5851-059f-11f0-9168-54a95b9ec813,gina,3,69,0.8918915390968323,0.05024433135986328,17190.0,0.8685756921768188,321,1
StandardGSGP,cf0a5851-059f-11f0-9168-54a95b9ec813,gina,3,70,0.8918915390968323,0.05011129379272461,17424.0,0.8685756921768188,321,1
StandardGSGP,cf0a5851-059f-11f0-9168-54a95b9ec813,gina,3,71,0.8919548392295837,0.04971885681152344,17448.0,0.8687054514884949,327,1
StandardGSGP,cf0a5851-059f-11f0-9168-54a95b9ec813,gina,3,72,0.8944750428199768,0.054392337799072266,17552.0,0.8729528784751892,333,1
StandardGSGP,cf0a5851-059f-11f0-9168-54a95b9ec813,gina,3,73,0.8947099447250366,0.047957420349121094,17698.0,0.8712316155433655,363,1
StandardGSGP,cf0a5851-059f-11f0-9168-54a95b9ec813,gina,3,74,0.8947099447250366,0.06400012969970703,17954.0,0.8712316155433655,363,1
StandardGSGP,cf0a5851-059f-11f0-9168-54a95b9ec813,gina,3,75,0.8968358635902405,0.0593109130859375,18160.0,0.8723761439323425,369,1
StandardGSGP,cf0a5851-059f-11f0-9168-54a95b9ec813,gina,3,76,0.8968358635902405,0.040233612060546875,18414.0,0.8723761439323425,369,1
StandardGSGP,cf0a5851-059f-11f0-9168-54a95b9ec813,gina,3,77,0.8968358635902405,0.05242609977722168,18712.0,0.8723761439323425,369,1
StandardGSGP,cf0a5851-059f-11f0-9168-54a95b9ec813,gina,3,78,0.899713397026062,0.04696989059448242,18938.0,0.8706949949264526,375,1
StandardGSGP,cf0a5851-059f-11f0-9168-54a95b9ec813,gina,3,79,0.8998825550079346,0.0469822883605957,19334.0,0.8714953660964966,381,1
StandardGSGP,cf0a5851-059f-11f0-9168-54a95b9ec813,gina,3,80,0.9005438089370728,0.0545651912689209,19530.0,0.8708783388137817,381,1
StandardGSGP,cf0a5851-059f-11f0-9168-54a95b9ec813,gina,3,81,0.9005438089370728,0.04988431930541992,19834.0,0.8708783388137817,381,1
StandardGSGP,cf0a5851-059f-11f0-9168-54a95b9ec813,gina,3,82,0.9005438089370728,0.05004477500915527,20000.0,0.8708783388137817,381,1
StandardGSGP,cf0a5851-059f-11f0-9168-54a95b9ec813,gina,3,83,0.9018712639808655,0.051927804946899414,20210.0,0.8723715543746948,405,1
StandardGSGP,cf0a5851-059f-11f0-9168-54a95b9ec813,gina,3,84,0.9018712639808655,0.06382226943969727,20322.0,0.8723715543746948,405,1
