StandardGSGP,303ce58a-027a-11f0-8a28-089df4bf3532,kc,1,0,0.3211382031440735,0.0,12.0,0.3238546550273895,3,1
StandardGSGP,303ce58a-027a-11f0-8a28-089df4bf3532,kc,1,1,0.3211382031440735,0.0010004043579101562,30.0,0.3238546550273895,3,1
StandardGSGP,303ce58a-027a-11f0-8a28-089df4bf3532,kc,1,2,0.3211382031440735,0.0020017623901367188,50.0,0.3238546550273895,3,1
StandardGSGP,303ce58a-027a-11f0-8a28-089df4bf3532,kc,1,3,0.3211382031440735,0.0010004043579101562,58.0,0.3238546550273895,3,1
StandardGSGP,303ce58a-027a-11f0-8a28-089df4bf3532,kc,1,4,0.32181572914123535,0.0010027885437011719,36.0,0.3270142078399658,15,1
StandardGSGP,303ce58a-027a-11f0-8a28-089df4bf3532,kc,1,5,0.3441734313964844,0.000980377197265625,66.0,0.3428120017051697,21,1
StandardGSGP,303ce58a-027a-11f0-8a28-089df4bf3532,kc,1,6,0.3462059497833252,0.0010023117065429688,96.0,0.3428120017051697,27,1
StandardGSGP,303ce58a-027a-11f0-8a28-089df4bf3532,kc,1,7,0.5081300735473633,0.0019996166229248047,128.0,0.519747257232666,33,1
StandardGSGP,303ce58a-027a-11f0-8a28-089df4bf3532,kc,1,8,0.5135501623153687,0.0009806156158447266,138.0,0.5260663628578186,39,1
StandardGSGP,303ce58a-027a-11f0-8a28-089df4bf3532,kc,1,9,0.5182926654815674,0.0009336471557617188,162.0,0.5323854684829712,39,1
StandardGSGP,303ce58a-027a-11f0-8a28-089df4bf3532,kc,1,10,0.5182926654815674,0.0,174.0,0.5323854684829712,39,1
StandardGSGP,303f548d-027a-11f0-9381-089df4bf3532,kc,2,0,0.8495935201644897,0.0,12.0,0.8451817035675049,3,1
StandardGSGP,303f548d-027a-11f0-9381-089df4bf3532,kc,2,1,0.8495935201644897,0.0,30.0,0.8451817035675049,3,1
StandardGSGP,303f548d-027a-11f0-9381-089df4bf3532,kc,2,2,0.8495935201644897,0.0,42.0,0.8451817035675049,3,1
StandardGSGP,303f548d-027a-11f0-9381-089df4bf3532,kc,2,3,0.8495935201644897,0.015022993087768555,36.0,0.8451817035675049,3,1
StandardGSGP,303f548d-027a-11f0-9381-089df4bf3532,kc,2,4,0.8495935201644897,0.0,56.0,0.8451817035675049,3,1
StandardGSGP,303f548d-027a-11f0-9381-089df4bf3532,kc,2,5,0.8495935201644897,0.0,58.0,0.8451817035675049,3,1
StandardGSGP,303f548d-027a-11f0-9381-089df4bf3532,kc,2,6,0.8495935201644897,0.0,74.0,0.8451817035675049,3,1
StandardGSGP,303f548d-027a-11f0-9381-089df4bf3532,kc,2,7,0.8495935201644897,0.0,68.0,0.8451817035675049,3,1
StandardGSGP,303f548d-027a-11f0-9381-089df4bf3532,kc,2,8,0.8495935201644897,0.0,80.0,0.8451817035675049,3,1
StandardGSGP,303f548d-027a-11f0-9381-089df4bf3532,kc,2,9,0.8495935201644897,0.0,68.0,0.8451817035675049,3,1
StandardGSGP,303f548d-027a-11f0-9381-089df4bf3532,kc,2,10,0.8495935201644897,0.0,110.0,0.8451817035675049,3,1
StandardGSGP,3044028c-027a-11f0-bfb2-089df4bf3532,kc,3,0,0.8448509573936462,0.0,12.0,0.8451817035675049,3,1
StandardGSGP,3044028c-027a-11f0-bfb2-089df4bf3532,kc,3,1,0.8455284833908081,0.0,30.0,0.8451817035675049,9,1
StandardGSGP,3044028c-027a-11f0-bfb2-089df4bf3532,kc,3,2,0.8455284833908081,0.0,48.0,0.8451817035675049,9,1
StandardGSGP,3044028c-027a-11f0-bfb2-089df4bf3532,kc,3,3,0.8455284833908081,0.0,66.0,0.8451817035675049,9,1
StandardGSGP,3044028c-027a-11f0-bfb2-089df4bf3532,kc,3,4,0.8455284833908081,0.0,66.0,0.8451817035675049,9,1
StandardGSGP,3044028c-027a-11f0-bfb2-089df4bf3532,kc,3,5,0.8455284833908081,0.0,78.0,0.8451817035675049,9,1
StandardGSGP,3044028c-027a-11f0-bfb2-089df4bf3532,kc,3,6,0.8455284833908081,0.0,84.0,0.8451817035675049,9,1
StandardGSGP,3044028c-027a-11f0-bfb2-089df4bf3532,kc,3,7,0.8455284833908081,0.0,72.0,0.8451817035675049,9,1
StandardGSGP,3044028c-027a-11f0-bfb2-089df4bf3532,kc,3,8,0.8455284833908081,0.0,66.0,0.8451817035675049,9,1
StandardGSGP,3044028c-027a-11f0-bfb2-089df4bf3532,kc,3,9,0.8455284833908081,0.015878677368164062,60.0,0.8451817035675049,9,1
StandardGSGP,3044028c-027a-11f0-bfb2-089df4bf3532,kc,3,10,0.8455284833908081,0.0009784698486328125,72.0,0.8451817035675049,9,1
StandardGSGP,30475a46-027a-11f0-8bd4-089df4bf3532,kc,4,0,0.7764227390289307,0.0010004043579101562,12.0,0.7567140460014343,3,1
StandardGSGP,30475a46-027a-11f0-8bd4-089df4bf3532,kc,4,1,0.7764227390289307,0.0009768009185791016,30.0,0.7567140460014343,3,1
StandardGSGP,30475a46-027a-11f0-8bd4-089df4bf3532,kc,4,2,0.7764227390289307,0.0010042190551757812,36.0,0.7567140460014343,3,1
StandardGSGP,30475a46-027a-11f0-8bd4-089df4bf3532,kc,4,3,0.7764227390289307,0.0019960403442382812,50.0,0.7567140460014343,3,1
StandardGSGP,30475a46-027a-11f0-8bd4-089df4bf3532,kc,4,4,0.7771002650260925,0.0010037422180175781,54.0,0.7567140460014343,21,1
StandardGSGP,30475a46-027a-11f0-8bd4-089df4bf3532,kc,4,5,0.7771002650260925,0.0019767284393310547,84.0,0.7567140460014343,21,1
StandardGSGP,30475a46-027a-11f0-8bd4-089df4bf3532,kc,4,6,0.7771002650260925,0.001001596450805664,114.0,0.7567140460014343,21,1
StandardGSGP,30475a46-027a-11f0-8bd4-089df4bf3532,kc,4,7,0.7771002650260925,0.0009999275207519531,126.0,0.7567140460014343,21,1
StandardGSGP,30475a46-027a-11f0-8bd4-089df4bf3532,kc,4,8,0.7771002650260925,0.0014352798461914062,132.0,0.7567140460014343,21,1
StandardGSGP,30475a46-027a-11f0-8bd4-089df4bf3532,kc,4,9,0.7771002650260925,0.0,126.0,0.7567140460014343,21,1
StandardGSGP,30475a46-027a-11f0-8bd4-089df4bf3532,kc,4,10,0.7771002650260925,0.0,116.0,0.7567140460014343,21,1
StandardGSGP,30498d40-027a-11f0-bf61-089df4bf3532,kc,5,0,0.836720883846283,0.0,12.0,0.8341231942176819,3,1
StandardGSGP,30498d40-027a-11f0-bf61-089df4bf3532,kc,5,1,0.836720883846283,0.0,30.0,0.8341231942176819,3,1
StandardGSGP,30498d40-027a-11f0-bf61-089df4bf3532,kc,5,2,0.836720883846283,0.0,48.0,0.8341231942176819,3,1
StandardGSGP,30498d40-027a-11f0-bf61-089df4bf3532,kc,5,3,0.836720883846283,0.015792369842529297,56.0,0.8341231942176819,3,1
StandardGSGP,30498d40-027a-11f0-bf61-089df4bf3532,kc,5,4,0.836720883846283,0.0020055770874023438,56.0,0.8341231942176819,3,1
StandardGSGP,30498d40-027a-11f0-bf61-089df4bf3532,kc,5,5,0.836720883846283,0.0019989013671875,44.0,0.8341231942176819,3,1
StandardGSGP,30498d40-027a-11f0-bf61-089df4bf3532,kc,5,6,0.836720883846283,0.0010008811950683594,42.0,0.8341231942176819,3,1
StandardGSGP,30498d40-027a-11f0-bf61-089df4bf3532,kc,5,7,0.8373983502388,0.0010004043579101562,60.0,0.8341231942176819,21,1
StandardGSGP,30498d40-027a-11f0-bf61-089df4bf3532,kc,5,8,0.8373983502388,0.002000093460083008,48.0,0.8341231942176819,21,1
StandardGSGP,30498d40-027a-11f0-bf61-089df4bf3532,kc,5,9,0.8373983502388,0.0010008811950683594,90.0,0.8341231942176819,21,1
StandardGSGP,30498d40-027a-11f0-bf61-089df4bf3532,kc,5,10,0.8373983502388,0.001001119613647461,116.0,0.8341231942176819,21,1
StandardGSGP,304e6759-027a-11f0-b985-089df4bf3532,kc,6,0,0.8414633870124817,0.0,12.0,0.8436018824577332,3,1
StandardGSGP,304e6759-027a-11f0-b985-089df4bf3532,kc,6,1,0.8414633870124817,0.0,30.0,0.8436018824577332,3,1
StandardGSGP,304e6759-027a-11f0-b985-089df4bf3532,kc,6,2,0.8414633870124817,0.0,48.0,0.8436018824577332,3,1
StandardGSGP,304e6759-027a-11f0-b985-089df4bf3532,kc,6,3,0.8414633870124817,0.0,54.0,0.8436018824577332,3,1
StandardGSGP,304e6759-027a-11f0-b985-089df4bf3532,kc,6,4,0.8414633870124817,0.0,54.0,0.8436018824577332,3,1
StandardGSGP,304e6759-027a-11f0-b985-089df4bf3532,kc,6,5,0.8414633870124817,0.0,54.0,0.8436018824577332,3,1
StandardGSGP,304e6759-027a-11f0-b985-089df4bf3532,kc,6,6,0.8414633870124817,0.0,44.0,0.8436018824577332,3,1
StandardGSGP,304e6759-027a-11f0-b985-089df4bf3532,kc,6,7,0.8421409130096436,0.0,62.0,0.8436018824577332,21,1
StandardGSGP,304e6759-027a-11f0-b985-089df4bf3532,kc,6,8,0.8421409130096436,0.01563572883605957,80.0,0.8436018824577332,21,1
StandardGSGP,304e6759-027a-11f0-b985-089df4bf3532,kc,6,9,0.8421409130096436,0.0,96.0,0.8436018824577332,21,1
StandardGSGP,304e6759-027a-11f0-b985-089df4bf3532,kc,6,10,0.8421409130096436,0.0,96.0,0.8436018824577332,21,1
StandardGSGP,305103ec-027a-11f0-aa72-089df4bf3532,kc,7,0,0.8455284833908081,0.0,12.0,0.8451817035675049,3,1
StandardGSGP,305103ec-027a-11f0-aa72-089df4bf3532,kc,7,1,0.8455284833908081,0.0,30.0,0.8451817035675049,3,1
StandardGSGP,305103ec-027a-11f0-aa72-089df4bf3532,kc,7,2,0.8455284833908081,0.0,30.0,0.8451817035675049,3,1
StandardGSGP,305103ec-027a-11f0-aa72-089df4bf3532,kc,7,3,0.8455284833908081,0.0,48.0,0.8451817035675049,3,1
StandardGSGP,305103ec-027a-11f0-aa72-089df4bf3532,kc,7,4,0.8455284833908081,0.015653610229492188,66.0,0.8451817035675049,3,1
StandardGSGP,305103ec-027a-11f0-aa72-089df4bf3532,kc,7,5,0.8455284833908081,0.0,84.0,0.8451817035675049,3,1
StandardGSGP,305103ec-027a-11f0-aa72-089df4bf3532,kc,7,6,0.8455284833908081,0.0,102.0,0.8451817035675049,3,1
StandardGSGP,305103ec-027a-11f0-aa72-089df4bf3532,kc,7,7,0.8455284833908081,0.0,90.0,0.8451817035675049,3,1
StandardGSGP,305103ec-027a-11f0-aa72-089df4bf3532,kc,7,8,0.8455284833908081,0.0,72.0,0.8451817035675049,3,1
StandardGSGP,305103ec-027a-11f0-aa72-089df4bf3532,kc,7,9,0.8455284833908081,0.0,92.0,0.8451817035675049,3,1
StandardGSGP,305103ec-027a-11f0-aa72-089df4bf3532,kc,7,10,0.8455284833908081,0.0,174.0,0.8451817035675049,3,1
StandardGSGP,30536763-027a-11f0-80cc-089df4bf3532,kc,8,0,0.8455284833908081,0.015594482421875,14.0,0.8451817035675049,3,1
StandardGSGP,30536763-027a-11f0-80cc-089df4bf3532,kc,8,1,0.8455284833908081,0.0,30.0,0.8451817035675049,3,1
StandardGSGP,30536763-027a-11f0-80cc-089df4bf3532,kc,8,2,0.8455284833908081,0.0,48.0,0.8451817035675049,3,1
StandardGSGP,30536763-027a-11f0-80cc-089df4bf3532,kc,8,3,0.8455284833908081,0.0,66.0,0.8451817035675049,3,1
StandardGSGP,30536763-027a-11f0-80cc-089df4bf3532,kc,8,4,0.8455284833908081,0.0,84.0,0.8451817035675049,3,1
StandardGSGP,30536763-027a-11f0-80cc-089df4bf3532,kc,8,5,0.8455284833908081,0.0,102.0,0.8451817035675049,3,1
StandardGSGP,30536763-027a-11f0-80cc-089df4bf3532,kc,8,6,0.8455284833908081,0.0,92.0,0.8451817035675049,3,1
StandardGSGP,30536763-027a-11f0-80cc-089df4bf3532,kc,8,7,0.8455284833908081,0.0,36.0,0.8451817035675049,3,1
StandardGSGP,30536763-027a-11f0-80cc-089df4bf3532,kc,8,8,0.8455284833908081,0.0,48.0,0.8451817035675049,3,1
StandardGSGP,30536763-027a-11f0-80cc-089df4bf3532,kc,8,9,0.8455284833908081,0.0,54.0,0.8451817035675049,3,1
StandardGSGP,30536763-027a-11f0-80cc-089df4bf3532,kc,8,10,0.8455284833908081,0.0030052661895751953,74.0,0.8451817035675049,3,1
StandardGSGP,3058ca49-027a-11f0-84c6-089df4bf3532,kc,9,0,0.8455284833908081,0.0,12.0,0.8451817035675049,3,1
StandardGSGP,3058ca49-027a-11f0-84c6-089df4bf3532,kc,9,1,0.8455284833908081,0.0,30.0,0.8451817035675049,3,1
StandardGSGP,3058ca49-027a-11f0-84c6-089df4bf3532,kc,9,2,0.8455284833908081,0.0,48.0,0.8451817035675049,3,1
StandardGSGP,3058ca49-027a-11f0-84c6-089df4bf3532,kc,9,3,0.8455284833908081,0.0,44.0,0.8451817035675049,3,1
StandardGSGP,3058ca49-027a-11f0-84c6-089df4bf3532,kc,9,4,0.8455284833908081,0.0,42.0,0.8451817035675049,3,1
StandardGSGP,3058ca49-027a-11f0-84c6-089df4bf3532,kc,9,5,0.8455284833908081,0.0,42.0,0.8451817035675049,3,1
StandardGSGP,3058ca49-027a-11f0-84c6-089df4bf3532,kc,9,6,0.8455284833908081,0.015273571014404297,50.0,0.8451817035675049,3,1
StandardGSGP,3058ca49-027a-11f0-84c6-089df4bf3532,kc,9,7,0.8455284833908081,0.002004861831665039,56.0,0.8451817035675049,3,1
StandardGSGP,3058ca49-027a-11f0-84c6-089df4bf3532,kc,9,8,0.8455284833908081,0.002000093460083008,68.0,0.8451817035675049,3,1
StandardGSGP,3058ca49-027a-11f0-84c6-089df4bf3532,kc,9,9,0.8455284833908081,0.0010008811950683594,86.0,0.8451817035675049,3,1
StandardGSGP,3058ca49-027a-11f0-84c6-089df4bf3532,kc,9,10,0.8455284833908081,0.0010008811950683594,124.0,0.8451817035675049,3,1
StandardGSGP,305ca5bb-027a-11f0-918a-089df4bf3532,kc,10,0,0.8428184390068054,0.0009996891021728516,12.0,0.8467614650726318,3,1
StandardGSGP,305ca5bb-027a-11f0-918a-089df4bf3532,kc,10,1,0.8428184390068054,0.0010001659393310547,30.0,0.8467614650726318,3,1
StandardGSGP,305ca5bb-027a-11f0-918a-089df4bf3532,kc,10,2,0.8428184390068054,0.0018086433410644531,44.0,0.8467614650726318,3,1
StandardGSGP,305ca5bb-027a-11f0-918a-089df4bf3532,kc,10,3,0.8434959053993225,0.0012021064758300781,50.0,0.8451817035675049,9,1
StandardGSGP,305ca5bb-027a-11f0-918a-089df4bf3532,kc,10,4,0.8434959053993225,0.002116680145263672,54.0,0.8451817035675049,9,1
StandardGSGP,305ca5bb-027a-11f0-918a-089df4bf3532,kc,10,5,0.8434959053993225,0.0009276866912841797,72.0,0.8451817035675049,9,1
StandardGSGP,305ca5bb-027a-11f0-918a-089df4bf3532,kc,10,6,0.8434959053993225,0.0009992122650146484,78.0,0.8451817035675049,9,1
StandardGSGP,305ca5bb-027a-11f0-918a-089df4bf3532,kc,10,7,0.8434959053993225,0.0009496212005615234,56.0,0.8451817035675049,9,1
StandardGSGP,305ca5bb-027a-11f0-918a-089df4bf3532,kc,10,8,0.8434959053993225,0.0009937286376953125,72.0,0.8451817035675049,9,1
StandardGSGP,305ca5bb-027a-11f0-918a-089df4bf3532,kc,10,9,0.8434959053993225,0.0019996166229248047,56.0,0.8451817035675049,9,1
StandardGSGP,305ca5bb-027a-11f0-918a-089df4bf3532,kc,10,10,0.8434959053993225,0.0009374618530273438,66.0,0.8451817035675049,9,1
StandardGSGP,3060290c-027a-11f0-bc70-089df4bf3532,kc,11,0,0.8455284833908081,0.0010001659393310547,12.0,0.8451817035675049,3,1
StandardGSGP,3060290c-027a-11f0-bc70-089df4bf3532,kc,11,1,0.8455284833908081,0.0010294914245605469,30.0,0.8451817035675049,3,1
StandardGSGP,3060290c-027a-11f0-bc70-089df4bf3532,kc,11,2,0.8455284833908081,0.00096893310546875,42.0,0.8451817035675049,3,1
StandardGSGP,3060290c-027a-11f0-bc70-089df4bf3532,kc,11,3,0.8455284833908081,0.0020017623901367188,66.0,0.8451817035675049,3,1
StandardGSGP,3060290c-027a-11f0-bc70-089df4bf3532,kc,11,4,0.8455284833908081,0.001001119613647461,86.0,0.8451817035675049,3,1
StandardGSGP,3060290c-027a-11f0-bc70-089df4bf3532,kc,11,5,0.8455284833908081,0.0010004043579101562,78.0,0.8451817035675049,3,1
StandardGSGP,3060290c-027a-11f0-bc70-089df4bf3532,kc,11,6,0.8455284833908081,0.00099945068359375,120.0,0.8451817035675049,3,1
StandardGSGP,3060290c-027a-11f0-bc70-089df4bf3532,kc,11,7,0.8455284833908081,0.0009982585906982422,102.0,0.8451817035675049,3,1
StandardGSGP,3060290c-027a-11f0-bc70-089df4bf3532,kc,11,8,0.8455284833908081,0.0010235309600830078,120.0,0.8451817035675049,3,1
StandardGSGP,3060290c-027a-11f0-bc70-089df4bf3532,kc,11,9,0.8455284833908081,0.0019953250885009766,80.0,0.8451817035675049,3,1
StandardGSGP,3060290c-027a-11f0-bc70-089df4bf3532,kc,11,10,0.8455284833908081,0.0015835762023925781,142.0,0.8451817035675049,3,1
StandardGSGP,3063a59e-027a-11f0-a21d-089df4bf3532,kc,12,0,0.8455284833908081,0.0009951591491699219,12.0,0.8451817035675049,3,1
StandardGSGP,3063a59e-027a-11f0-a21d-089df4bf3532,kc,12,1,0.8455284833908081,0.0020055770874023438,32.0,0.8451817035675049,3,1
StandardGSGP,3063a59e-027a-11f0-a21d-089df4bf3532,kc,12,2,0.8455284833908081,0.0009772777557373047,44.0,0.8451817035675049,3,1
StandardGSGP,3063a59e-027a-11f0-a21d-089df4bf3532,kc,12,3,0.8455284833908081,0.0010006427764892578,48.0,0.8451817035675049,3,1
StandardGSGP,3063a59e-027a-11f0-a21d-089df4bf3532,kc,12,4,0.8455284833908081,0.0019991397857666016,36.0,0.8451817035675049,3,1
StandardGSGP,3063a59e-027a-11f0-a21d-089df4bf3532,kc,12,5,0.8455284833908081,0.0010004043579101562,48.0,0.8451817035675049,3,1
StandardGSGP,3063a59e-027a-11f0-a21d-089df4bf3532,kc,12,6,0.8455284833908081,0.002000570297241211,66.0,0.8451817035675049,3,1
StandardGSGP,3063a59e-027a-11f0-a21d-089df4bf3532,kc,12,7,0.8455284833908081,0.001982450485229492,58.0,0.8451817035675049,3,1
StandardGSGP,3063a59e-027a-11f0-a21d-089df4bf3532,kc,12,8,0.8455284833908081,0.0010211467742919922,78.0,0.8451817035675049,3,1
StandardGSGP,3063a59e-027a-11f0-a21d-089df4bf3532,kc,12,9,0.8455284833908081,0.0009984970092773438,82.0,0.8451817035675049,3,1
StandardGSGP,3063a59e-027a-11f0-a21d-089df4bf3532,kc,12,10,0.8455284833908081,0.0009810924530029297,100.0,0.8451817035675049,3,1
StandardGSGP,3066d904-027a-11f0-acde-089df4bf3532,kc,13,0,0.8455284833908081,0.0009987354278564453,12.0,0.8451817035675049,3,1
StandardGSGP,3066d904-027a-11f0-acde-089df4bf3532,kc,13,1,0.8455284833908081,0.002000570297241211,30.0,0.8451817035675049,3,1
StandardGSGP,3066d904-027a-11f0-acde-089df4bf3532,kc,13,2,0.8455284833908081,0.0010006427764892578,36.0,0.8451817035675049,3,1
StandardGSGP,3066d904-027a-11f0-acde-089df4bf3532,kc,13,3,0.8455284833908081,0.0010013580322265625,42.0,0.8451817035675049,3,1
StandardGSGP,3066d904-027a-11f0-acde-089df4bf3532,kc,13,4,0.8455284833908081,0.0,44.0,0.8451817035675049,3,1
StandardGSGP,3066d904-027a-11f0-acde-089df4bf3532,kc,13,5,0.8455284833908081,0.0,42.0,0.8451817035675049,3,1
StandardGSGP,3066d904-027a-11f0-acde-089df4bf3532,kc,13,6,0.8455284833908081,0.0,54.0,0.8451817035675049,3,1
StandardGSGP,3066d904-027a-11f0-acde-089df4bf3532,kc,13,7,0.8455284833908081,0.0,66.0,0.8451817035675049,3,1
StandardGSGP,3066d904-027a-11f0-acde-089df4bf3532,kc,13,8,0.8455284833908081,0.0,66.0,0.8451817035675049,3,1
StandardGSGP,3066d904-027a-11f0-acde-089df4bf3532,kc,13,9,0.8455284833908081,0.0,138.0,0.8451817035675049,3,1
StandardGSGP,3066d904-027a-11f0-acde-089df4bf3532,kc,13,10,0.8455284833908081,0.0,114.0,0.8451817035675049,3,1
StandardGSGP,306a5bea-027a-11f0-839f-089df4bf3532,kc,14,0,0.36246612668037415,0.0,12.0,0.37282779812812805,3,1
StandardGSGP,306a5bea-027a-11f0-839f-089df4bf3532,kc,14,1,0.36246612668037415,0.0009360313415527344,30.0,0.37282779812812805,3,1
StandardGSGP,306a5bea-027a-11f0-839f-089df4bf3532,kc,14,2,0.36246612668037415,0.0020635128021240234,36.0,0.37282779812812805,3,1
StandardGSGP,306a5bea-027a-11f0-839f-089df4bf3532,kc,14,3,0.36246612668037415,0.0008938312530517578,48.0,0.37282779812812805,3,1
StandardGSGP,306a5bea-027a-11f0-839f-089df4bf3532,kc,14,4,0.3658536672592163,0.0009982585906982422,62.0,0.3744075894355774,15,1
StandardGSGP,306a5bea-027a-11f0-839f-089df4bf3532,kc,14,5,0.3658536672592163,0.0009009838104248047,54.0,0.3744075894355774,15,1
StandardGSGP,306a5bea-027a-11f0-839f-089df4bf3532,kc,14,6,0.3658536672592163,0.0010073184967041016,66.0,0.3744075894355774,15,1
StandardGSGP,306a5bea-027a-11f0-839f-089df4bf3532,kc,14,7,0.3970189690589905,0.0009121894836425781,90.0,0.38704580068588257,27,1
StandardGSGP,306a5bea-027a-11f0-839f-089df4bf3532,kc,14,8,0.462737113237381,0.0010676383972167969,108.0,0.4612954258918762,33,1
StandardGSGP,306a5bea-027a-11f0-839f-089df4bf3532,kc,14,9,0.5237127542495728,0.0018892288208007812,144.0,0.5402843356132507,39,1
StandardGSGP,306a5bea-027a-11f0-839f-089df4bf3532,kc,14,10,0.7262872457504272,0.0010683536529541016,174.0,0.7093207240104675,45,1
StandardGSGP,306de319-027a-11f0-9176-089df4bf3532,kc,15,0,0.7323848009109497,0.0011043548583984375,12.0,0.7393364906311035,3,1
StandardGSGP,306de319-027a-11f0-9176-089df4bf3532,kc,15,1,0.7533875107765198,0.0009398460388183594,30.0,0.758293867111206,9,1
StandardGSGP,306de319-027a-11f0-9176-089df4bf3532,kc,15,2,0.7716802358627319,0.002072572708129883,54.0,0.7756714224815369,15,1
StandardGSGP,306de319-027a-11f0-9176-089df4bf3532,kc,15,3,0.7716802358627319,0.0008893013000488281,78.0,0.7756714224815369,15,1
StandardGSGP,306de319-027a-11f0-9176-089df4bf3532,kc,15,4,0.7716802358627319,0.0009946823120117188,78.0,0.7756714224815369,15,1
StandardGSGP,306de319-027a-11f0-9176-089df4bf3532,kc,15,5,0.7716802358627319,0.0020072460174560547,96.0,0.7756714224815369,15,1
StandardGSGP,306de319-027a-11f0-9176-089df4bf3532,kc,15,6,0.7716802358627319,0.0009367465972900391,102.0,0.7756714224815369,15,1
StandardGSGP,306de319-027a-11f0-9176-089df4bf3532,kc,15,7,0.7716802358627319,0.001003265380859375,96.0,0.7756714224815369,15,1
StandardGSGP,306de319-027a-11f0-9176-089df4bf3532,kc,15,8,0.7716802358627319,0.002032756805419922,96.0,0.7756714224815369,15,1
StandardGSGP,306de319-027a-11f0-9176-089df4bf3532,kc,15,9,0.7771002650260925,0.002236604690551758,92.0,0.7756714224815369,33,1
StandardGSGP,306de319-027a-11f0-9176-089df4bf3532,kc,15,10,0.7771002650260925,0.000896453857421875,140.0,0.7756714224815369,33,1
StandardGSGP,30719c01-027a-11f0-9058-089df4bf3532,kc,16,0,0.8455284833908081,0.0,12.0,0.8451817035675049,3,1
StandardGSGP,30719c01-027a-11f0-9058-089df4bf3532,kc,16,1,0.8455284833908081,0.0010068416595458984,30.0,0.8451817035675049,3,1
StandardGSGP,30719c01-027a-11f0-9058-089df4bf3532,kc,16,2,0.8455284833908081,0.0011119842529296875,30.0,0.8451817035675049,3,1
StandardGSGP,30719c01-027a-11f0-9058-089df4bf3532,kc,16,3,0.8455284833908081,0.0009572505950927734,38.0,0.8451817035675049,3,1
StandardGSGP,30719c01-027a-11f0-9058-089df4bf3532,kc,16,4,0.8455284833908081,0.0010328292846679688,50.0,0.8451817035675049,3,1
StandardGSGP,30719c01-027a-11f0-9058-089df4bf3532,kc,16,5,0.8455284833908081,0.001989603042602539,50.0,0.8451817035675049,3,1
StandardGSGP,30719c01-027a-11f0-9058-089df4bf3532,kc,16,6,0.8455284833908081,0.0009772777557373047,62.0,0.8451817035675049,3,1
StandardGSGP,30719c01-027a-11f0-9058-089df4bf3532,kc,16,7,0.8455284833908081,0.0010020732879638672,62.0,0.8451817035675049,3,1
StandardGSGP,30719c01-027a-11f0-9058-089df4bf3532,kc,16,8,0.8455284833908081,0.0019991397857666016,30.0,0.8451817035675049,3,1
StandardGSGP,30719c01-027a-11f0-9058-089df4bf3532,kc,16,9,0.8455284833908081,0.0010018348693847656,42.0,0.8451817035675049,3,1
StandardGSGP,30719c01-027a-11f0-9058-089df4bf3532,kc,16,10,0.8468834757804871,0.001001596450805664,54.0,0.8325434327125549,21,1
StandardGSGP,30752161-027a-11f0-9178-089df4bf3532,kc,17,0,0.19376693665981293,0.001001596450805664,12.0,0.18799367547035217,3,1
StandardGSGP,30752161-027a-11f0-9178-089df4bf3532,kc,17,1,0.19376693665981293,0.000896453857421875,30.0,0.18799367547035217,3,1
StandardGSGP,30752161-027a-11f0-9178-089df4bf3532,kc,17,2,0.19376693665981293,0.0012104511260986328,36.0,0.18799367547035217,3,1
StandardGSGP,30752161-027a-11f0-9178-089df4bf3532,kc,17,3,0.19376693665981293,0.0020279884338378906,48.0,0.18799367547035217,3,1
StandardGSGP,30752161-027a-11f0-9178-089df4bf3532,kc,17,4,0.19376693665981293,0.0010008811950683594,48.0,0.18799367547035217,3,1
StandardGSGP,30752161-027a-11f0-9178-089df4bf3532,kc,17,5,0.19376693665981293,0.0019991397857666016,60.0,0.18799367547035217,3,1
StandardGSGP,30752161-027a-11f0-9178-089df4bf3532,kc,17,6,0.19376693665981293,0.0010008811950683594,48.0,0.18799367547035217,3,1
StandardGSGP,30752161-027a-11f0-9178-089df4bf3532,kc,17,7,0.19376693665981293,0.001999378204345703,48.0,0.18799367547035217,3,1
StandardGSGP,30752161-027a-11f0-9178-089df4bf3532,kc,17,8,0.19376693665981293,0.0014188289642333984,30.0,0.18799367547035217,3,1
StandardGSGP,30752161-027a-11f0-9178-089df4bf3532,kc,17,9,0.19376693665981293,0.0010001659393310547,48.0,0.18799367547035217,3,1
StandardGSGP,30752161-027a-11f0-9178-089df4bf3532,kc,17,10,0.19376693665981293,0.0010004043579101562,66.0,0.18799367547035217,3,1
StandardGSGP,30786f51-027a-11f0-94e4-089df4bf3532,kc,18,0,0.6761517524719238,0.0,12.0,0.6350710988044739,3,1
StandardGSGP,30786f51-027a-11f0-94e4-089df4bf3532,kc,18,1,0.6761517524719238,0.0010006427764892578,30.0,0.6350710988044739,3,1
StandardGSGP,30786f51-027a-11f0-94e4-089df4bf3532,kc,18,2,0.6768292784690857,0.0019996166229248047,42.0,0.6319115161895752,9,1
StandardGSGP,30786f51-027a-11f0-94e4-089df4bf3532,kc,18,3,0.6768292784690857,0.0030372142791748047,62.0,0.6319115161895752,9,1
StandardGSGP,30786f51-027a-11f0-94e4-089df4bf3532,kc,18,4,0.6768292784690857,0.0019812583923339844,68.0,0.6319115161895752,9,1
StandardGSGP,30786f51-027a-11f0-94e4-089df4bf3532,kc,18,5,0.6768292784690857,0.0009818077087402344,54.0,0.6319115161895752,9,1
StandardGSGP,30786f51-027a-11f0-94e4-089df4bf3532,kc,18,6,0.6768292784690857,0.0009999275207519531,66.0,0.6319115161895752,9,1
StandardGSGP,30786f51-027a-11f0-94e4-089df4bf3532,kc,18,7,0.6768292784690857,0.0009999275207519531,72.0,0.6319115161895752,9,1
StandardGSGP,30786f51-027a-11f0-94e4-089df4bf3532,kc,18,8,0.6768292784690857,0.0010008811950683594,66.0,0.6319115161895752,9,1
StandardGSGP,30786f51-027a-11f0-94e4-089df4bf3532,kc,18,9,0.6768292784690857,0.002998828887939453,66.0,0.6319115161895752,9,1
StandardGSGP,30786f51-027a-11f0-94e4-089df4bf3532,kc,18,10,0.6768292784690857,0.0030002593994140625,62.0,0.6319115161895752,9,1
StandardGSGP,307cdf83-027a-11f0-b448-089df4bf3532,kc,19,0,0.8407859206199646,0.000997304916381836,12.0,0.8404423594474792,3,1
StandardGSGP,307cdf83-027a-11f0-b448-089df4bf3532,kc,19,1,0.8407859206199646,0.0009808540344238281,30.0,0.8404423594474792,3,1
StandardGSGP,307cdf83-027a-11f0-b448-089df4bf3532,kc,19,2,0.8407859206199646,0.002016782760620117,30.0,0.8404423594474792,3,1
StandardGSGP,307cdf83-027a-11f0-b448-089df4bf3532,kc,19,3,0.8407859206199646,0.0019991397857666016,42.0,0.8404423594474792,3,1
StandardGSGP,307cdf83-027a-11f0-b448-089df4bf3532,kc,19,4,0.8407859206199646,0.0010023117065429688,30.0,0.8404423594474792,3,1
StandardGSGP,307cdf83-027a-11f0-b448-089df4bf3532,kc,19,5,0.8407859206199646,0.0019991397857666016,44.0,0.8404423594474792,3,1
StandardGSGP,307cdf83-027a-11f0-b448-089df4bf3532,kc,19,6,0.8407859206199646,0.0010004043579101562,36.0,0.8404423594474792,3,1
StandardGSGP,307cdf83-027a-11f0-b448-089df4bf3532,kc,19,7,0.8407859206199646,0.001984119415283203,42.0,0.8404423594474792,3,1
StandardGSGP,307cdf83-027a-11f0-b448-089df4bf3532,kc,19,8,0.8407859206199646,0.0019989013671875,66.0,0.8404423594474792,3,1
StandardGSGP,307cdf83-027a-11f0-b448-089df4bf3532,kc,19,9,0.8407859206199646,0.000997781753540039,84.0,0.8404423594474792,3,1
StandardGSGP,307cdf83-027a-11f0-b448-089df4bf3532,kc,19,10,0.8407859206199646,0.0020294189453125,54.0,0.8404423594474792,3,1
StandardGSGP,3080629b-027a-11f0-acd0-089df4bf3532,kc,20,0,0.7303522825241089,0.0,14.0,0.7377567291259766,3,1
StandardGSGP,3080629b-027a-11f0-acd0-089df4bf3532,kc,20,1,0.7303522825241089,0.001001119613647461,32.0,0.7377567291259766,3,1
StandardGSGP,3080629b-027a-11f0-acd0-089df4bf3532,kc,20,2,0.7621951103210449,0.002000093460083008,42.0,0.76145339012146,15,1
StandardGSGP,3080629b-027a-11f0-acd0-089df4bf3532,kc,20,3,0.7621951103210449,0.0022182464599609375,50.0,0.76145339012146,15,1
StandardGSGP,3080629b-027a-11f0-acd0-089df4bf3532,kc,20,4,0.7655826807022095,0.0010344982147216797,82.0,0.7693523168563843,23,1
StandardGSGP,3080629b-027a-11f0-acd0-089df4bf3532,kc,20,5,0.7710027098655701,0.0010023117065429688,86.0,0.7709320783615112,21,1
StandardGSGP,3080629b-027a-11f0-acd0-089df4bf3532,kc,20,6,0.7710027098655701,0.0010006427764892578,104.0,0.7709320783615112,21,1
StandardGSGP,3080629b-027a-11f0-acd0-089df4bf3532,kc,20,7,0.7710027098655701,0.0020287036895751953,116.0,0.7709320783615112,21,1
StandardGSGP,3080629b-027a-11f0-acd0-089df4bf3532,kc,20,8,0.7710027098655701,0.001970052719116211,114.0,0.7709320783615112,21,1
StandardGSGP,3080629b-027a-11f0-acd0-089df4bf3532,kc,20,9,0.7710027098655701,0.001001596450805664,114.0,0.7709320783615112,21,1
StandardGSGP,3080629b-027a-11f0-acd0-089df4bf3532,kc,20,10,0.7710027098655701,0.001001596450805664,108.0,0.7709320783615112,21,1
StandardGSGP,308422cb-027a-11f0-86fb-089df4bf3532,kc,21,0,0.8455284833908081,0.0010056495666503906,14.0,0.8436018824577332,3,1
StandardGSGP,308422cb-027a-11f0-86fb-089df4bf3532,kc,21,1,0.8455284833908081,0.0010008811950683594,32.0,0.8436018824577332,3,1
StandardGSGP,308422cb-027a-11f0-86fb-089df4bf3532,kc,21,2,0.8455284833908081,0.0009989738464355469,42.0,0.8436018824577332,3,1
StandardGSGP,308422cb-027a-11f0-86fb-089df4bf3532,kc,21,3,0.8455284833908081,0.001001596450805664,54.0,0.8436018824577332,3,1
StandardGSGP,308422cb-027a-11f0-86fb-089df4bf3532,kc,21,4,0.8455284833908081,0.0010004043579101562,72.0,0.8436018824577332,3,1
StandardGSGP,308422cb-027a-11f0-86fb-089df4bf3532,kc,21,5,0.8462059497833252,0.0011134147644042969,32.0,0.8436018824577332,9,1
StandardGSGP,308422cb-027a-11f0-86fb-089df4bf3532,kc,21,6,0.8462059497833252,0.0010349750518798828,50.0,0.8436018824577332,9,1
StandardGSGP,308422cb-027a-11f0-86fb-089df4bf3532,kc,21,7,0.8462059497833252,0.0012145042419433594,54.0,0.8436018824577332,9,1
StandardGSGP,308422cb-027a-11f0-86fb-089df4bf3532,kc,21,8,0.8462059497833252,0.0015320777893066406,66.0,0.8436018824577332,9,1
StandardGSGP,308422cb-027a-11f0-86fb-089df4bf3532,kc,21,9,0.8462059497833252,0.0018413066864013672,80.0,0.8436018824577332,9,1
StandardGSGP,308422cb-027a-11f0-86fb-089df4bf3532,kc,21,10,0.8462059497833252,0.0013623237609863281,66.0,0.8436018824577332,9,1
StandardGSGP,30878e4c-027a-11f0-8a90-089df4bf3532,kc,22,0,0.8455284833908081,0.0011477470397949219,14.0,0.8451817035675049,5,1
StandardGSGP,30878e4c-027a-11f0-8a90-089df4bf3532,kc,22,1,0.8455284833908081,0.0011126995086669922,34.0,0.8451817035675049,5,1
StandardGSGP,30878e4c-027a-11f0-8a90-089df4bf3532,kc,22,2,0.8455284833908081,0.0017209053039550781,48.0,0.8451817035675049,5,1
StandardGSGP,30878e4c-027a-11f0-8a90-089df4bf3532,kc,22,3,0.8455284833908081,0.001676321029663086,56.0,0.8451817035675049,5,1
StandardGSGP,30878e4c-027a-11f0-8a90-089df4bf3532,kc,22,4,0.8455284833908081,0.0011909008026123047,56.0,0.8451817035675049,5,1
StandardGSGP,30878e4c-027a-11f0-8a90-089df4bf3532,kc,22,5,0.8455284833908081,0.0015940666198730469,80.0,0.8451817035675049,5,1
StandardGSGP,30878e4c-027a-11f0-8a90-089df4bf3532,kc,22,6,0.8455284833908081,0.0016283988952636719,98.0,0.8451817035675049,5,1
StandardGSGP,30878e4c-027a-11f0-8a90-089df4bf3532,kc,22,7,0.8455284833908081,0.0012001991271972656,68.0,0.8451817035675049,5,1
StandardGSGP,30878e4c-027a-11f0-8a90-089df4bf3532,kc,22,8,0.8455284833908081,0.001055002212524414,86.0,0.8451817035675049,5,1
StandardGSGP,30878e4c-027a-11f0-8a90-089df4bf3532,kc,22,9,0.8455284833908081,0.0015456676483154297,104.0,0.8451817035675049,5,1
StandardGSGP,30878e4c-027a-11f0-8a90-089df4bf3532,kc,22,10,0.8455284833908081,0.0009605884552001953,56.0,0.8451817035675049,5,1
StandardGSGP,308b34d8-027a-11f0-87c7-089df4bf3532,kc,23,0,0.8455284833908081,0.0009829998016357422,12.0,0.8451817035675049,3,1
StandardGSGP,308b34d8-027a-11f0-87c7-089df4bf3532,kc,23,1,0.8455284833908081,0.0015041828155517578,30.0,0.8451817035675049,3,1
StandardGSGP,308b34d8-027a-11f0-87c7-089df4bf3532,kc,23,2,0.8455284833908081,0.0,42.0,0.8451817035675049,3,1
StandardGSGP,308b34d8-027a-11f0-87c7-089df4bf3532,kc,23,3,0.8455284833908081,0.0,48.0,0.8451817035675049,3,1
StandardGSGP,308b34d8-027a-11f0-87c7-089df4bf3532,kc,23,4,0.8455284833908081,0.0055010318756103516,48.0,0.8451817035675049,3,1
StandardGSGP,308b34d8-027a-11f0-87c7-089df4bf3532,kc,23,5,0.8455284833908081,0.0012581348419189453,36.0,0.8451817035675049,3,1
StandardGSGP,308b34d8-027a-11f0-87c7-089df4bf3532,kc,23,6,0.8455284833908081,0.0010514259338378906,48.0,0.8451817035675049,3,1
StandardGSGP,308b34d8-027a-11f0-87c7-089df4bf3532,kc,23,7,0.8455284833908081,0.0010879039764404297,66.0,0.8451817035675049,3,1
StandardGSGP,308b34d8-027a-11f0-87c7-089df4bf3532,kc,23,8,0.8455284833908081,0.0016031265258789062,60.0,0.8451817035675049,3,1
StandardGSGP,308b34d8-027a-11f0-87c7-089df4bf3532,kc,23,9,0.8455284833908081,0.00116729736328125,72.0,0.8451817035675049,3,1
StandardGSGP,308b34d8-027a-11f0-87c7-089df4bf3532,kc,23,10,0.8455284833908081,0.0016262531280517578,68.0,0.8451817035675049,3,1
StandardGSGP,308eaf92-027a-11f0-a7a6-089df4bf3532,kc,24,0,0.22628726065158844,0.0010373592376708984,16.0,0.22906793653964996,5,1
StandardGSGP,308eaf92-027a-11f0-a7a6-089df4bf3532,kc,24,1,0.22628726065158844,0.0016126632690429688,36.0,0.22906793653964996,5,1
StandardGSGP,308eaf92-027a-11f0-a7a6-089df4bf3532,kc,24,2,0.22628726065158844,0.0010366439819335938,48.0,0.22906793653964996,5,1
StandardGSGP,308eaf92-027a-11f0-a7a6-089df4bf3532,kc,24,3,0.22628726065158844,0.0015974044799804688,50.0,0.22906793653964996,5,1
StandardGSGP,308eaf92-027a-11f0-a7a6-089df4bf3532,kc,24,4,0.22628726065158844,0.0016033649444580078,50.0,0.22906793653964996,5,1
StandardGSGP,308eaf92-027a-11f0-a7a6-089df4bf3532,kc,24,5,0.22628726065158844,0.0024368762969970703,68.0,0.22906793653964996,5,1
StandardGSGP,308eaf92-027a-11f0-a7a6-089df4bf3532,kc,24,6,0.22628726065158844,0.002018451690673828,74.0,0.22906793653964996,5,1
StandardGSGP,308eaf92-027a-11f0-a7a6-089df4bf3532,kc,24,7,0.22628726065158844,0.002032756805419922,112.0,0.22906793653964996,5,1
StandardGSGP,308eaf92-027a-11f0-a7a6-089df4bf3532,kc,24,8,0.22628726065158844,0.0015919208526611328,70.0,0.22906793653964996,5,1
StandardGSGP,308eaf92-027a-11f0-a7a6-089df4bf3532,kc,24,9,0.22628726065158844,0.0016810894012451172,38.0,0.22906793653964996,5,1
StandardGSGP,308eaf92-027a-11f0-a7a6-089df4bf3532,kc,24,10,0.22628726065158844,0.0017325878143310547,50.0,0.22906793653964996,5,1
StandardGSGP,309286f1-027a-11f0-b69f-089df4bf3532,kc,25,0,0.8326558470726013,0.0006239414215087891,12.0,0.8262243270874023,3,1
StandardGSGP,309286f1-027a-11f0-b69f-089df4bf3532,kc,25,1,0.8326558470726013,0.0010366439819335938,30.0,0.8262243270874023,3,1
StandardGSGP,309286f1-027a-11f0-b69f-089df4bf3532,kc,25,2,0.8326558470726013,0.0015866756439208984,42.0,0.8262243270874023,3,1
StandardGSGP,309286f1-027a-11f0-b69f-089df4bf3532,kc,25,3,0.8326558470726013,0.0020074844360351562,48.0,0.8262243270874023,3,1
StandardGSGP,309286f1-027a-11f0-b69f-089df4bf3532,kc,25,4,0.8326558470726013,0.0010006427764892578,72.0,0.8262243270874023,3,1
StandardGSGP,309286f1-027a-11f0-b69f-089df4bf3532,kc,25,5,0.8326558470726013,0.0010004043579101562,54.0,0.8262243270874023,3,1
StandardGSGP,309286f1-027a-11f0-b69f-089df4bf3532,kc,25,6,0.8326558470726013,0.0010013580322265625,50.0,0.8262243270874023,3,1
StandardGSGP,309286f1-027a-11f0-b69f-089df4bf3532,kc,25,7,0.8326558470726013,0.0011746883392333984,68.0,0.8262243270874023,3,1
StandardGSGP,309286f1-027a-11f0-b69f-089df4bf3532,kc,25,8,0.8326558470726013,0.0020046234130859375,48.0,0.8262243270874023,3,1
StandardGSGP,309286f1-027a-11f0-b69f-089df4bf3532,kc,25,9,0.8326558470726013,0.0020017623901367188,86.0,0.8262243270874023,3,1
StandardGSGP,309286f1-027a-11f0-b69f-089df4bf3532,kc,25,10,0.8326558470726013,0.0013277530670166016,60.0,0.8262243270874023,3,1
StandardGSGP,3096890c-027a-11f0-835b-089df4bf3532,kc,26,0,0.8455284833908081,0.0009996891021728516,12.0,0.8451817035675049,3,1
StandardGSGP,3096890c-027a-11f0-835b-089df4bf3532,kc,26,1,0.8455284833908081,0.0019998550415039062,30.0,0.8451817035675049,3,1
StandardGSGP,3096890c-027a-11f0-835b-089df4bf3532,kc,26,2,0.8455284833908081,0.0009791851043701172,48.0,0.8451817035675049,3,1
StandardGSGP,3096890c-027a-11f0-835b-089df4bf3532,kc,26,3,0.8455284833908081,0.0009987354278564453,42.0,0.8451817035675049,3,1
StandardGSGP,3096890c-027a-11f0-835b-089df4bf3532,kc,26,4,0.8455284833908081,0.0010006427764892578,36.0,0.8451817035675049,3,1
StandardGSGP,3096890c-027a-11f0-835b-089df4bf3532,kc,26,5,0.8455284833908081,0.0009975433349609375,50.0,0.8451817035675049,3,1
StandardGSGP,3096890c-027a-11f0-835b-089df4bf3532,kc,26,6,0.8455284833908081,0.0019979476928710938,76.0,0.8451817035675049,3,1
StandardGSGP,3096890c-027a-11f0-835b-089df4bf3532,kc,26,7,0.8455284833908081,0.0020008087158203125,94.0,0.8451817035675049,3,1
StandardGSGP,3096890c-027a-11f0-835b-089df4bf3532,kc,26,8,0.8455284833908081,0.001999378204345703,62.0,0.8451817035675049,3,1
StandardGSGP,3096890c-027a-11f0-835b-089df4bf3532,kc,26,9,0.8455284833908081,0.0019996166229248047,36.0,0.8451817035675049,3,1
StandardGSGP,3096890c-027a-11f0-835b-089df4bf3532,kc,26,10,0.8455284833908081,0.0010001659393310547,54.0,0.8451817035675049,3,1
StandardGSGP,309a58b9-027a-11f0-944a-089df4bf3532,kc,27,0,0.8495935201644897,0.0010008811950683594,12.0,0.8372827768325806,3,1
StandardGSGP,309a58b9-027a-11f0-944a-089df4bf3532,kc,27,1,0.8495935201644897,0.000934600830078125,30.0,0.8372827768325806,3,1
StandardGSGP,309a58b9-027a-11f0-944a-089df4bf3532,kc,27,2,0.8495935201644897,0.0,42.0,0.8372827768325806,3,1
StandardGSGP,309a58b9-027a-11f0-944a-089df4bf3532,kc,27,3,0.8523035049438477,0.0,42.0,0.8388625383377075,15,1
StandardGSGP,309a58b9-027a-11f0-944a-089df4bf3532,kc,27,4,0.8523035049438477,0.0,72.0,0.8388625383377075,15,1
StandardGSGP,309a58b9-027a-11f0-944a-089df4bf3532,kc,27,5,0.8523035049438477,0.0,90.0,0.8388625383377075,15,1
StandardGSGP,309a58b9-027a-11f0-944a-089df4bf3532,kc,27,6,0.8523035049438477,0.0,102.0,0.8388625383377075,15,1
StandardGSGP,309a58b9-027a-11f0-944a-089df4bf3532,kc,27,7,0.8523035049438477,0.0,98.0,0.8388625383377075,15,1
StandardGSGP,309a58b9-027a-11f0-944a-089df4bf3532,kc,27,8,0.8523035049438477,0.0,110.0,0.8388625383377075,15,1
StandardGSGP,309a58b9-027a-11f0-944a-089df4bf3532,kc,27,9,0.8523035049438477,0.015038013458251953,116.0,0.8388625383377075,15,1
StandardGSGP,309a58b9-027a-11f0-944a-089df4bf3532,kc,27,10,0.8523035049438477,0.0,128.0,0.8388625383377075,15,1
StandardGSGP,309d3dd3-027a-11f0-b6db-089df4bf3532,kc,28,0,0.15447154641151428,0.0,12.0,0.1548183262348175,3,1
StandardGSGP,309d3dd3-027a-11f0-b6db-089df4bf3532,kc,28,1,0.15447154641151428,0.0,30.0,0.1548183262348175,3,1
StandardGSGP,309d3dd3-027a-11f0-b6db-089df4bf3532,kc,28,2,0.15447154641151428,0.0,42.0,0.1548183262348175,3,1
StandardGSGP,309d3dd3-027a-11f0-b6db-089df4bf3532,kc,28,3,0.15447154641151428,0.0,54.0,0.1548183262348175,3,1
StandardGSGP,309d3dd3-027a-11f0-b6db-089df4bf3532,kc,28,4,0.15447154641151428,0.01566600799560547,30.0,0.1548183262348175,3,1
StandardGSGP,309d3dd3-027a-11f0-b6db-089df4bf3532,kc,28,5,0.15447154641151428,0.0032575130462646484,42.0,0.1548183262348175,3,1
StandardGSGP,309d3dd3-027a-11f0-b6db-089df4bf3532,kc,28,6,0.15447154641151428,0.0009703636169433594,54.0,0.1548183262348175,3,1
StandardGSGP,309d3dd3-027a-11f0-b6db-089df4bf3532,kc,28,7,0.15447154641151428,0.0010008811950683594,56.0,0.1548183262348175,3,1
StandardGSGP,309d3dd3-027a-11f0-b6db-089df4bf3532,kc,28,8,0.15447154641151428,0.0009951591491699219,68.0,0.1548183262348175,3,1
StandardGSGP,309d3dd3-027a-11f0-b6db-089df4bf3532,kc,28,9,0.15447154641151428,0.0019741058349609375,108.0,0.1548183262348175,3,1
StandardGSGP,309d3dd3-027a-11f0-b6db-089df4bf3532,kc,28,10,0.15447154641151428,0.0020258426666259766,128.0,0.1548183262348175,3,1
StandardGSGP,30a21b92-027a-11f0-ac71-089df4bf3532,kc,29,0,0.7764227390289307,0.0009987354278564453,12.0,0.7567140460014343,3,1
StandardGSGP,30a21b92-027a-11f0-ac71-089df4bf3532,kc,29,1,0.7764227390289307,0.0019979476928710938,30.0,0.7567140460014343,3,1
StandardGSGP,30a21b92-027a-11f0-ac71-089df4bf3532,kc,29,2,0.7771002650260925,0.002002716064453125,36.0,0.7567140460014343,9,1
StandardGSGP,30a21b92-027a-11f0-ac71-089df4bf3532,kc,29,3,0.7771002650260925,0.0019986629486083984,54.0,0.7567140460014343,9,1
StandardGSGP,30a21b92-027a-11f0-ac71-089df4bf3532,kc,29,4,0.8130081295967102,0.002000570297241211,66.0,0.8056871891021729,21,1
StandardGSGP,30a21b92-027a-11f0-ac71-089df4bf3532,kc,29,5,0.8184281587600708,0.0020020008087158203,102.0,0.8088467717170715,27,1
StandardGSGP,30a21b92-027a-11f0-ac71-089df4bf3532,kc,29,6,0.8184281587600708,0.0023941993713378906,114.0,0.8088467717170715,27,1
StandardGSGP,30a21b92-027a-11f0-ac71-089df4bf3532,kc,29,7,0.8184281587600708,0.001001596450805664,138.0,0.8088467717170715,27,1
StandardGSGP,30a21b92-027a-11f0-ac71-089df4bf3532,kc,29,8,0.8319783210754395,0.0009813308715820312,156.0,0.8262243270874023,39,1
StandardGSGP,30a21b92-027a-11f0-ac71-089df4bf3532,kc,29,9,0.8360433578491211,0.001071929931640625,180.0,0.8325434327125549,45,1
StandardGSGP,30a21b92-027a-11f0-ac71-089df4bf3532,kc,29,10,0.8360433578491211,0.0033338069915771484,200.0,0.8325434327125549,45,1
StandardGSGP,30a668de-027a-11f0-96c8-089df4bf3532,kc,30,0,0.7452574372291565,0.0009999275207519531,16.0,0.7567140460014343,7,1
StandardGSGP,30a668de-027a-11f0-96c8-089df4bf3532,kc,30,1,0.7452574372291565,0.0019855499267578125,34.0,0.7567140460014343,7,1
StandardGSGP,30a668de-027a-11f0-96c8-089df4bf3532,kc,30,2,0.7452574372291565,0.0009951591491699219,50.0,0.7567140460014343,7,1
StandardGSGP,30a668de-027a-11f0-96c8-089df4bf3532,kc,30,3,0.7452574372291565,0.0010044574737548828,66.0,0.7567140460014343,7,1
StandardGSGP,30a668de-027a-11f0-96c8-089df4bf3532,kc,30,4,0.7452574372291565,0.0010027885437011719,58.0,0.7567140460014343,7,1
StandardGSGP,30a668de-027a-11f0-96c8-089df4bf3532,kc,30,5,0.7771002650260925,0.0019998550415039062,70.0,0.788309633731842,13,1
StandardGSGP,30a668de-027a-11f0-96c8-089df4bf3532,kc,30,6,0.7791327834129333,0.0019795894622802734,76.0,0.7867298722267151,19,1
StandardGSGP,30a668de-027a-11f0-96c8-089df4bf3532,kc,30,7,0.7791327834129333,0.0020003318786621094,88.0,0.7867298722267151,19,1
StandardGSGP,30a668de-027a-11f0-96c8-089df4bf3532,kc,30,8,0.7791327834129333,0.002001523971557617,112.0,0.7867298722267151,19,1
StandardGSGP,30a668de-027a-11f0-96c8-089df4bf3532,kc,30,9,0.7791327834129333,0.0010008811950683594,118.0,0.7867298722267151,19,1
StandardGSGP,30a668de-027a-11f0-96c8-089df4bf3532,kc,30,10,0.7791327834129333,0.0009772777557373047,150.0,0.7867298722267151,19,1
