StandardGP,3828b7bb-06bb-11f0-a925-54a95b9ec813,gina,1,0,0.48403415083885193,2.046468496322632,1340.0,0.48434391617774963,15,1
StandardGP,3828b7bb-06bb-11f0-a925-54a95b9ec813,gina,1,1,0.48403415083885193,0.9333481788635254,1334.0,0.48434391617774963,15,1
StandardGP,3828b7bb-06bb-11f0-a925-54a95b9ec813,gina,1,2,0.48403415083885193,1.032848596572876,1466.0,0.48434391617774963,15,1
StandardGP,3828b7bb-06bb-11f0-a925-54a95b9ec813,gina,1,3,0.48403415083885193,1.0033283233642578,1308.0,0.48434391617774963,15,1
StandardGP,3828b7bb-06bb-11f0-a925-54a95b9ec813,gina,1,4,0.4809591770172119,0.7666640281677246,1114.0,0.4943062961101532,9,1
StandardGP,3828b7bb-06bb-11f0-a925-54a95b9ec813,gina,1,5,0.4809591770172119,0.629162073135376,922.0,0.4943062961101532,9,1
StandardGP,3828b7bb-06bb-11f0-a925-54a95b9ec813,gina,1,6,0.4809591770172119,0.5798611640930176,714.0,0.4943062961101532,9,1
StandardGP,3828b7bb-06bb-11f0-a925-54a95b9ec813,gina,1,7,0.46863821148872375,0.6000497341156006,726.0,0.47764188051223755,11,1
StandardGP,3828b7bb-06bb-11f0-a925-54a95b9ec813,gina,1,8,0.46863821148872375,0.4892873764038086,768.0,0.47764188051223755,11,1
StandardGP,3828b7bb-06bb-11f0-a925-54a95b9ec813,gina,1,9,0.46863821148872375,0.46832275390625,754.0,0.47764188051223755,11,1
StandardGP,3828b7bb-06bb-11f0-a925-54a95b9ec813,gina,1,10,0.46863821148872375,0.4855782985687256,706.0,0.47764188051223755,11,1
StandardGP,3828b7bb-06bb-11f0-a925-54a95b9ec813,gina,1,11,0.46863821148872375,0.41092610359191895,670.0,0.47764188051223755,11,1
StandardGP,3828b7bb-06bb-11f0-a925-54a95b9ec813,gina,1,12,0.46863821148872375,0.4626445770263672,680.0,0.47764188051223755,11,1
StandardGP,3828b7bb-06bb-11f0-a925-54a95b9ec813,gina,1,13,0.46863821148872375,0.46656370162963867,692.0,0.47764188051223755,11,1
StandardGP,3828b7bb-06bb-11f0-a925-54a95b9ec813,gina,1,14,0.46863821148872375,0.5599365234375,746.0,0.47764188051223755,11,1
StandardGP,3828b7bb-06bb-11f0-a925-54a95b9ec813,gina,1,15,0.46863821148872375,0.5603847503662109,804.0,0.47764188051223755,11,1
StandardGP,3828b7bb-06bb-11f0-a925-54a95b9ec813,gina,1,16,0.46863821148872375,0.5949554443359375,866.0,0.47764188051223755,11,1
StandardGP,3828b7bb-06bb-11f0-a925-54a95b9ec813,gina,1,17,0.46863821148872375,0.6881170272827148,972.0,0.47764188051223755,11,1
StandardGP,3828b7bb-06bb-11f0-a925-54a95b9ec813,gina,1,18,0.46863821148872375,0.7225677967071533,1024.0,0.47764188051223755,11,1
StandardGP,3828b7bb-06bb-11f0-a925-54a95b9ec813,gina,1,19,0.46558278799057007,0.70381760597229,1108.0,0.47616347670555115,21,1
StandardGP,3828b7bb-06bb-11f0-a925-54a95b9ec813,gina,1,20,0.46558278799057007,0.7670319080352783,1210.0,0.47616347670555115,21,1
StandardGP,3828b7bb-06bb-11f0-a925-54a95b9ec813,gina,1,21,0.46558278799057007,0.8929824829101562,1310.0,0.47616347670555115,21,1
StandardGP,3828b7bb-06bb-11f0-a925-54a95b9ec813,gina,1,22,0.46558278799057007,1.0334525108337402,1670.0,0.47616347670555115,21,1
StandardGP,3828b7bb-06bb-11f0-a925-54a95b9ec813,gina,1,23,0.46558278799057007,1.1443564891815186,1754.0,0.47616347670555115,21,1
StandardGP,3828b7bb-06bb-11f0-a925-54a95b9ec813,gina,1,24,0.46558278799057007,1.2177963256835938,2078.0,0.47616347670555115,21,1
StandardGP,3828b7bb-06bb-11f0-a925-54a95b9ec813,gina,1,25,0.46558278799057007,1.4934031963348389,2354.0,0.47616347670555115,21,1
StandardGP,3828b7bb-06bb-11f0-a925-54a95b9ec813,gina,1,26,0.46558278799057007,1.56685471534729,2628.0,0.47616347670555115,21,1
StandardGP,3828b7bb-06bb-11f0-a925-54a95b9ec813,gina,1,27,0.46558278799057007,1.5537452697753906,2530.0,0.47616347670555115,21,1
StandardGP,3828b7bb-06bb-11f0-a925-54a95b9ec813,gina,1,28,0.46558278799057007,1.5936331748962402,2516.0,0.47616347670555115,21,1
StandardGP,3828b7bb-06bb-11f0-a925-54a95b9ec813,gina,1,29,0.4644673466682434,1.547802209854126,2542.0,0.4717961549758911,39,1
StandardGP,3828b7bb-06bb-11f0-a925-54a95b9ec813,gina,1,30,0.4642582833766937,1.7051634788513184,2632.0,0.47150713205337524,41,1
StandardGP,3828b7bb-06bb-11f0-a925-54a95b9ec813,gina,1,31,0.4642582833766937,1.8177058696746826,2808.0,0.47150713205337524,41,1
StandardGP,3828b7bb-06bb-11f0-a925-54a95b9ec813,gina,1,32,0.4642582833766937,1.8288662433624268,3090.0,0.47150713205337524,41,1
StandardGP,3828b7bb-06bb-11f0-a925-54a95b9ec813,gina,1,33,0.4642582833766937,1.9891932010650635,3276.0,0.47150713205337524,41,1
StandardGP,3828b7bb-06bb-11f0-a925-54a95b9ec813,gina,1,34,0.4642582833766937,2.084531307220459,3538.0,0.47150713205337524,41,1
StandardGP,3828b7bb-06bb-11f0-a925-54a95b9ec813,gina,1,35,0.4641554355621338,2.4669625759124756,4142.0,0.4715050458908081,41,1
StandardGP,3828b7bb-06bb-11f0-a925-54a95b9ec813,gina,1,36,0.4641554355621338,2.5490667819976807,4228.0,0.4715050458908081,41,1
StandardGP,3828b7bb-06bb-11f0-a925-54a95b9ec813,gina,1,37,0.46312230825424194,2.466593027114868,4370.0,0.47113513946533203,39,1
StandardGP,3828b7bb-06bb-11f0-a925-54a95b9ec813,gina,1,38,0.46312230825424194,2.597379446029663,4298.0,0.47113513946533203,39,1
StandardGP,3828b7bb-06bb-11f0-a925-54a95b9ec813,gina,1,39,0.46312230825424194,2.4839437007904053,4198.0,0.47113513946533203,39,1
StandardGP,3828b7bb-06bb-11f0-a925-54a95b9ec813,gina,1,40,0.4613771140575409,2.9667763710021973,4348.0,0.4665091633796692,29,1
StandardGP,3828b7bb-06bb-11f0-a925-54a95b9ec813,gina,1,41,0.4613771140575409,2.995068073272705,4568.0,0.4665091633796692,29,1
StandardGP,3828b7bb-06bb-11f0-a925-54a95b9ec813,gina,1,42,0.46124592423439026,3.6439340114593506,4738.0,0.466372013092041,55,1
StandardGP,3828b7bb-06bb-11f0-a925-54a95b9ec813,gina,1,43,0.45885804295539856,2.9772913455963135,4894.0,0.46419256925582886,39,1
StandardGP,3828b7bb-06bb-11f0-a925-54a95b9ec813,gina,1,44,0.45885804295539856,2.9380345344543457,4916.0,0.46419256925582886,39,1
StandardGP,3828b7bb-06bb-11f0-a925-54a95b9ec813,gina,1,45,0.45885804295539856,3.3690896034240723,5122.0,0.46419256925582886,39,1
StandardGP,3828b7bb-06bb-11f0-a925-54a95b9ec813,gina,1,46,0.45883849263191223,2.80973744392395,5072.0,0.46419256925582886,59,1
StandardGP,3828b7bb-06bb-11f0-a925-54a95b9ec813,gina,1,47,0.4585767090320587,3.388080596923828,5116.0,0.4661325216293335,35,1
StandardGP,3828b7bb-06bb-11f0-a925-54a95b9ec813,gina,1,48,0.4585767090320587,3.117969512939453,5144.0,0.4661325216293335,35,1
StandardGP,3828b7bb-06bb-11f0-a925-54a95b9ec813,gina,1,49,0.4585767090320587,3.1887319087982178,5266.0,0.4661325216293335,35,1
StandardGP,3828b7bb-06bb-11f0-a925-54a95b9ec813,gina,1,50,0.45855921506881714,3.0378808975219727,5290.0,0.4661221504211426,35,1
StandardGP,3828b7bb-06bb-11f0-a925-54a95b9ec813,gina,1,51,0.45855921506881714,3.0221006870269775,5378.0,0.4661221504211426,35,1
StandardGP,3828b7bb-06bb-11f0-a925-54a95b9ec813,gina,1,52,0.4572852551937103,3.1378908157348633,5412.0,0.4657318592071533,53,1
StandardGP,3828b7bb-06bb-11f0-a925-54a95b9ec813,gina,1,53,0.4572852551937103,3.0581696033477783,5372.0,0.4657318592071533,53,1
StandardGP,3828b7bb-06bb-11f0-a925-54a95b9ec813,gina,1,54,0.4572852551937103,2.722677707672119,5258.0,0.4657318592071533,53,1
StandardGP,3828b7bb-06bb-11f0-a925-54a95b9ec813,gina,1,55,0.4572852551937103,3.267815113067627,5256.0,0.4657318592071533,53,1
StandardGP,3828b7bb-06bb-11f0-a925-54a95b9ec813,gina,1,56,0.4572852551937103,2.7199528217315674,5284.0,0.4657318592071533,53,1
StandardGP,3828b7bb-06bb-11f0-a925-54a95b9ec813,gina,1,57,0.4572852551937103,3.2414257526397705,5466.0,0.4657318592071533,53,1
StandardGP,3828b7bb-06bb-11f0-a925-54a95b9ec813,gina,1,58,0.4572852551937103,2.9175074100494385,5384.0,0.4657318592071533,53,1
StandardGP,3828b7bb-06bb-11f0-a925-54a95b9ec813,gina,1,59,0.4572852551937103,3.117628335952759,5340.0,0.4657318592071533,53,1
StandardGP,3828b7bb-06bb-11f0-a925-54a95b9ec813,gina,1,60,0.4572852551937103,2.933382034301758,5436.0,0.4657318592071533,53,1
StandardGP,3828b7bb-06bb-11f0-a925-54a95b9ec813,gina,1,61,0.4572852551937103,3.199873685836792,5454.0,0.4657318592071533,53,1
StandardGP,3828b7bb-06bb-11f0-a925-54a95b9ec813,gina,1,62,0.4572852551937103,3.1870787143707275,5538.0,0.4657318592071533,53,1
StandardGP,3828b7bb-06bb-11f0-a925-54a95b9ec813,gina,1,63,0.4572852551937103,2.799947738647461,5608.0,0.4657318592071533,53,1
StandardGP,3828b7bb-06bb-11f0-a925-54a95b9ec813,gina,1,64,0.4572852551937103,3.446049213409424,5558.0,0.4657318592071533,53,1
StandardGP,3828b7bb-06bb-11f0-a925-54a95b9ec813,gina,1,65,0.4572852551937103,2.844132661819458,5554.0,0.4657318592071533,53,1
StandardGP,3828b7bb-06bb-11f0-a925-54a95b9ec813,gina,1,66,0.45695820450782776,3.466442346572876,5668.0,0.46590495109558105,57,1
StandardGP,3828b7bb-06bb-11f0-a925-54a95b9ec813,gina,1,67,0.45695820450782776,3.1549363136291504,5726.0,0.46590495109558105,57,1
StandardGP,3828b7bb-06bb-11f0-a925-54a95b9ec813,gina,1,68,0.45659109950065613,3.512878179550171,5728.0,0.4641822278499603,59,1
StandardGP,3828b7bb-06bb-11f0-a925-54a95b9ec813,gina,1,69,0.45659109950065613,3.5714244842529297,5606.0,0.4641822278499603,59,1
StandardGP,3828b7bb-06bb-11f0-a925-54a95b9ec813,gina,1,70,0.45659109950065613,3.1821141242980957,5670.0,0.4641822278499603,59,1
StandardGP,3828b7bb-06bb-11f0-a925-54a95b9ec813,gina,1,71,0.45659109950065613,3.228712558746338,5628.0,0.4641822278499603,59,1
StandardGP,3828b7bb-06bb-11f0-a925-54a95b9ec813,gina,1,72,0.45659109950065613,3.2987799644470215,5624.0,0.4641822278499603,59,1
StandardGP,3828b7bb-06bb-11f0-a925-54a95b9ec813,gina,1,73,0.45659109950065613,2.8843841552734375,5624.0,0.4641822278499603,59,1
StandardGP,3828b7bb-06bb-11f0-a925-54a95b9ec813,gina,1,74,0.45659109950065613,3.517822504043579,5804.0,0.4641822278499603,59,1
StandardGP,3828b7bb-06bb-11f0-a925-54a95b9ec813,gina,1,75,0.45625388622283936,3.1665849685668945,5742.0,0.46395012736320496,55,1
StandardGP,3828b7bb-06bb-11f0-a925-54a95b9ec813,gina,1,76,0.45625388622283936,3.9225082397460938,5584.0,0.46395012736320496,55,1
StandardGP,3828b7bb-06bb-11f0-a925-54a95b9ec813,gina,1,77,0.45625388622283936,3.3371782302856445,5602.0,0.46395012736320496,55,1
StandardGP,3828b7bb-06bb-11f0-a925-54a95b9ec813,gina,1,78,0.45625388622283936,3.090726852416992,5606.0,0.46395012736320496,55,1
StandardGP,3828b7bb-06bb-11f0-a925-54a95b9ec813,gina,1,79,0.45625388622283936,3.2333569526672363,5552.0,0.46395012736320496,55,1
StandardGP,3828b7bb-06bb-11f0-a925-54a95b9ec813,gina,1,80,0.45619314908981323,3.1526522636413574,5504.0,0.46387922763824463,51,1
StandardGP,3828b7bb-06bb-11f0-a925-54a95b9ec813,gina,1,81,0.45616650581359863,3.051957368850708,5476.0,0.46387922763824463,53,1
StandardGP,3828b7bb-06bb-11f0-a925-54a95b9ec813,gina,1,82,0.45616650581359863,3.367924451828003,5540.0,0.46387922763824463,53,1
StandardGP,3828b7bb-06bb-11f0-a925-54a95b9ec813,gina,1,83,0.45616650581359863,3.1212921142578125,5352.0,0.46387922763824463,53,1
StandardGP,3828b7bb-06bb-11f0-a925-54a95b9ec813,gina,1,84,0.45616650581359863,2.8028390407562256,5352.0,0.46387922763824463,53,1
StandardGP,3828b7bb-06bb-11f0-a925-54a95b9ec813,gina,1,85,0.45616650581359863,3.2291336059570312,5400.0,0.46387922763824463,53,1
StandardGP,3828b7bb-06bb-11f0-a925-54a95b9ec813,gina,1,86,0.45616650581359863,3.1301815509796143,5412.0,0.46387922763824463,53,1
StandardGP,3828b7bb-06bb-11f0-a925-54a95b9ec813,gina,1,87,0.45616650581359863,3.098069190979004,5346.0,0.46387922763824463,53,1
StandardGP,3828b7bb-06bb-11f0-a925-54a95b9ec813,gina,1,88,0.45532044768333435,3.215193271636963,5452.0,0.4645901620388031,59,1
StandardGP,3828b7bb-06bb-11f0-a925-54a95b9ec813,gina,1,89,0.45532044768333435,3.0373682975769043,5320.0,0.4645901620388031,59,1
StandardGP,3828b7bb-06bb-11f0-a925-54a95b9ec813,gina,1,90,0.45532044768333435,2.7472853660583496,5400.0,0.4645901620388031,59,1
StandardGP,3828b7bb-06bb-11f0-a925-54a95b9ec813,gina,1,91,0.45532044768333435,3.3785295486450195,5424.0,0.4645901620388031,59,1
StandardGP,3828b7bb-06bb-11f0-a925-54a95b9ec813,gina,1,92,0.45532044768333435,2.950897455215454,5386.0,0.4645901620388031,59,1
StandardGP,3828b7bb-06bb-11f0-a925-54a95b9ec813,gina,1,93,0.45532044768333435,3.067889928817749,5446.0,0.4645901620388031,59,1
StandardGP,3828b7bb-06bb-11f0-a925-54a95b9ec813,gina,1,94,0.45532044768333435,3.214097261428833,5536.0,0.4645901620388031,59,1
StandardGP,3828b7bb-06bb-11f0-a925-54a95b9ec813,gina,1,95,0.45532044768333435,3.3001065254211426,5488.0,0.4645901620388031,59,1
StandardGP,3828b7bb-06bb-11f0-a925-54a95b9ec813,gina,1,96,0.45532044768333435,3.081437587738037,5500.0,0.4645901620388031,59,1
StandardGP,3828b7bb-06bb-11f0-a925-54a95b9ec813,gina,1,97,0.45532044768333435,3.0511043071746826,5482.0,0.4645901620388031,59,1
StandardGP,3828b7bb-06bb-11f0-a925-54a95b9ec813,gina,1,98,0.45532044768333435,3.6572556495666504,5460.0,0.4645901620388031,59,1
StandardGP,3828b7bb-06bb-11f0-a925-54a95b9ec813,gina,1,99,0.45532044768333435,3.331453800201416,5352.0,0.4645901620388031,59,1
StandardGP,3828b7bb-06bb-11f0-a925-54a95b9ec813,gina,1,100,0.45532044768333435,3.636855125427246,5506.0,0.4645901620388031,59,1
StandardGP,3828b7bb-06bb-11f0-a925-54a95b9ec813,gina,1,101,0.45532044768333435,3.2155539989471436,5500.0,0.4645901620388031,59,1
StandardGP,3828b7bb-06bb-11f0-a925-54a95b9ec813,gina,1,102,0.45532044768333435,3.1517281532287598,5512.0,0.4645901620388031,59,1
StandardGP,3828b7bb-06bb-11f0-a925-54a95b9ec813,gina,1,103,0.45532044768333435,3.028905153274536,5508.0,0.4645901620388031,59,1
StandardGP,3828b7bb-06bb-11f0-a925-54a95b9ec813,gina,1,104,0.45532044768333435,3.513751268386841,5530.0,0.4645901620388031,59,1
StandardGP,3828b7bb-06bb-11f0-a925-54a95b9ec813,gina,1,105,0.45532044768333435,3.6538124084472656,5530.0,0.4645901620388031,59,1
StandardGP,3828b7bb-06bb-11f0-a925-54a95b9ec813,gina,1,106,0.45532044768333435,2.8111166954040527,5538.0,0.4645901620388031,59,1
StandardGP,3828b7bb-06bb-11f0-a925-54a95b9ec813,gina,1,107,0.4552975594997406,3.2002100944519043,5578.0,0.46459123492240906,55,1
StandardGP,3828b7bb-06bb-11f0-a925-54a95b9ec813,gina,1,108,0.4552975594997406,3.699256420135498,5608.0,0.46459123492240906,55,1
StandardGP,3828b7bb-06bb-11f0-a925-54a95b9ec813,gina,1,109,0.4552975594997406,3.169074296951294,5656.0,0.46459123492240906,55,1
StandardGP,3828b7bb-06bb-11f0-a925-54a95b9ec813,gina,1,110,0.4552975594997406,2.933361291885376,5868.0,0.46459123492240906,55,1
StandardGP,3828b7bb-06bb-11f0-a925-54a95b9ec813,gina,1,111,0.4552975594997406,3.4856109619140625,5814.0,0.46459123492240906,55,1
StandardGP,3828b7bb-06bb-11f0-a925-54a95b9ec813,gina,1,112,0.4552975594997406,3.498946189880371,5902.0,0.46459123492240906,55,1
StandardGP,3828b7bb-06bb-11f0-a925-54a95b9ec813,gina,1,113,0.4552975594997406,3.20096755027771,5952.0,0.46459123492240906,55,1
StandardGP,3828b7bb-06bb-11f0-a925-54a95b9ec813,gina,1,114,0.4552975594997406,3.396190881729126,5856.0,0.46459123492240906,55,1
StandardGP,3828b7bb-06bb-11f0-a925-54a95b9ec813,gina,1,115,0.4552975594997406,3.2034456729888916,5900.0,0.46459123492240906,55,1
StandardGP,3828b7bb-06bb-11f0-a925-54a95b9ec813,gina,1,116,0.4552975594997406,3.584120750427246,5848.0,0.46459123492240906,55,1
StandardGP,3828b7bb-06bb-11f0-a925-54a95b9ec813,gina,1,117,0.4552975594997406,3.8058881759643555,5762.0,0.46459123492240906,55,1
StandardGP,3828b7bb-06bb-11f0-a925-54a95b9ec813,gina,1,118,0.4552975594997406,4.098067045211792,5856.0,0.46459123492240906,55,1
StandardGP,3828b7bb-06bb-11f0-a925-54a95b9ec813,gina,1,119,0.4552975594997406,3.2816734313964844,5842.0,0.46459123492240906,55,1
StandardGP,3828b7bb-06bb-11f0-a925-54a95b9ec813,gina,1,120,0.4552975594997406,3.7843799591064453,5842.0,0.46459123492240906,55,1
StandardGP,3828b7bb-06bb-11f0-a925-54a95b9ec813,gina,1,121,0.4552975594997406,3.269310474395752,5684.0,0.46459123492240906,55,1
StandardGP,3828b7bb-06bb-11f0-a925-54a95b9ec813,gina,1,122,0.4552975594997406,3.497049331665039,5748.0,0.46459123492240906,55,1
StandardGP,3828b7bb-06bb-11f0-a925-54a95b9ec813,gina,1,123,0.4552975594997406,3.1367058753967285,5680.0,0.46459123492240906,55,1
StandardGP,3828b7bb-06bb-11f0-a925-54a95b9ec813,gina,1,124,0.4552975594997406,3.6678407192230225,5738.0,0.46459123492240906,55,1
StandardGP,3828b7bb-06bb-11f0-a925-54a95b9ec813,gina,1,125,0.4552975594997406,3.7479138374328613,5786.0,0.46459123492240906,55,1
StandardGP,3828b7bb-06bb-11f0-a925-54a95b9ec813,gina,1,126,0.4552975594997406,3.2402474880218506,5864.0,0.46459123492240906,55,1
StandardGP,3828b7bb-06bb-11f0-a925-54a95b9ec813,gina,1,127,0.4552975594997406,3.386486291885376,5872.0,0.46459123492240906,55,1
StandardGP,3828b7bb-06bb-11f0-a925-54a95b9ec813,gina,1,128,0.45529496669769287,3.3976402282714844,5748.0,0.46459200978279114,51,1
StandardGP,3828b7bb-06bb-11f0-a925-54a95b9ec813,gina,1,129,0.45529496669769287,3.3159000873565674,5710.0,0.46459200978279114,51,1
StandardGP,3828b7bb-06bb-11f0-a925-54a95b9ec813,gina,1,130,0.45529496669769287,3.6170730590820312,5716.0,0.46459200978279114,51,1
StandardGP,3828b7bb-06bb-11f0-a925-54a95b9ec813,gina,1,131,0.45529496669769287,3.239156484603882,5674.0,0.46459200978279114,51,1
StandardGP,3828b7bb-06bb-11f0-a925-54a95b9ec813,gina,1,132,0.45529496669769287,3.4145848751068115,5626.0,0.46459200978279114,51,1
StandardGP,3828b7bb-06bb-11f0-a925-54a95b9ec813,gina,1,133,0.45529496669769287,3.7997419834136963,5576.0,0.46459200978279114,51,1
StandardGP,3828b7bb-06bb-11f0-a925-54a95b9ec813,gina,1,134,0.45529496669769287,3.2534971237182617,5584.0,0.46459200978279114,51,1
StandardGP,3828b7bb-06bb-11f0-a925-54a95b9ec813,gina,1,135,0.45529496669769287,3.5003185272216797,5584.0,0.46459200978279114,51,1
StandardGP,3828b7bb-06bb-11f0-a925-54a95b9ec813,gina,1,136,0.45529496669769287,3.8311541080474854,5540.0,0.46459200978279114,51,1
StandardGP,3828b7bb-06bb-11f0-a925-54a95b9ec813,gina,1,137,0.45529496669769287,3.165356397628784,5452.0,0.46459200978279114,51,1
StandardGP,3828b7bb-06bb-11f0-a925-54a95b9ec813,gina,1,138,0.45529496669769287,3.700057029724121,5502.0,0.46459200978279114,51,1
StandardGP,3828b7bb-06bb-11f0-a925-54a95b9ec813,gina,1,139,0.45482513308525085,3.407089948654175,5586.0,0.46279457211494446,61,1
StandardGP,3828b7bb-06bb-11f0-a925-54a95b9ec813,gina,1,140,0.45482513308525085,3.783489227294922,5512.0,0.46279457211494446,61,1
StandardGP,3828b7bb-06bb-11f0-a925-54a95b9ec813,gina,1,141,0.45482513308525085,3.798245906829834,5582.0,0.46279457211494446,61,1
StandardGP,3828b7bb-06bb-11f0-a925-54a95b9ec813,gina,1,142,0.45482513308525085,3.594935417175293,5606.0,0.46279457211494446,61,1
StandardGP,3828b7bb-06bb-11f0-a925-54a95b9ec813,gina,1,143,0.45482513308525085,3.9312543869018555,5560.0,0.46279457211494446,61,1
StandardGP,3828b7bb-06bb-11f0-a925-54a95b9ec813,gina,1,144,0.45482513308525085,3.4906442165374756,5602.0,0.46279457211494446,61,1
StandardGP,3828b7bb-06bb-11f0-a925-54a95b9ec813,gina,1,145,0.45482513308525085,3.555070161819458,5722.0,0.46279457211494446,61,1
StandardGP,3828b7bb-06bb-11f0-a925-54a95b9ec813,gina,1,146,0.45482513308525085,3.6659417152404785,5776.0,0.46279457211494446,61,1
StandardGP,3828b7bb-06bb-11f0-a925-54a95b9ec813,gina,1,147,0.45481422543525696,3.9549648761749268,5912.0,0.46279487013816833,49,1
StandardGP,3828b7bb-06bb-11f0-a925-54a95b9ec813,gina,1,148,0.45481422543525696,4.0302348136901855,5732.0,0.46279487013816833,49,1
StandardGP,3828b7bb-06bb-11f0-a925-54a95b9ec813,gina,1,149,0.45481422543525696,3.8820438385009766,5770.0,0.46279487013816833,49,1
StandardGP,3828b7bb-06bb-11f0-a925-54a95b9ec813,gina,1,150,0.45481422543525696,4.184792518615723,5856.0,0.46279487013816833,49,1
StandardGP,3828b7bb-06bb-11f0-a925-54a95b9ec813,gina,1,151,0.4547092616558075,3.5306155681610107,5852.0,0.4627971649169922,53,1
StandardGP,3828b7bb-06bb-11f0-a925-54a95b9ec813,gina,1,152,0.4547092616558075,3.551018238067627,5834.0,0.4627971649169922,53,1
StandardGP,3828b7bb-06bb-11f0-a925-54a95b9ec813,gina,1,153,0.4547092616558075,3.863398313522339,5678.0,0.4627971649169922,53,1
StandardGP,3828b7bb-06bb-11f0-a925-54a95b9ec813,gina,1,154,0.454252690076828,3.658712387084961,5644.0,0.46168816089630127,59,1
StandardGP,3828b7bb-06bb-11f0-a925-54a95b9ec813,gina,1,155,0.454252690076828,3.893188714981079,5554.0,0.46168816089630127,59,1
StandardGP,3828b7bb-06bb-11f0-a925-54a95b9ec813,gina,1,156,0.454151451587677,3.6451711654663086,5606.0,0.461690753698349,53,1
StandardGP,3828b7bb-06bb-11f0-a925-54a95b9ec813,gina,1,157,0.454151451587677,3.2811830043792725,5796.0,0.461690753698349,53,1
StandardGP,3828b7bb-06bb-11f0-a925-54a95b9ec813,gina,1,158,0.45410603284835815,3.7971503734588623,5728.0,0.46168625354766846,49,1
StandardGP,3828b7bb-06bb-11f0-a925-54a95b9ec813,gina,1,159,0.45410603284835815,3.799848794937134,5672.0,0.46168625354766846,49,1
StandardGP,3828b7bb-06bb-11f0-a925-54a95b9ec813,gina,1,160,0.45410603284835815,3.821955442428589,5640.0,0.46168625354766846,49,1
StandardGP,3828b7bb-06bb-11f0-a925-54a95b9ec813,gina,1,161,0.45410603284835815,3.9405510425567627,5706.0,0.46168625354766846,49,1
StandardGP,3828b7bb-06bb-11f0-a925-54a95b9ec813,gina,1,162,0.45410603284835815,3.199871063232422,5558.0,0.46168625354766846,49,1
StandardGP,3828b7bb-06bb-11f0-a925-54a95b9ec813,gina,1,163,0.45410603284835815,3.7853312492370605,5614.0,0.46168625354766846,49,1
StandardGP,3828b7bb-06bb-11f0-a925-54a95b9ec813,gina,1,164,0.45410603284835815,3.0963551998138428,5656.0,0.46168625354766846,49,1
StandardGP,3828b7bb-06bb-11f0-a925-54a95b9ec813,gina,1,165,0.45410603284835815,4.435490608215332,5674.0,0.46168625354766846,49,1
StandardGP,3828b7bb-06bb-11f0-a925-54a95b9ec813,gina,1,166,0.45410603284835815,3.1670548915863037,5768.0,0.46168625354766846,49,1
StandardGP,3828b7bb-06bb-11f0-a925-54a95b9ec813,gina,1,167,0.45410603284835815,4.203007936477661,5624.0,0.46168625354766846,49,1
StandardGP,3828b7bb-06bb-11f0-a925-54a95b9ec813,gina,1,168,0.45410603284835815,3.510681629180908,5620.0,0.46168625354766846,49,1
StandardGP,3828b7bb-06bb-11f0-a925-54a95b9ec813,gina,1,169,0.45410603284835815,3.1665573120117188,5490.0,0.46168625354766846,49,1
StandardGP,3828b7bb-06bb-11f0-a925-54a95b9ec813,gina,1,170,0.45410603284835815,3.811736822128296,5512.0,0.46168625354766846,49,1
StandardGP,3828b7bb-06bb-11f0-a925-54a95b9ec813,gina,1,171,0.45410603284835815,3.5281872749328613,5610.0,0.46168625354766846,49,1
StandardGP,3828b7bb-06bb-11f0-a925-54a95b9ec813,gina,1,172,0.4540884494781494,3.6145081520080566,5654.0,0.4616919755935669,45,1
StandardGP,3828b7bb-06bb-11f0-a925-54a95b9ec813,gina,1,173,0.4540884494781494,3.6339173316955566,5660.0,0.4616919755935669,45,1
StandardGP,3828b7bb-06bb-11f0-a925-54a95b9ec813,gina,1,174,0.4540884494781494,4.013319969177246,5742.0,0.4616919755935669,45,1
StandardGP,3828b7bb-06bb-11f0-a925-54a95b9ec813,gina,1,175,0.4540884494781494,4.1012187004089355,5824.0,0.4616919755935669,45,1
StandardGP,3828b7bb-06bb-11f0-a925-54a95b9ec813,gina,1,176,0.4540884494781494,3.8031110763549805,5814.0,0.4616919755935669,45,1
StandardGP,3828b7bb-06bb-11f0-a925-54a95b9ec813,gina,1,177,0.4540884494781494,4.127206325531006,5790.0,0.4616919755935669,45,1
StandardGP,3828b7bb-06bb-11f0-a925-54a95b9ec813,gina,1,178,0.4540884494781494,3.7823054790496826,5810.0,0.4616919755935669,45,1
StandardGP,3828b7bb-06bb-11f0-a925-54a95b9ec813,gina,1,179,0.45398634672164917,4.112641096115112,5810.0,0.4641823172569275,63,1
StandardGP,3828b7bb-06bb-11f0-a925-54a95b9ec813,gina,1,180,0.45398634672164917,3.5999884605407715,5880.0,0.4641823172569275,63,1
StandardGP,3828b7bb-06bb-11f0-a925-54a95b9ec813,gina,1,181,0.45398634672164917,5.034188508987427,5936.0,0.4641823172569275,63,1
StandardGP,3828b7bb-06bb-11f0-a925-54a95b9ec813,gina,1,182,0.4539833068847656,3.7182376384735107,5954.0,0.4641823470592499,63,1
StandardGP,3828b7bb-06bb-11f0-a925-54a95b9ec813,gina,1,183,0.45398271083831787,4.286198616027832,6036.0,0.4641823172569275,63,1
StandardGP,3828b7bb-06bb-11f0-a925-54a95b9ec813,gina,1,184,0.45398271083831787,3.7622640132904053,5960.0,0.4641823172569275,63,1
StandardGP,3828b7bb-06bb-11f0-a925-54a95b9ec813,gina,1,185,0.45398271083831787,4.118559837341309,5998.0,0.4641823172569275,63,1
StandardGP,3828b7bb-06bb-11f0-a925-54a95b9ec813,gina,1,186,0.45398271083831787,3.971684217453003,6056.0,0.4641823172569275,63,1
StandardGP,3828b7bb-06bb-11f0-a925-54a95b9ec813,gina,1,187,0.45398271083831787,4.217318534851074,5948.0,0.4641823172569275,63,1
StandardGP,3828b7bb-06bb-11f0-a925-54a95b9ec813,gina,1,188,0.45398271083831787,4.655720949172974,5996.0,0.4641823172569275,63,1
StandardGP,3828b7bb-06bb-11f0-a925-54a95b9ec813,gina,1,189,0.45398271083831787,3.838178873062134,6052.0,0.4641823172569275,63,1
StandardGP,3828b7bb-06bb-11f0-a925-54a95b9ec813,gina,1,190,0.4539484977722168,3.5482687950134277,5944.0,0.4638906717300415,45,1
StandardGP,3828b7bb-06bb-11f0-a925-54a95b9ec813,gina,1,191,0.4539484977722168,4.763640642166138,5916.0,0.4638906717300415,45,1
StandardGP,3828b7bb-06bb-11f0-a925-54a95b9ec813,gina,1,192,0.4539484977722168,3.66375470161438,5936.0,0.4638906717300415,45,1
StandardGP,3828b7bb-06bb-11f0-a925-54a95b9ec813,gina,1,193,0.4539484977722168,3.514676809310913,5896.0,0.4638906717300415,45,1
StandardGP,3828b7bb-06bb-11f0-a925-54a95b9ec813,gina,1,194,0.4539484977722168,4.317148923873901,5856.0,0.4638906717300415,45,1
StandardGP,3828b7bb-06bb-11f0-a925-54a95b9ec813,gina,1,195,0.4539484977722168,4.391102075576782,5900.0,0.4638906717300415,45,1
StandardGP,3828b7bb-06bb-11f0-a925-54a95b9ec813,gina,1,196,0.4539484977722168,4.031473636627197,5866.0,0.4638906717300415,45,1
StandardGP,3828b7bb-06bb-11f0-a925-54a95b9ec813,gina,1,197,0.4539484977722168,3.8465423583984375,5786.0,0.4638906717300415,45,1
StandardGP,3828b7bb-06bb-11f0-a925-54a95b9ec813,gina,1,198,0.4539484977722168,3.5535166263580322,5764.0,0.4638906717300415,45,1
StandardGP,3828b7bb-06bb-11f0-a925-54a95b9ec813,gina,1,199,0.4539484977722168,3.864684581756592,5796.0,0.4638906717300415,45,1
StandardGP,3828b7bb-06bb-11f0-a925-54a95b9ec813,gina,1,200,0.4539484977722168,4.532725811004639,5882.0,0.4638906717300415,45,1
StandardGP,3828b7bb-06bb-11f0-a925-54a95b9ec813,gina,1,201,0.4539484977722168,4.134674310684204,5900.0,0.4638906717300415,45,1
StandardGP,3828b7bb-06bb-11f0-a925-54a95b9ec813,gina,1,202,0.4539484977722168,3.469022750854492,5720.0,0.4638906717300415,45,1
StandardGP,3828b7bb-06bb-11f0-a925-54a95b9ec813,gina,1,203,0.4539484977722168,3.607309579849243,5682.0,0.4638906717300415,45,1
StandardGP,3828b7bb-06bb-11f0-a925-54a95b9ec813,gina,1,204,0.4539484977722168,3.934924364089966,5758.0,0.4638906717300415,45,1
StandardGP,3828b7bb-06bb-11f0-a925-54a95b9ec813,gina,1,205,0.4539484977722168,4.261220693588257,5734.0,0.4638906717300415,45,1
StandardGP,3828b7bb-06bb-11f0-a925-54a95b9ec813,gina,1,206,0.4539484977722168,3.429248094558716,5772.0,0.4638906717300415,45,1
StandardGP,3828b7bb-06bb-11f0-a925-54a95b9ec813,gina,1,207,0.4539484977722168,4.132806777954102,5744.0,0.4638906717300415,45,1
StandardGP,3828b7bb-06bb-11f0-a925-54a95b9ec813,gina,1,208,0.4539484977722168,3.8330934047698975,5798.0,0.4638906717300415,45,1
StandardGP,3828b7bb-06bb-11f0-a925-54a95b9ec813,gina,1,209,0.45394450426101685,3.6809418201446533,5882.0,0.46389061212539673,59,1
StandardGP,3828b7bb-06bb-11f0-a925-54a95b9ec813,gina,1,210,0.45394450426101685,4.385841131210327,5790.0,0.46389061212539673,59,1
StandardGP,3828b7bb-06bb-11f0-a925-54a95b9ec813,gina,1,211,0.45394450426101685,3.8890604972839355,5864.0,0.46389061212539673,59,1
StandardGP,3828b7bb-06bb-11f0-a925-54a95b9ec813,gina,1,212,0.45394450426101685,3.5055153369903564,5898.0,0.46389061212539673,59,1
StandardGP,3828b7bb-06bb-11f0-a925-54a95b9ec813,gina,1,213,0.45394450426101685,4.30951189994812,6034.0,0.46389061212539673,59,1
StandardGP,3828b7bb-06bb-11f0-a925-54a95b9ec813,gina,1,214,0.45394450426101685,3.6678340435028076,5964.0,0.46389061212539673,59,1
StandardGP,3828b7bb-06bb-11f0-a925-54a95b9ec813,gina,1,215,0.45394447445869446,4.714531898498535,5962.0,0.46389061212539673,61,1
StandardGP,3828b7bb-06bb-11f0-a925-54a95b9ec813,gina,1,216,0.45394447445869446,3.735106945037842,5964.0,0.46389061212539673,61,1
StandardGP,3828b7bb-06bb-11f0-a925-54a95b9ec813,gina,1,217,0.45394447445869446,3.958983898162842,6096.0,0.46389061212539673,61,1
StandardGP,3828b7bb-06bb-11f0-a925-54a95b9ec813,gina,1,218,0.45394447445869446,4.597290992736816,5870.0,0.46389061212539673,61,1
StandardGP,3828b7bb-06bb-11f0-a925-54a95b9ec813,gina,1,219,0.45394447445869446,3.615687131881714,5986.0,0.46389061212539673,61,1
StandardGP,3828b7bb-06bb-11f0-a925-54a95b9ec813,gina,1,220,0.45394447445869446,4.183685302734375,5958.0,0.46389061212539673,61,1
StandardGP,3828b7bb-06bb-11f0-a925-54a95b9ec813,gina,1,221,0.45394447445869446,3.8353328704833984,5882.0,0.46389061212539673,61,1
StandardGP,3828b7bb-06bb-11f0-a925-54a95b9ec813,gina,1,222,0.45394447445869446,3.8475122451782227,5780.0,0.46389061212539673,61,1
StandardGP,3828b7bb-06bb-11f0-a925-54a95b9ec813,gina,1,223,0.45394447445869446,3.5977258682250977,5716.0,0.46389061212539673,61,1
StandardGP,3828b7bb-06bb-11f0-a925-54a95b9ec813,gina,1,224,0.45394447445869446,4.264128923416138,5846.0,0.46389061212539673,61,1
StandardGP,3828b7bb-06bb-11f0-a925-54a95b9ec813,gina,1,225,0.45394447445869446,4.3044593334198,6010.0,0.46389061212539673,61,1
StandardGP,3828b7bb-06bb-11f0-a925-54a95b9ec813,gina,1,226,0.45394447445869446,3.7684128284454346,5924.0,0.46389061212539673,61,1
StandardGP,3828b7bb-06bb-11f0-a925-54a95b9ec813,gina,1,227,0.45394447445869446,4.19889235496521,5840.0,0.46389061212539673,61,1
StandardGP,3828b7bb-06bb-11f0-a925-54a95b9ec813,gina,1,228,0.45394447445869446,4.040537118911743,5958.0,0.46389061212539673,61,1
StandardGP,3828b7bb-06bb-11f0-a925-54a95b9ec813,gina,1,229,0.45394447445869446,3.6843552589416504,5958.0,0.46389061212539673,61,1
StandardGP,3828b7bb-06bb-11f0-a925-54a95b9ec813,gina,1,230,0.45394447445869446,4.048834562301636,5992.0,0.46389061212539673,61,1
StandardGP,3828b7bb-06bb-11f0-a925-54a95b9ec813,gina,1,231,0.45394447445869446,4.219686508178711,5914.0,0.46389061212539673,61,1
StandardGP,3828b7bb-06bb-11f0-a925-54a95b9ec813,gina,1,232,0.45394447445869446,3.918220281600952,5966.0,0.46389061212539673,61,1
StandardGP,3828b7bb-06bb-11f0-a925-54a95b9ec813,gina,1,233,0.45394447445869446,3.734546422958374,5986.0,0.46389061212539673,61,1
StandardGP,3828b7bb-06bb-11f0-a925-54a95b9ec813,gina,1,234,0.45393887162208557,3.886427402496338,5850.0,0.46389040350914,49,1
StandardGP,3828b7bb-06bb-11f0-a925-54a95b9ec813,gina,1,235,0.45393887162208557,3.801652669906616,5848.0,0.46389040350914,49,1
StandardGP,3828b7bb-06bb-11f0-a925-54a95b9ec813,gina,1,236,0.45393887162208557,4.034250259399414,5880.0,0.46389040350914,49,1
StandardGP,3828b7bb-06bb-11f0-a925-54a95b9ec813,gina,1,237,0.45393887162208557,3.9321019649505615,5904.0,0.46389040350914,49,1
StandardGP,3828b7bb-06bb-11f0-a925-54a95b9ec813,gina,1,238,0.45393887162208557,3.5188868045806885,5818.0,0.46389040350914,49,1
StandardGP,3828b7bb-06bb-11f0-a925-54a95b9ec813,gina,1,239,0.45393887162208557,4.300653457641602,5924.0,0.46389040350914,49,1
StandardGP,3828b7bb-06bb-11f0-a925-54a95b9ec813,gina,1,240,0.45393887162208557,3.431392192840576,5878.0,0.46389040350914,49,1
StandardGP,3828b7bb-06bb-11f0-a925-54a95b9ec813,gina,1,241,0.45393887162208557,3.9333722591400146,5864.0,0.46389040350914,49,1
StandardGP,3828b7bb-06bb-11f0-a925-54a95b9ec813,gina,1,242,0.45393887162208557,4.037730932235718,5802.0,0.46389040350914,49,1
StandardGP,3828b7bb-06bb-11f0-a925-54a95b9ec813,gina,1,243,0.45393887162208557,3.702280282974243,5828.0,0.46389040350914,49,1
StandardGP,3828b7bb-06bb-11f0-a925-54a95b9ec813,gina,1,244,0.45393887162208557,4.033159494400024,5824.0,0.46389040350914,49,1
StandardGP,3828b7bb-06bb-11f0-a925-54a95b9ec813,gina,1,245,0.45393887162208557,3.808250904083252,5598.0,0.46389040350914,49,1
StandardGP,3828b7bb-06bb-11f0-a925-54a95b9ec813,gina,1,246,0.4535313844680786,3.6178295612335205,5558.0,0.46225643157958984,57,1
StandardGP,3828b7bb-06bb-11f0-a925-54a95b9ec813,gina,1,247,0.4535313844680786,3.9008302688598633,5524.0,0.46225643157958984,57,1
StandardGP,3828b7bb-06bb-11f0-a925-54a95b9ec813,gina,1,248,0.4535313844680786,3.6458640098571777,5534.0,0.46225643157958984,57,1
StandardGP,3828b7bb-06bb-11f0-a925-54a95b9ec813,gina,1,249,0.4535313844680786,3.5503900051116943,5646.0,0.46225643157958984,57,1
StandardGP,3828b7bb-06bb-11f0-a925-54a95b9ec813,gina,1,250,0.4535313844680786,3.58366060256958,5700.0,0.46225643157958984,57,1
StandardGP,3828b7bb-06bb-11f0-a925-54a95b9ec813,gina,1,251,0.4535313844680786,3.6333577632904053,5656.0,0.46225643157958984,57,1
StandardGP,3828b7bb-06bb-11f0-a925-54a95b9ec813,gina,1,252,0.4535313844680786,3.909313440322876,5714.0,0.46225643157958984,57,1
StandardGP,3828b7bb-06bb-11f0-a925-54a95b9ec813,gina,1,253,0.4535313844680786,3.8210153579711914,5770.0,0.46225643157958984,57,1
StandardGP,3828b7bb-06bb-11f0-a925-54a95b9ec813,gina,1,254,0.4535313844680786,3.7658865451812744,5856.0,0.46225643157958984,57,1
StandardGP,3828b7bb-06bb-11f0-a925-54a95b9ec813,gina,1,255,0.4535313844680786,3.729135751724243,5898.0,0.46225643157958984,57,1
StandardGP,3828b7bb-06bb-11f0-a925-54a95b9ec813,gina,1,256,0.4535313844680786,3.7573089599609375,5806.0,0.46225643157958984,57,1
StandardGP,3828b7bb-06bb-11f0-a925-54a95b9ec813,gina,1,257,0.45351728796958923,3.284179210662842,5784.0,0.46221521496772766,61,1
StandardGP,3828b7bb-06bb-11f0-a925-54a95b9ec813,gina,1,258,0.45351728796958923,4.470393896102905,5658.0,0.46221521496772766,61,1
StandardGP,3828b7bb-06bb-11f0-a925-54a95b9ec813,gina,1,259,0.45351725816726685,3.285881519317627,5666.0,0.46221521496772766,59,1
StandardGP,3828b7bb-06bb-11f0-a925-54a95b9ec813,gina,1,260,0.45351725816726685,3.4517478942871094,5706.0,0.46221521496772766,59,1
StandardGP,3828b7bb-06bb-11f0-a925-54a95b9ec813,gina,1,261,0.45351725816726685,3.779778242111206,5728.0,0.46221521496772766,59,1
StandardGP,3828b7bb-06bb-11f0-a925-54a95b9ec813,gina,1,262,0.45351725816726685,3.8005285263061523,5668.0,0.46221521496772766,59,1
StandardGP,3828b7bb-06bb-11f0-a925-54a95b9ec813,gina,1,263,0.45351725816726685,4.188571214675903,5818.0,0.46221521496772766,59,1
StandardGP,3828b7bb-06bb-11f0-a925-54a95b9ec813,gina,1,264,0.45351725816726685,3.5522449016571045,5814.0,0.46221521496772766,59,1
StandardGP,3828b7bb-06bb-11f0-a925-54a95b9ec813,gina,1,265,0.45351725816726685,4.048168659210205,5886.0,0.46221521496772766,59,1
StandardGP,3828b7bb-06bb-11f0-a925-54a95b9ec813,gina,1,266,0.45351725816726685,3.5174012184143066,5794.0,0.46221521496772766,59,1
StandardGP,3828b7bb-06bb-11f0-a925-54a95b9ec813,gina,1,267,0.45351725816726685,4.011201858520508,5894.0,0.46221521496772766,59,1
StandardGP,3828b7bb-06bb-11f0-a925-54a95b9ec813,gina,1,268,0.45351725816726685,3.378141403198242,5852.0,0.46221521496772766,59,1
StandardGP,3828b7bb-06bb-11f0-a925-54a95b9ec813,gina,1,269,0.45351725816726685,4.059027671813965,5894.0,0.46221521496772766,59,1
StandardGP,3828b7bb-06bb-11f0-a925-54a95b9ec813,gina,1,270,0.45351725816726685,3.3159701824188232,6026.0,0.46221521496772766,59,1
StandardGP,3828b7bb-06bb-11f0-a925-54a95b9ec813,gina,1,271,0.45351725816726685,4.421365022659302,5988.0,0.46221521496772766,59,1
StandardGP,3828b7bb-06bb-11f0-a925-54a95b9ec813,gina,1,272,0.45351725816726685,3.951207160949707,5932.0,0.46221521496772766,59,1
StandardGP,3828b7bb-06bb-11f0-a925-54a95b9ec813,gina,1,273,0.45351725816726685,3.339876174926758,5846.0,0.46221521496772766,59,1
StandardGP,3828b7bb-06bb-11f0-a925-54a95b9ec813,gina,1,274,0.45351725816726685,4.03891134262085,5938.0,0.46221521496772766,59,1
StandardGP,3828b7bb-06bb-11f0-a925-54a95b9ec813,gina,1,275,0.45351725816726685,3.7616207599639893,5854.0,0.46221521496772766,59,1
StandardGP,3828b7bb-06bb-11f0-a925-54a95b9ec813,gina,1,276,0.45351725816726685,3.366692543029785,5952.0,0.46221521496772766,59,1
StandardGP,3828b7bb-06bb-11f0-a925-54a95b9ec813,gina,1,277,0.45351725816726685,3.422489643096924,5814.0,0.46221521496772766,59,1
StandardGP,3828b7bb-06bb-11f0-a925-54a95b9ec813,gina,1,278,0.45351725816726685,3.052685260772705,5804.0,0.46221521496772766,59,1
StandardGP,3828b7bb-06bb-11f0-a925-54a95b9ec813,gina,1,279,0.45351725816726685,3.947127342224121,5840.0,0.46221521496772766,59,1
StandardGP,3828b7bb-06bb-11f0-a925-54a95b9ec813,gina,1,280,0.45351725816726685,3.669032335281372,5848.0,0.46221521496772766,59,1
StandardGP,3828b7bb-06bb-11f0-a925-54a95b9ec813,gina,1,281,0.45351725816726685,3.584700345993042,5910.0,0.46221521496772766,59,1
StandardGP,3828b7bb-06bb-11f0-a925-54a95b9ec813,gina,1,282,0.45351725816726685,3.5726089477539062,5832.0,0.46221521496772766,59,1
StandardGP,3828b7bb-06bb-11f0-a925-54a95b9ec813,gina,1,283,0.45351725816726685,3.485883951187134,5778.0,0.46221521496772766,59,1
StandardGP,3828b7bb-06bb-11f0-a925-54a95b9ec813,gina,1,284,0.45351725816726685,3.3156497478485107,5798.0,0.46221521496772766,59,1
StandardGP,3828b7bb-06bb-11f0-a925-54a95b9ec813,gina,1,285,0.45351725816726685,3.3036229610443115,5758.0,0.46221521496772766,59,1
StandardGP,3828b7bb-06bb-11f0-a925-54a95b9ec813,gina,1,286,0.45351725816726685,3.2356483936309814,5756.0,0.46221521496772766,59,1
StandardGP,3828b7bb-06bb-11f0-a925-54a95b9ec813,gina,1,287,0.45351725816726685,3.8316781520843506,5728.0,0.46221521496772766,59,1
StandardGP,3828b7bb-06bb-11f0-a925-54a95b9ec813,gina,1,288,0.45351725816726685,3.2834720611572266,5868.0,0.46221521496772766,59,1
StandardGP,3828b7bb-06bb-11f0-a925-54a95b9ec813,gina,1,289,0.45351725816726685,3.8529531955718994,5852.0,0.46221521496772766,59,1
StandardGP,3828b7bb-06bb-11f0-a925-54a95b9ec813,gina,1,290,0.45351725816726685,3.2347524166107178,5788.0,0.46221521496772766,59,1
StandardGP,3828b7bb-06bb-11f0-a925-54a95b9ec813,gina,1,291,0.45351725816726685,2.85113263130188,5760.0,0.46221521496772766,59,1
StandardGP,3828b7bb-06bb-11f0-a925-54a95b9ec813,gina,1,292,0.45351725816726685,4.153938293457031,5722.0,0.46221521496772766,59,1
StandardGP,3828b7bb-06bb-11f0-a925-54a95b9ec813,gina,1,293,0.45351725816726685,2.91620135307312,5900.0,0.46221521496772766,59,1
StandardGP,3828b7bb-06bb-11f0-a925-54a95b9ec813,gina,1,294,0.45351725816726685,3.571547031402588,5870.0,0.46221521496772766,59,1
StandardGP,3828b7bb-06bb-11f0-a925-54a95b9ec813,gina,1,295,0.45351725816726685,3.9427263736724854,5844.0,0.46221521496772766,59,1
StandardGP,3828b7bb-06bb-11f0-a925-54a95b9ec813,gina,1,296,0.45351725816726685,3.482450485229492,5864.0,0.46221521496772766,59,1
StandardGP,3828b7bb-06bb-11f0-a925-54a95b9ec813,gina,1,297,0.45351725816726685,3.401461601257324,5760.0,0.46221521496772766,59,1
StandardGP,3828b7bb-06bb-11f0-a925-54a95b9ec813,gina,1,298,0.45351725816726685,3.1372337341308594,5570.0,0.46221521496772766,59,1
StandardGP,3828b7bb-06bb-11f0-a925-54a95b9ec813,gina,1,299,0.45351725816726685,3.0679659843444824,5710.0,0.46221521496772766,59,1
StandardGP,3828b7bb-06bb-11f0-a925-54a95b9ec813,gina,1,300,0.45351725816726685,4.117207288742065,5702.0,0.46221521496772766,59,1
StandardGP,3828b7bb-06bb-11f0-a925-54a95b9ec813,gina,1,301,0.45351725816726685,2.746246814727783,5692.0,0.46221521496772766,59,1
StandardGP,3828b7bb-06bb-11f0-a925-54a95b9ec813,gina,1,302,0.45351725816726685,3.584329843521118,5730.0,0.46221521496772766,59,1
StandardGP,3828b7bb-06bb-11f0-a925-54a95b9ec813,gina,1,303,0.45351725816726685,3.649207830429077,5614.0,0.46221521496772766,59,1
StandardGP,3828b7bb-06bb-11f0-a925-54a95b9ec813,gina,1,304,0.45351725816726685,3.44777250289917,5604.0,0.46221521496772766,59,1
StandardGP,3828b7bb-06bb-11f0-a925-54a95b9ec813,gina,1,305,0.45351725816726685,3.115614891052246,5636.0,0.46221521496772766,59,1
StandardGP,3828b7bb-06bb-11f0-a925-54a95b9ec813,gina,1,306,0.45351725816726685,4.048259258270264,5704.0,0.46221521496772766,59,1
StandardGP,3828b7bb-06bb-11f0-a925-54a95b9ec813,gina,1,307,0.45351725816726685,3.3979883193969727,5714.0,0.46221521496772766,59,1
StandardGP,3828b7bb-06bb-11f0-a925-54a95b9ec813,gina,1,308,0.45351725816726685,2.928825855255127,5660.0,0.46221521496772766,59,1
StandardGP,3828b7bb-06bb-11f0-a925-54a95b9ec813,gina,1,309,0.45351725816726685,3.7333221435546875,5656.0,0.46221521496772766,59,1
StandardGP,3828b7bb-06bb-11f0-a925-54a95b9ec813,gina,1,310,0.45351725816726685,3.4474594593048096,5632.0,0.46221521496772766,59,1
StandardGP,3828b7bb-06bb-11f0-a925-54a95b9ec813,gina,1,311,0.45351725816726685,3.5816032886505127,5676.0,0.46221521496772766,59,1
StandardGP,3828b7bb-06bb-11f0-a925-54a95b9ec813,gina,1,312,0.45351725816726685,3.8637118339538574,5712.0,0.46221521496772766,59,1
StandardGP,3828b7bb-06bb-11f0-a925-54a95b9ec813,gina,1,313,0.45351725816726685,2.8175790309906006,5752.0,0.46221521496772766,59,1
StandardGP,3828b7bb-06bb-11f0-a925-54a95b9ec813,gina,1,314,0.45351725816726685,3.60046648979187,5784.0,0.46221521496772766,59,1
StandardGP,3828b7bb-06bb-11f0-a925-54a95b9ec813,gina,1,315,0.45351725816726685,3.6831727027893066,5840.0,0.46221521496772766,59,1
StandardGP,3828b7bb-06bb-11f0-a925-54a95b9ec813,gina,1,316,0.45351725816726685,3.4515674114227295,5956.0,0.46221521496772766,59,1
StandardGP,3828b7bb-06bb-11f0-a925-54a95b9ec813,gina,1,317,0.45351725816726685,3.3828611373901367,5816.0,0.46221521496772766,59,1
StandardGP,3828b7bb-06bb-11f0-a925-54a95b9ec813,gina,1,318,0.45351725816726685,3.7629506587982178,5884.0,0.46221521496772766,59,1
StandardGP,3828b7bb-06bb-11f0-a925-54a95b9ec813,gina,1,319,0.45351725816726685,3.370429754257202,5946.0,0.46221521496772766,59,1
StandardGP,3828b7bb-06bb-11f0-a925-54a95b9ec813,gina,1,320,0.45351725816726685,3.0966062545776367,5824.0,0.46221521496772766,59,1
StandardGP,3828b7bb-06bb-11f0-a925-54a95b9ec813,gina,1,321,0.45351725816726685,3.905454635620117,5706.0,0.46221521496772766,59,1
StandardGP,3828b7bb-06bb-11f0-a925-54a95b9ec813,gina,1,322,0.45351725816726685,3.3805954456329346,5816.0,0.46221521496772766,59,1
StandardGP,3828b7bb-06bb-11f0-a925-54a95b9ec813,gina,1,323,0.45351478457450867,3.4625725746154785,5686.0,0.46221521496772766,61,1
StandardGP,3828b7bb-06bb-11f0-a925-54a95b9ec813,gina,1,324,0.45351478457450867,2.8818318843841553,5742.0,0.46221521496772766,61,1
StandardGP,3828b7bb-06bb-11f0-a925-54a95b9ec813,gina,1,325,0.45351478457450867,3.30810284614563,5724.0,0.46221521496772766,61,1
StandardGP,3828b7bb-06bb-11f0-a925-54a95b9ec813,gina,1,326,0.45351478457450867,4.183827638626099,5864.0,0.46221521496772766,61,1
StandardGP,3828b7bb-06bb-11f0-a925-54a95b9ec813,gina,1,327,0.45351478457450867,3.318936347961426,5842.0,0.46221521496772766,61,1
StandardGP,3828b7bb-06bb-11f0-a925-54a95b9ec813,gina,1,328,0.45351478457450867,4.021862745285034,5666.0,0.46221521496772766,61,1
StandardGP,3828b7bb-06bb-11f0-a925-54a95b9ec813,gina,1,329,0.45351478457450867,3.210562229156494,5758.0,0.46221521496772766,61,1
StandardGP,3828b7bb-06bb-11f0-a925-54a95b9ec813,gina,1,330,0.4535147547721863,3.2528281211853027,5808.0,0.46221521496772766,59,1
StandardGP,3828b7bb-06bb-11f0-a925-54a95b9ec813,gina,1,331,0.4535147547721863,3.2309443950653076,5794.0,0.46221521496772766,59,1
StandardGP,3828b7bb-06bb-11f0-a925-54a95b9ec813,gina,1,332,0.4535147547721863,3.721862554550171,5758.0,0.46221521496772766,59,1
StandardGP,3828b7bb-06bb-11f0-a925-54a95b9ec813,gina,1,333,0.4535147547721863,3.4281458854675293,5784.0,0.46221521496772766,59,1
StandardGP,3828b7bb-06bb-11f0-a925-54a95b9ec813,gina,1,334,0.4535147547721863,2.866610527038574,5752.0,0.46221521496772766,59,1
StandardGP,3828b7bb-06bb-11f0-a925-54a95b9ec813,gina,1,335,0.4535147547721863,3.0024213790893555,5716.0,0.46221521496772766,59,1
StandardGP,3828b7bb-06bb-11f0-a925-54a95b9ec813,gina,1,336,0.4535147547721863,4.191791296005249,5788.0,0.46221521496772766,59,1
StandardGP,3828b7bb-06bb-11f0-a925-54a95b9ec813,gina,1,337,0.4535147547721863,3.2130329608917236,5852.0,0.46221521496772766,59,1
StandardGP,3828b7bb-06bb-11f0-a925-54a95b9ec813,gina,1,338,0.4535147547721863,3.4224023818969727,5884.0,0.46221521496772766,59,1
StandardGP,3828b7bb-06bb-11f0-a925-54a95b9ec813,gina,1,339,0.4535147547721863,3.694714307785034,5924.0,0.46221521496772766,59,1
StandardGP,3828b7bb-06bb-11f0-a925-54a95b9ec813,gina,1,340,0.4535147547721863,4.024475336074829,5870.0,0.46221521496772766,59,1
StandardGP,3828b7bb-06bb-11f0-a925-54a95b9ec813,gina,1,341,0.4535147547721863,3.334409236907959,5850.0,0.46221521496772766,59,1
StandardGP,3828b7bb-06bb-11f0-a925-54a95b9ec813,gina,1,342,0.4535147547721863,3.367208480834961,5938.0,0.46221521496772766,59,1
StandardGP,3828b7bb-06bb-11f0-a925-54a95b9ec813,gina,1,343,0.4535147547721863,3.6997268199920654,5968.0,0.46221521496772766,59,1
StandardGP,3828b7bb-06bb-11f0-a925-54a95b9ec813,gina,1,344,0.4535147547721863,3.7689812183380127,6014.0,0.46221521496772766,59,1
StandardGP,3828b7bb-06bb-11f0-a925-54a95b9ec813,gina,1,345,0.4535147547721863,4.102367877960205,6046.0,0.46221521496772766,59,1
StandardGP,3828b7bb-06bb-11f0-a925-54a95b9ec813,gina,1,346,0.4535147547721863,3.3527584075927734,6064.0,0.46221521496772766,59,1
StandardGP,3828b7bb-06bb-11f0-a925-54a95b9ec813,gina,1,347,0.4535147547721863,3.29060435295105,6026.0,0.46221521496772766,59,1
StandardGP,3828b7bb-06bb-11f0-a925-54a95b9ec813,gina,1,348,0.4535147547721863,3.733755588531494,5974.0,0.46221521496772766,59,1
StandardGP,3828b7bb-06bb-11f0-a925-54a95b9ec813,gina,1,349,0.4535147547721863,3.0948288440704346,5876.0,0.46221521496772766,59,1
StandardGP,3828b7bb-06bb-11f0-a925-54a95b9ec813,gina,1,350,0.4535147547721863,3.3465678691864014,5942.0,0.46221521496772766,59,1
StandardGP,3828b7bb-06bb-11f0-a925-54a95b9ec813,gina,1,351,0.4535009264945984,3.8492565155029297,6056.0,0.4622155725955963,47,1
StandardGP,3828b7bb-06bb-11f0-a925-54a95b9ec813,gina,1,352,0.4535009264945984,3.418612480163574,6042.0,0.4622155725955963,47,1
StandardGP,3828b7bb-06bb-11f0-a925-54a95b9ec813,gina,1,353,0.4535009264945984,3.150348424911499,5950.0,0.4622155725955963,47,1
StandardGP,3828b7bb-06bb-11f0-a925-54a95b9ec813,gina,1,354,0.4535009264945984,3.436945915222168,5970.0,0.4622155725955963,47,1
StandardGP,3828b7bb-06bb-11f0-a925-54a95b9ec813,gina,1,355,0.4535009264945984,4.557363748550415,6030.0,0.4622155725955963,47,1
StandardGP,3828b7bb-06bb-11f0-a925-54a95b9ec813,gina,1,356,0.4535009264945984,3.4146571159362793,6060.0,0.4622155725955963,47,1
StandardGP,3828b7bb-06bb-11f0-a925-54a95b9ec813,gina,1,357,0.4535009264945984,3.801933526992798,5938.0,0.4622155725955963,47,1
StandardGP,3828b7bb-06bb-11f0-a925-54a95b9ec813,gina,1,358,0.45350080728530884,3.0355615615844727,5754.0,0.4622155725955963,55,1
StandardGP,3828b7bb-06bb-11f0-a925-54a95b9ec813,gina,1,359,0.4534921646118164,3.3677468299865723,5800.0,0.462215393781662,49,1
StandardGP,3828b7bb-06bb-11f0-a925-54a95b9ec813,gina,1,360,0.4534921646118164,3.3719117641448975,5668.0,0.462215393781662,49,1
StandardGP,3828b7bb-06bb-11f0-a925-54a95b9ec813,gina,1,361,0.4534921646118164,3.2917745113372803,5812.0,0.462215393781662,49,1
StandardGP,3828b7bb-06bb-11f0-a925-54a95b9ec813,gina,1,362,0.4534921646118164,3.268632411956787,5824.0,0.462215393781662,49,1
StandardGP,3828b7bb-06bb-11f0-a925-54a95b9ec813,gina,1,363,0.4534921646118164,3.3691885471343994,5894.0,0.462215393781662,49,1
StandardGP,3828b7bb-06bb-11f0-a925-54a95b9ec813,gina,1,364,0.4534921646118164,3.152806520462036,5846.0,0.462215393781662,49,1
StandardGP,3828b7bb-06bb-11f0-a925-54a95b9ec813,gina,1,365,0.4534921646118164,3.529374837875366,5792.0,0.462215393781662,49,1
StandardGP,3828b7bb-06bb-11f0-a925-54a95b9ec813,gina,1,366,0.4534921646118164,3.334641218185425,5752.0,0.462215393781662,49,1
StandardGP,3828b7bb-06bb-11f0-a925-54a95b9ec813,gina,1,367,0.4534921646118164,4.131489992141724,5836.0,0.462215393781662,49,1
StandardGP,3828b7bb-06bb-11f0-a925-54a95b9ec813,gina,1,368,0.4534921646118164,3.494591236114502,5746.0,0.462215393781662,49,1
StandardGP,3828b7bb-06bb-11f0-a925-54a95b9ec813,gina,1,369,0.4534921646118164,3.1510605812072754,5694.0,0.462215393781662,49,1
StandardGP,3828b7bb-06bb-11f0-a925-54a95b9ec813,gina,1,370,0.4534921646118164,3.386221408843994,5740.0,0.462215393781662,49,1
StandardGP,3828b7bb-06bb-11f0-a925-54a95b9ec813,gina,1,371,0.4534921646118164,3.5645954608917236,5854.0,0.462215393781662,49,1
StandardGP,3828b7bb-06bb-11f0-a925-54a95b9ec813,gina,1,372,0.4534921646118164,3.572744607925415,5814.0,0.462215393781662,49,1
StandardGP,3828b7bb-06bb-11f0-a925-54a95b9ec813,gina,1,373,0.4534921646118164,3.2240207195281982,5806.0,0.462215393781662,49,1
StandardGP,3828b7bb-06bb-11f0-a925-54a95b9ec813,gina,1,374,0.45344117283821106,3.510388135910034,5880.0,0.46221545338630676,63,1
StandardGP,3828b7bb-06bb-11f0-a925-54a95b9ec813,gina,1,375,0.45344117283821106,3.7314653396606445,5978.0,0.46221545338630676,63,1
StandardGP,3828b7bb-06bb-11f0-a925-54a95b9ec813,gina,1,376,0.45344117283821106,3.5717344284057617,5932.0,0.46221545338630676,63,1
StandardGP,3828b7bb-06bb-11f0-a925-54a95b9ec813,gina,1,377,0.45344117283821106,3.3623125553131104,5932.0,0.46221545338630676,63,1
StandardGP,3828b7bb-06bb-11f0-a925-54a95b9ec813,gina,1,378,0.45344117283821106,3.8160359859466553,5972.0,0.46221545338630676,63,1
StandardGP,3828b7bb-06bb-11f0-a925-54a95b9ec813,gina,1,379,0.45344117283821106,4.046019077301025,5826.0,0.46221545338630676,63,1
StandardGP,3828b7bb-06bb-11f0-a925-54a95b9ec813,gina,1,380,0.45344117283821106,3.0143723487854004,5802.0,0.46221545338630676,63,1
StandardGP,3828b7bb-06bb-11f0-a925-54a95b9ec813,gina,1,381,0.45344117283821106,4.536480188369751,5906.0,0.46221545338630676,63,1
