StandardGSGP,32134742-027a-11f0-8a28-089df4bf3532,liver,1,0,0.5906432867050171,0.0,12.0,0.5945945978164673,3,1
StandardGSGP,32134742-027a-11f0-8a28-089df4bf3532,liver,1,1,0.5906432867050171,0.0,30.0,0.5945945978164673,3,1
StandardGSGP,32134742-027a-11f0-8a28-089df4bf3532,liver,1,2,0.5906432867050171,0.016280651092529297,46.0,0.5945945978164673,3,1
StandardGSGP,32134742-027a-11f0-8a28-089df4bf3532,liver,1,3,0.5906432867050171,0.0018987655639648438,52.0,0.5945945978164673,3,1
StandardGSGP,32134742-027a-11f0-8a28-089df4bf3532,liver,1,4,0.5906432867050171,0.0010445117950439453,54.0,0.5945945978164673,3,1
StandardGSGP,32134742-027a-11f0-8a28-089df4bf3532,liver,1,5,0.5906432867050171,0.001007080078125,86.0,0.5945945978164673,3,1
StandardGSGP,32134742-027a-11f0-8a28-089df4bf3532,liver,1,6,0.5906432867050171,0.0019998550415039062,54.0,0.5945945978164673,3,1
StandardGSGP,32134742-027a-11f0-8a28-089df4bf3532,liver,1,7,0.5906432867050171,0.0010004043579101562,74.0,0.5945945978164673,3,1
StandardGSGP,32134742-027a-11f0-8a28-089df4bf3532,liver,1,8,0.5906432867050171,0.0010008811950683594,92.0,0.5945945978164673,3,1
StandardGSGP,32134742-027a-11f0-8a28-089df4bf3532,liver,1,9,0.5906432867050171,0.0019998550415039062,112.0,0.5945945978164673,3,1
StandardGSGP,32134742-027a-11f0-8a28-089df4bf3532,liver,1,10,0.5906432867050171,0.0010004043579101562,82.0,0.5945945978164673,3,1
StandardGSGP,32185c7b-027a-11f0-9829-089df4bf3532,liver,2,0,0.5906432867050171,0.0009999275207519531,12.0,0.5945945978164673,3,1
StandardGSGP,32185c7b-027a-11f0-9829-089df4bf3532,liver,2,1,0.5906432867050171,0.0020008087158203125,30.0,0.5945945978164673,3,1
StandardGSGP,32185c7b-027a-11f0-9829-089df4bf3532,liver,2,2,0.5906432867050171,0.002000093460083008,42.0,0.5945945978164673,3,1
StandardGSGP,32185c7b-027a-11f0-9829-089df4bf3532,liver,2,3,0.5906432867050171,0.002000093460083008,36.0,0.5945945978164673,3,1
StandardGSGP,32185c7b-027a-11f0-9829-089df4bf3532,liver,2,4,0.5906432867050171,0.0010004043579101562,56.0,0.5945945978164673,3,1
StandardGSGP,32185c7b-027a-11f0-9829-089df4bf3532,liver,2,5,0.5906432867050171,0.0010006427764892578,58.0,0.5945945978164673,3,1
StandardGSGP,32185c7b-027a-11f0-9829-089df4bf3532,liver,2,6,0.5906432867050171,0.001001119613647461,78.0,0.5945945978164673,3,1
StandardGSGP,32185c7b-027a-11f0-9829-089df4bf3532,liver,2,7,0.5906432867050171,0.0010008811950683594,72.0,0.5945945978164673,3,1
StandardGSGP,32185c7b-027a-11f0-9829-089df4bf3532,liver,2,8,0.5906432867050171,0.0018362998962402344,84.0,0.5945945978164673,3,1
StandardGSGP,32185c7b-027a-11f0-9829-089df4bf3532,liver,2,9,0.5906432867050171,0.0010018348693847656,102.0,0.5945945978164673,3,1
StandardGSGP,32185c7b-027a-11f0-9829-089df4bf3532,liver,2,10,0.5906432867050171,0.0009698867797851562,144.0,0.5945945978164673,3,1
StandardGSGP,321c2d33-027a-11f0-bfb2-089df4bf3532,liver,3,0,0.5906432867050171,0.0010001659393310547,12.0,0.5945945978164673,3,1
StandardGSGP,321c2d33-027a-11f0-bfb2-089df4bf3532,liver,3,1,0.5906432867050171,0.0009829998016357422,30.0,0.5945945978164673,3,1
StandardGSGP,321c2d33-027a-11f0-bfb2-089df4bf3532,liver,3,2,0.5906432867050171,0.0010020732879638672,42.0,0.5945945978164673,3,1
StandardGSGP,321c2d33-027a-11f0-bfb2-089df4bf3532,liver,3,3,0.5906432867050171,0.0012598037719726562,60.0,0.5945945978164673,3,1
StandardGSGP,321c2d33-027a-11f0-bfb2-089df4bf3532,liver,3,4,0.5906432867050171,0.0,54.0,0.5945945978164673,3,1
StandardGSGP,321c2d33-027a-11f0-bfb2-089df4bf3532,liver,3,5,0.5906432867050171,0.0,54.0,0.5945945978164673,3,1
StandardGSGP,321c2d33-027a-11f0-bfb2-089df4bf3532,liver,3,6,0.5906432867050171,0.0,84.0,0.5945945978164673,3,1
StandardGSGP,321c2d33-027a-11f0-bfb2-089df4bf3532,liver,3,7,0.5906432867050171,0.0,72.0,0.5945945978164673,3,1
StandardGSGP,321c2d33-027a-11f0-bfb2-089df4bf3532,liver,3,8,0.5906432867050171,0.0,72.0,0.5945945978164673,3,1
StandardGSGP,321c2d33-027a-11f0-bfb2-089df4bf3532,liver,3,9,0.5906432867050171,0.0,66.0,0.5945945978164673,3,1
StandardGSGP,321c2d33-027a-11f0-bfb2-089df4bf3532,liver,3,10,0.5906432867050171,0.0,78.0,0.5945945978164673,3,1
StandardGSGP,321fd31c-027a-11f0-8bd4-089df4bf3532,liver,4,0,0.5906432867050171,0.0,12.0,0.5945945978164673,3,1
StandardGSGP,321fd31c-027a-11f0-8bd4-089df4bf3532,liver,4,1,0.5906432867050171,0.0,30.0,0.5945945978164673,3,1
StandardGSGP,321fd31c-027a-11f0-8bd4-089df4bf3532,liver,4,2,0.5906432867050171,0.0,36.0,0.5945945978164673,3,1
StandardGSGP,321fd31c-027a-11f0-8bd4-089df4bf3532,liver,4,3,0.5906432867050171,0.0,50.0,0.5945945978164673,3,1
StandardGSGP,321fd31c-027a-11f0-8bd4-089df4bf3532,liver,4,4,0.5906432867050171,0.0,54.0,0.5945945978164673,3,1
StandardGSGP,321fd31c-027a-11f0-8bd4-089df4bf3532,liver,4,5,0.5906432867050171,0.0,48.0,0.5945945978164673,3,1
StandardGSGP,321fd31c-027a-11f0-8bd4-089df4bf3532,liver,4,6,0.5906432867050171,0.0,78.0,0.5945945978164673,3,1
StandardGSGP,321fd31c-027a-11f0-8bd4-089df4bf3532,liver,4,7,0.5906432867050171,0.01562356948852539,96.0,0.5945945978164673,3,1
StandardGSGP,321fd31c-027a-11f0-8bd4-089df4bf3532,liver,4,8,0.5906432867050171,0.0,102.0,0.5945945978164673,3,1
StandardGSGP,321fd31c-027a-11f0-8bd4-089df4bf3532,liver,4,9,0.5906432867050171,0.0,72.0,0.5945945978164673,3,1
StandardGSGP,321fd31c-027a-11f0-8bd4-089df4bf3532,liver,4,10,0.5906432867050171,0.0,44.0,0.5945945978164673,3,1
StandardGSGP,32223568-027a-11f0-bf61-089df4bf3532,liver,5,0,0.5906432867050171,0.0,12.0,0.5945945978164673,3,1
StandardGSGP,32223568-027a-11f0-bf61-089df4bf3532,liver,5,1,0.5906432867050171,0.0,30.0,0.5945945978164673,3,1
StandardGSGP,32223568-027a-11f0-bf61-089df4bf3532,liver,5,2,0.5906432867050171,0.015858888626098633,42.0,0.5945945978164673,3,1
StandardGSGP,32223568-027a-11f0-bf61-089df4bf3532,liver,5,3,0.5906432867050171,0.002017498016357422,62.0,0.5945945978164673,3,1
StandardGSGP,32223568-027a-11f0-bf61-089df4bf3532,liver,5,4,0.5906432867050171,0.0009818077087402344,68.0,0.5945945978164673,3,1
StandardGSGP,32223568-027a-11f0-bf61-089df4bf3532,liver,5,5,0.5906432867050171,0.001001596450805664,80.0,0.5945945978164673,3,1
StandardGSGP,32223568-027a-11f0-bf61-089df4bf3532,liver,5,6,0.5906432867050171,0.002000093460083008,72.0,0.5945945978164673,3,1
StandardGSGP,32223568-027a-11f0-bf61-089df4bf3532,liver,5,7,0.5906432867050171,0.0009813308715820312,78.0,0.5945945978164673,3,1
StandardGSGP,32223568-027a-11f0-bf61-089df4bf3532,liver,5,8,0.5906432867050171,0.001001596450805664,42.0,0.5945945978164673,3,1
StandardGSGP,32223568-027a-11f0-bf61-089df4bf3532,liver,5,9,0.5906432867050171,0.0009834766387939453,54.0,0.5945945978164673,3,1
StandardGSGP,32223568-027a-11f0-bf61-089df4bf3532,liver,5,10,0.5906432867050171,0.0029959678649902344,44.0,0.5945945978164673,3,1
StandardGSGP,32274a82-027a-11f0-b985-089df4bf3532,liver,6,0,0.5906432867050171,0.0010001659393310547,12.0,0.5945945978164673,3,1
StandardGSGP,32274a82-027a-11f0-b985-089df4bf3532,liver,6,1,0.5906432867050171,0.0,30.0,0.5945945978164673,3,1
StandardGSGP,32274a82-027a-11f0-b985-089df4bf3532,liver,6,2,0.5906432867050171,0.0,48.0,0.5945945978164673,3,1
StandardGSGP,32274a82-027a-11f0-b985-089df4bf3532,liver,6,3,0.5906432867050171,0.0,54.0,0.5945945978164673,3,1
StandardGSGP,32274a82-027a-11f0-b985-089df4bf3532,liver,6,4,0.5906432867050171,0.0,54.0,0.5945945978164673,3,1
StandardGSGP,32274a82-027a-11f0-b985-089df4bf3532,liver,6,5,0.5906432867050171,0.0,78.0,0.5945945978164673,3,1
StandardGSGP,32274a82-027a-11f0-b985-089df4bf3532,liver,6,6,0.5906432867050171,0.0,74.0,0.5945945978164673,3,1
StandardGSGP,32274a82-027a-11f0-b985-089df4bf3532,liver,6,7,0.5906432867050171,0.0,94.0,0.5945945978164673,3,1
StandardGSGP,32274a82-027a-11f0-b985-089df4bf3532,liver,6,8,0.5906432867050171,0.0,156.0,0.5945945978164673,3,1
StandardGSGP,32274a82-027a-11f0-b985-089df4bf3532,liver,6,9,0.5906432867050171,0.0010020732879638672,176.0,0.5945945978164673,3,1
StandardGSGP,32274a82-027a-11f0-b985-089df4bf3532,liver,6,10,0.5906432867050171,0.0010006427764892578,194.0,0.5945945978164673,3,1
StandardGSGP,322aec00-027a-11f0-8b4c-089df4bf3532,liver,7,0,0.5906432867050171,0.0010001659393310547,12.0,0.5945945978164673,3,1
StandardGSGP,322aec00-027a-11f0-8b4c-089df4bf3532,liver,7,1,0.5906432867050171,0.0019996166229248047,30.0,0.5945945978164673,3,1
StandardGSGP,322aec00-027a-11f0-8b4c-089df4bf3532,liver,7,2,0.5906432867050171,0.002841949462890625,36.0,0.5945945978164673,3,1
StandardGSGP,322aec00-027a-11f0-8b4c-089df4bf3532,liver,7,3,0.5906432867050171,0.0020003318786621094,60.0,0.5945945978164673,3,1
StandardGSGP,322aec00-027a-11f0-8b4c-089df4bf3532,liver,7,4,0.5906432867050171,0.001999378204345703,72.0,0.5945945978164673,3,1
StandardGSGP,322aec00-027a-11f0-8b4c-089df4bf3532,liver,7,5,0.5906432867050171,0.0007252693176269531,90.0,0.5945945978164673,3,1
StandardGSGP,322aec00-027a-11f0-8b4c-089df4bf3532,liver,7,6,0.5906432867050171,0.0032100677490234375,102.0,0.5945945978164673,3,1
StandardGSGP,322aec00-027a-11f0-8b4c-089df4bf3532,liver,7,7,0.5906432867050171,0.0020453929901123047,120.0,0.5945945978164673,3,1
StandardGSGP,322aec00-027a-11f0-8b4c-089df4bf3532,liver,7,8,0.5906432867050171,0.001621246337890625,102.0,0.5945945978164673,3,1
StandardGSGP,322aec00-027a-11f0-8b4c-089df4bf3532,liver,7,9,0.5906432867050171,0.0019915103912353516,122.0,0.5945945978164673,3,1
StandardGSGP,322aec00-027a-11f0-8b4c-089df4bf3532,liver,7,10,0.5906432867050171,0.000949859619140625,174.0,0.5945945978164673,3,1
StandardGSGP,322ea28e-027a-11f0-80cc-089df4bf3532,liver,8,0,0.5906432867050171,0.0010030269622802734,14.0,0.5945945978164673,5,1
StandardGSGP,322ea28e-027a-11f0-80cc-089df4bf3532,liver,8,1,0.5906432867050171,0.0013608932495117188,32.0,0.5945945978164673,5,1
StandardGSGP,322ea28e-027a-11f0-80cc-089df4bf3532,liver,8,2,0.5906432867050171,0.0011248588562011719,50.0,0.5945945978164673,5,1
StandardGSGP,322ea28e-027a-11f0-80cc-089df4bf3532,liver,8,3,0.5906432867050171,0.0008933544158935547,70.0,0.5945945978164673,5,1
StandardGSGP,322ea28e-027a-11f0-80cc-089df4bf3532,liver,8,4,0.5906432867050171,0.0010082721710205078,88.0,0.5945945978164673,5,1
StandardGSGP,322ea28e-027a-11f0-80cc-089df4bf3532,liver,8,5,0.5906432867050171,0.0010001659393310547,84.0,0.5945945978164673,5,1
StandardGSGP,322ea28e-027a-11f0-80cc-089df4bf3532,liver,8,6,0.5906432867050171,0.0010004043579101562,106.0,0.5945945978164673,5,1
StandardGSGP,322ea28e-027a-11f0-80cc-089df4bf3532,liver,8,7,0.5906432867050171,0.0010001659393310547,76.0,0.5945945978164673,5,1
StandardGSGP,322ea28e-027a-11f0-80cc-089df4bf3532,liver,8,8,0.5906432867050171,0.0010001659393310547,60.0,0.5945945978164673,5,1
StandardGSGP,322ea28e-027a-11f0-80cc-089df4bf3532,liver,8,9,0.5906432867050171,0.0019998550415039062,78.0,0.5945945978164673,5,1
StandardGSGP,322ea28e-027a-11f0-80cc-089df4bf3532,liver,8,10,0.5906432867050171,0.0010006427764892578,76.0,0.5945945978164673,5,1
StandardGSGP,32324bdd-027a-11f0-9df2-089df4bf3532,liver,9,0,0.5906432867050171,0.001112222671508789,12.0,0.5945945978164673,3,1
StandardGSGP,32324bdd-027a-11f0-9df2-089df4bf3532,liver,9,1,0.5906432867050171,0.0011382102966308594,30.0,0.5945945978164673,3,1
StandardGSGP,32324bdd-027a-11f0-9df2-089df4bf3532,liver,9,2,0.5906432867050171,0.002007007598876953,48.0,0.5945945978164673,3,1
StandardGSGP,32324bdd-027a-11f0-9df2-089df4bf3532,liver,9,3,0.5906432867050171,0.0019996166229248047,56.0,0.5945945978164673,3,1
StandardGSGP,32324bdd-027a-11f0-9df2-089df4bf3532,liver,9,4,0.5906432867050171,0.0009348392486572266,66.0,0.5945945978164673,3,1
StandardGSGP,32324bdd-027a-11f0-9df2-089df4bf3532,liver,9,5,0.5906432867050171,0.0009903907775878906,54.0,0.5945945978164673,3,1
StandardGSGP,32324bdd-027a-11f0-9df2-089df4bf3532,liver,9,6,0.5906432867050171,0.002001047134399414,50.0,0.5945945978164673,3,1
StandardGSGP,32324bdd-027a-11f0-9df2-089df4bf3532,liver,9,7,0.5906432867050171,0.0009002685546875,56.0,0.5945945978164673,3,1
StandardGSGP,32324bdd-027a-11f0-9df2-089df4bf3532,liver,9,8,0.5906432867050171,0.0010027885437011719,68.0,0.5945945978164673,3,1
StandardGSGP,32324bdd-027a-11f0-9df2-089df4bf3532,liver,9,9,0.5906432867050171,0.001998424530029297,86.0,0.5945945978164673,3,1
StandardGSGP,32324bdd-027a-11f0-9df2-089df4bf3532,liver,9,10,0.5906432867050171,0.0010018348693847656,124.0,0.5945945978164673,3,1
StandardGSGP,3235e0cd-027a-11f0-918a-089df4bf3532,liver,10,0,0.5906432867050171,0.0009984970092773438,12.0,0.5945945978164673,3,1
StandardGSGP,3235e0cd-027a-11f0-918a-089df4bf3532,liver,10,1,0.5906432867050171,0.001001119613647461,30.0,0.5945945978164673,3,1
StandardGSGP,3235e0cd-027a-11f0-918a-089df4bf3532,liver,10,2,0.5906432867050171,0.0010001659393310547,44.0,0.5945945978164673,3,1
StandardGSGP,3235e0cd-027a-11f0-918a-089df4bf3532,liver,10,3,0.5906432867050171,0.0011260509490966797,50.0,0.5945945978164673,3,1
StandardGSGP,3235e0cd-027a-11f0-918a-089df4bf3532,liver,10,4,0.5906432867050171,0.0008995532989501953,42.0,0.5945945978164673,3,1
StandardGSGP,3235e0cd-027a-11f0-918a-089df4bf3532,liver,10,5,0.5906432867050171,0.0010132789611816406,60.0,0.5945945978164673,3,1
StandardGSGP,3235e0cd-027a-11f0-918a-089df4bf3532,liver,10,6,0.5906432867050171,0.0010004043579101562,54.0,0.5945945978164673,3,1
StandardGSGP,3235e0cd-027a-11f0-918a-089df4bf3532,liver,10,7,0.5906432867050171,0.0019998550415039062,32.0,0.5945945978164673,3,1
StandardGSGP,3235e0cd-027a-11f0-918a-089df4bf3532,liver,10,8,0.5906432867050171,0.0019996166229248047,44.0,0.5945945978164673,3,1
StandardGSGP,3235e0cd-027a-11f0-918a-089df4bf3532,liver,10,9,0.5906432867050171,0.0020003318786621094,32.0,0.5945945978164673,3,1
StandardGSGP,3235e0cd-027a-11f0-918a-089df4bf3532,liver,10,10,0.5906432867050171,0.002000093460083008,42.0,0.5945945978164673,3,1
StandardGSGP,3239a2bb-027a-11f0-bc70-089df4bf3532,liver,11,0,0.5906432867050171,0.0010001659393310547,14.0,0.5945945978164673,3,1
StandardGSGP,3239a2bb-027a-11f0-bc70-089df4bf3532,liver,11,1,0.5906432867050171,0.0010004043579101562,32.0,0.5945945978164673,3,1
StandardGSGP,3239a2bb-027a-11f0-bc70-089df4bf3532,liver,11,2,0.5906432867050171,0.0009999275207519531,44.0,0.5945945978164673,3,1
StandardGSGP,3239a2bb-027a-11f0-bc70-089df4bf3532,liver,11,3,0.5906432867050171,0.002000093460083008,62.0,0.5945945978164673,3,1
StandardGSGP,3239a2bb-027a-11f0-bc70-089df4bf3532,liver,11,4,0.5906432867050171,0.002099275588989258,66.0,0.5945945978164673,3,1
StandardGSGP,3239a2bb-027a-11f0-bc70-089df4bf3532,liver,11,5,0.5906432867050171,0.002008676528930664,86.0,0.5945945978164673,3,1
StandardGSGP,3239a2bb-027a-11f0-bc70-089df4bf3532,liver,11,6,0.5906432867050171,0.0008928775787353516,106.0,0.5945945978164673,3,1
StandardGSGP,3239a2bb-027a-11f0-bc70-089df4bf3532,liver,11,7,0.5906432867050171,0.001325845718383789,124.0,0.5945945978164673,3,1
StandardGSGP,3239a2bb-027a-11f0-bc70-089df4bf3532,liver,11,8,0.5906432867050171,0.0,104.0,0.5945945978164673,3,1
StandardGSGP,3239a2bb-027a-11f0-bc70-089df4bf3532,liver,11,9,0.5906432867050171,0.0032460689544677734,48.0,0.5945945978164673,3,1
StandardGSGP,3239a2bb-027a-11f0-bc70-089df4bf3532,liver,11,10,0.5906432867050171,0.0009980201721191406,54.0,0.5945945978164673,3,1
StandardGSGP,323d43bf-027a-11f0-a91a-089df4bf3532,liver,12,0,0.5906432867050171,0.000995635986328125,12.0,0.5945945978164673,3,1
StandardGSGP,323d43bf-027a-11f0-a91a-089df4bf3532,liver,12,1,0.5906432867050171,0.0008993148803710938,32.0,0.5945945978164673,3,1
StandardGSGP,323d43bf-027a-11f0-a91a-089df4bf3532,liver,12,2,0.5906432867050171,0.001043558120727539,46.0,0.5945945978164673,3,1
StandardGSGP,323d43bf-027a-11f0-a91a-089df4bf3532,liver,12,3,0.5906432867050171,0.001005411148071289,50.0,0.5945945978164673,3,1
StandardGSGP,323d43bf-027a-11f0-a91a-089df4bf3532,liver,12,4,0.5906432867050171,0.002781391143798828,36.0,0.5945945978164673,3,1
StandardGSGP,323d43bf-027a-11f0-a91a-089df4bf3532,liver,12,5,0.5906432867050171,0.0010895729064941406,48.0,0.5945945978164673,3,1
StandardGSGP,323d43bf-027a-11f0-a91a-089df4bf3532,liver,12,6,0.5906432867050171,0.002126932144165039,66.0,0.5945945978164673,3,1
StandardGSGP,323d43bf-027a-11f0-a91a-089df4bf3532,liver,12,7,0.5906432867050171,0.0009407997131347656,58.0,0.5945945978164673,3,1
StandardGSGP,323d43bf-027a-11f0-a91a-089df4bf3532,liver,12,8,0.5906432867050171,0.0010008811950683594,78.0,0.5945945978164673,3,1
StandardGSGP,323d43bf-027a-11f0-a91a-089df4bf3532,liver,12,9,0.5906432867050171,0.001984119415283203,82.0,0.5945945978164673,3,1
StandardGSGP,323d43bf-027a-11f0-a91a-089df4bf3532,liver,12,10,0.5906432867050171,0.0019979476928710938,100.0,0.5945945978164673,3,1
StandardGSGP,32410bfa-027a-11f0-acde-089df4bf3532,liver,13,0,0.5906432867050171,0.002908468246459961,12.0,0.5945945978164673,3,1
StandardGSGP,32410bfa-027a-11f0-acde-089df4bf3532,liver,13,1,0.5906432867050171,0.0011093616485595703,30.0,0.5945945978164673,3,1
StandardGSGP,32410bfa-027a-11f0-acde-089df4bf3532,liver,13,2,0.5906432867050171,0.0019919872283935547,36.0,0.5945945978164673,3,1
StandardGSGP,32410bfa-027a-11f0-acde-089df4bf3532,liver,13,3,0.5906432867050171,0.0020074844360351562,42.0,0.5945945978164673,3,1
StandardGSGP,32410bfa-027a-11f0-acde-089df4bf3532,liver,13,4,0.5906432867050171,0.0019998550415039062,44.0,0.5945945978164673,3,1
StandardGSGP,32410bfa-027a-11f0-acde-089df4bf3532,liver,13,5,0.5906432867050171,0.0019986629486083984,54.0,0.5945945978164673,3,1
StandardGSGP,32410bfa-027a-11f0-acde-089df4bf3532,liver,13,6,0.5906432867050171,0.0019974708557128906,42.0,0.5945945978164673,3,1
StandardGSGP,32410bfa-027a-11f0-acde-089df4bf3532,liver,13,7,0.5906432867050171,0.001998424530029297,66.0,0.5945945978164673,3,1
StandardGSGP,32410bfa-027a-11f0-acde-089df4bf3532,liver,13,8,0.5906432867050171,0.0020029544830322266,66.0,0.5945945978164673,3,1
StandardGSGP,32410bfa-027a-11f0-acde-089df4bf3532,liver,13,9,0.5906432867050171,0.0018949508666992188,66.0,0.5945945978164673,3,1
StandardGSGP,32410bfa-027a-11f0-acde-089df4bf3532,liver,13,10,0.5906432867050171,0.001001119613647461,54.0,0.5945945978164673,3,1
StandardGSGP,32452761-027a-11f0-839f-089df4bf3532,liver,14,0,0.5906432867050171,0.0011112689971923828,12.0,0.5945945978164673,3,1
StandardGSGP,32452761-027a-11f0-839f-089df4bf3532,liver,14,1,0.5906432867050171,0.0018906593322753906,30.0,0.5945945978164673,3,1
StandardGSGP,32452761-027a-11f0-839f-089df4bf3532,liver,14,2,0.5906432867050171,0.0014660358428955078,42.0,0.5945945978164673,3,1
StandardGSGP,32452761-027a-11f0-839f-089df4bf3532,liver,14,3,0.5906432867050171,0.0,66.0,0.5945945978164673,3,1
StandardGSGP,32452761-027a-11f0-839f-089df4bf3532,liver,14,4,0.5906432867050171,0.0,86.0,0.5945945978164673,3,1
StandardGSGP,32452761-027a-11f0-839f-089df4bf3532,liver,14,5,0.5906432867050171,0.0,78.0,0.5945945978164673,3,1
StandardGSGP,32452761-027a-11f0-839f-089df4bf3532,liver,14,6,0.5906432867050171,0.0,42.0,0.5945945978164673,3,1
StandardGSGP,32452761-027a-11f0-839f-089df4bf3532,liver,14,7,0.5906432867050171,0.0,42.0,0.5945945978164673,3,1
StandardGSGP,32452761-027a-11f0-839f-089df4bf3532,liver,14,8,0.5906432867050171,0.0,48.0,0.5945945978164673,3,1
StandardGSGP,32452761-027a-11f0-839f-089df4bf3532,liver,14,9,0.5906432867050171,0.0,78.0,0.5945945978164673,3,1
StandardGSGP,32452761-027a-11f0-839f-089df4bf3532,liver,14,10,0.5906432867050171,0.0,102.0,0.5945945978164673,3,1
StandardGSGP,32488aae-027a-11f0-9176-089df4bf3532,liver,15,0,0.5934718251228333,0.0,12.0,0.5833333134651184,3,1
StandardGSGP,32488aae-027a-11f0-9176-089df4bf3532,liver,15,1,0.5934718251228333,0.0,30.0,0.5833333134651184,3,1
StandardGSGP,32488aae-027a-11f0-9176-089df4bf3532,liver,15,2,0.5934718251228333,0.0,48.0,0.5833333134651184,3,1
StandardGSGP,32488aae-027a-11f0-9176-089df4bf3532,liver,15,3,0.5934718251228333,0.0,66.0,0.5833333134651184,3,1
StandardGSGP,32488aae-027a-11f0-9176-089df4bf3532,liver,15,4,0.5934718251228333,0.0,66.0,0.5833333134651184,3,1
StandardGSGP,32488aae-027a-11f0-9176-089df4bf3532,liver,15,5,0.5934718251228333,0.0,102.0,0.5833333134651184,3,1
StandardGSGP,32488aae-027a-11f0-9176-089df4bf3532,liver,15,6,0.5934718251228333,0.015732526779174805,90.0,0.5833333134651184,3,1
StandardGSGP,32488aae-027a-11f0-9176-089df4bf3532,liver,15,7,0.5934718251228333,0.0,36.0,0.5833333134651184,3,1
StandardGSGP,32488aae-027a-11f0-9176-089df4bf3532,liver,15,8,0.5934718251228333,0.0,42.0,0.5833333134651184,3,1
StandardGSGP,32488aae-027a-11f0-9176-089df4bf3532,liver,15,9,0.5934718251228333,0.0,38.0,0.5833333134651184,3,1
StandardGSGP,32488aae-027a-11f0-9176-089df4bf3532,liver,15,10,0.5934718251228333,0.0,48.0,0.5833333134651184,3,1
StandardGSGP,324af13c-027a-11f0-9058-089df4bf3532,liver,16,0,0.5906432867050171,0.0,12.0,0.5945945978164673,3,1
StandardGSGP,324af13c-027a-11f0-9058-089df4bf3532,liver,16,1,0.5906432867050171,0.0,30.0,0.5945945978164673,3,1
StandardGSGP,324af13c-027a-11f0-9058-089df4bf3532,liver,16,2,0.5906432867050171,0.0155181884765625,36.0,0.5945945978164673,3,1
StandardGSGP,324af13c-027a-11f0-9058-089df4bf3532,liver,16,3,0.5906432867050171,0.0,44.0,0.5945945978164673,3,1
StandardGSGP,324af13c-027a-11f0-9058-089df4bf3532,liver,16,4,0.5906432867050171,0.0,50.0,0.5945945978164673,3,1
StandardGSGP,324af13c-027a-11f0-9058-089df4bf3532,liver,16,5,0.5906432867050171,0.0,56.0,0.5945945978164673,3,1
StandardGSGP,324af13c-027a-11f0-9058-089df4bf3532,liver,16,6,0.5906432867050171,0.0,68.0,0.5945945978164673,3,1
StandardGSGP,324af13c-027a-11f0-9058-089df4bf3532,liver,16,7,0.5906432867050171,0.0112152099609375,90.0,0.5945945978164673,3,1
StandardGSGP,324af13c-027a-11f0-9058-089df4bf3532,liver,16,8,0.5906432867050171,0.0020105838775634766,102.0,0.5945945978164673,3,1
StandardGSGP,324af13c-027a-11f0-9058-089df4bf3532,liver,16,9,0.5906432867050171,0.002003908157348633,114.0,0.5945945978164673,3,1
StandardGSGP,324af13c-027a-11f0-9058-089df4bf3532,liver,16,10,0.5906432867050171,0.0026769638061523438,84.0,0.5945945978164673,3,1
StandardGSGP,32504fa2-027a-11f0-9178-089df4bf3532,liver,17,0,0.5906432867050171,0.0,12.0,0.5945945978164673,3,1
StandardGSGP,32504fa2-027a-11f0-9178-089df4bf3532,liver,17,1,0.5906432867050171,0.0,30.0,0.5945945978164673,3,1
StandardGSGP,32504fa2-027a-11f0-9178-089df4bf3532,liver,17,2,0.5906432867050171,0.0,42.0,0.5945945978164673,3,1
StandardGSGP,32504fa2-027a-11f0-9178-089df4bf3532,liver,17,3,0.5906432867050171,0.012102842330932617,66.0,0.5945945978164673,3,1
StandardGSGP,32504fa2-027a-11f0-9178-089df4bf3532,liver,17,4,0.5906432867050171,0.002021312713623047,48.0,0.5945945978164673,3,1
StandardGSGP,32504fa2-027a-11f0-9178-089df4bf3532,liver,17,5,0.5906432867050171,0.002001523971557617,48.0,0.5945945978164673,3,1
StandardGSGP,32504fa2-027a-11f0-9178-089df4bf3532,liver,17,6,0.5906432867050171,0.002538919448852539,66.0,0.5945945978164673,3,1
StandardGSGP,32504fa2-027a-11f0-9178-089df4bf3532,liver,17,7,0.5906432867050171,0.0053484439849853516,48.0,0.5945945978164673,3,1
StandardGSGP,32504fa2-027a-11f0-9178-089df4bf3532,liver,17,8,0.5906432867050171,0.001603841781616211,30.0,0.5945945978164673,3,1
StandardGSGP,32504fa2-027a-11f0-9178-089df4bf3532,liver,17,9,0.5906432867050171,0.002125263214111328,48.0,0.5945945978164673,3,1
StandardGSGP,32504fa2-027a-11f0-9178-089df4bf3532,liver,17,10,0.5906432867050171,0.0016129016876220703,66.0,0.5945945978164673,3,1
StandardGSGP,3255c7f5-027a-11f0-94e4-089df4bf3532,liver,18,0,0.5928143858909607,0.001096963882446289,12.0,0.5850340127944946,3,1
StandardGSGP,3255c7f5-027a-11f0-94e4-089df4bf3532,liver,18,1,0.5928143858909607,0.0015888214111328125,30.0,0.5850340127944946,3,1
StandardGSGP,3255c7f5-027a-11f0-94e4-089df4bf3532,liver,18,2,0.5928143858909607,0.0011992454528808594,48.0,0.5850340127944946,3,1
StandardGSGP,3255c7f5-027a-11f0-94e4-089df4bf3532,liver,18,3,0.5928143858909607,0.0020890235900878906,68.0,0.5850340127944946,3,1
StandardGSGP,3255c7f5-027a-11f0-94e4-089df4bf3532,liver,18,4,0.5928143858909607,0.001611948013305664,56.0,0.5850340127944946,3,1
StandardGSGP,3255c7f5-027a-11f0-94e4-089df4bf3532,liver,18,5,0.5928143858909607,0.0016124248504638672,30.0,0.5850340127944946,3,1
StandardGSGP,3255c7f5-027a-11f0-94e4-089df4bf3532,liver,18,6,0.5928143858909607,0.0016257762908935547,48.0,0.5850340127944946,3,1
StandardGSGP,3255c7f5-027a-11f0-94e4-089df4bf3532,liver,18,7,0.5928143858909607,0.0016548633575439453,54.0,0.5850340127944946,3,1
StandardGSGP,3255c7f5-027a-11f0-94e4-089df4bf3532,liver,18,8,0.5934718251228333,0.0014035701751708984,48.0,0.5850340127944946,9,1
StandardGSGP,3255c7f5-027a-11f0-94e4-089df4bf3532,liver,18,9,0.5934718251228333,0.0019390583038330078,48.0,0.5850340127944946,9,1
StandardGSGP,3255c7f5-027a-11f0-94e4-089df4bf3532,liver,18,10,0.5934718251228333,0.0015079975128173828,68.0,0.5850340127944946,9,1
StandardGSGP,325a3525-027a-11f0-b448-089df4bf3532,liver,19,0,0.5923753380775452,0.0007100105285644531,12.0,0.5986394286155701,3,1
StandardGSGP,325a3525-027a-11f0-b448-089df4bf3532,liver,19,1,0.5923753380775452,0.0,30.0,0.5986394286155701,3,1
StandardGSGP,325a3525-027a-11f0-b448-089df4bf3532,liver,19,2,0.5923753380775452,0.004688739776611328,30.0,0.5986394286155701,3,1
StandardGSGP,325a3525-027a-11f0-b448-089df4bf3532,liver,19,3,0.5923753380775452,0.0018162727355957031,42.0,0.5986394286155701,3,1
StandardGSGP,325a3525-027a-11f0-b448-089df4bf3532,liver,19,4,0.5923753380775452,0.0016567707061767578,48.0,0.5986394286155701,3,1
StandardGSGP,325a3525-027a-11f0-b448-089df4bf3532,liver,19,5,0.5923753380775452,0.0011203289031982422,56.0,0.5986394286155701,3,1
StandardGSGP,325a3525-027a-11f0-b448-089df4bf3532,liver,19,6,0.5923753380775452,0.003091096878051758,36.0,0.5986394286155701,3,1
StandardGSGP,325a3525-027a-11f0-b448-089df4bf3532,liver,19,7,0.5923753380775452,0.0015501976013183594,54.0,0.5986394286155701,3,1
StandardGSGP,325a3525-027a-11f0-b448-089df4bf3532,liver,19,8,0.5923753380775452,0.0017049312591552734,66.0,0.5986394286155701,3,1
StandardGSGP,325a3525-027a-11f0-b448-089df4bf3532,liver,19,9,0.5923753380775452,0.0011317729949951172,84.0,0.5986394286155701,3,1
StandardGSGP,325a3525-027a-11f0-b448-089df4bf3532,liver,19,10,0.5923753380775452,0.0016353130340576172,54.0,0.5986394286155701,3,1
StandardGSGP,325e45a9-027a-11f0-acd0-089df4bf3532,liver,20,0,0.5906432867050171,0.001055002212524414,14.0,0.5945945978164673,3,1
StandardGSGP,325e45a9-027a-11f0-acd0-089df4bf3532,liver,20,1,0.5906432867050171,0.0018317699432373047,34.0,0.5945945978164673,3,1
StandardGSGP,325e45a9-027a-11f0-acd0-089df4bf3532,liver,20,2,0.5906432867050171,0.0012552738189697266,52.0,0.5945945978164673,3,1
StandardGSGP,325e45a9-027a-11f0-acd0-089df4bf3532,liver,20,3,0.5906432867050171,0.001752614974975586,46.0,0.5945945978164673,3,1
StandardGSGP,325e45a9-027a-11f0-acd0-089df4bf3532,liver,20,4,0.6077738404273987,0.0017971992492675781,46.0,0.6016260385513306,17,1
StandardGSGP,325e45a9-027a-11f0-acd0-089df4bf3532,liver,20,5,0.6077738404273987,0.0011115074157714844,56.0,0.6016260385513306,17,1
StandardGSGP,325e45a9-027a-11f0-acd0-089df4bf3532,liver,20,6,0.6077738404273987,0.001573324203491211,82.0,0.6016260385513306,17,1
StandardGSGP,325e45a9-027a-11f0-acd0-089df4bf3532,liver,20,7,0.636363685131073,0.0012459754943847656,90.0,0.6168224215507507,23,1
StandardGSGP,325e45a9-027a-11f0-acd0-089df4bf3532,liver,20,8,0.636363685131073,0.0015728473663330078,116.0,0.6168224215507507,23,1
StandardGSGP,325e45a9-027a-11f0-acd0-089df4bf3532,liver,20,9,0.636363685131073,0.0016143321990966797,116.0,0.6168224215507507,23,1
StandardGSGP,325e45a9-027a-11f0-acd0-089df4bf3532,liver,20,10,0.636363685131073,0.0017004013061523438,110.0,0.6168224215507507,23,1
StandardGSGP,32627676-027a-11f0-86fb-089df4bf3532,liver,21,0,0.5906432867050171,0.0016674995422363281,14.0,0.5945945978164673,3,1
StandardGSGP,32627676-027a-11f0-86fb-089df4bf3532,liver,21,1,0.5906432867050171,0.001977682113647461,34.0,0.5945945978164673,3,1
StandardGSGP,32627676-027a-11f0-86fb-089df4bf3532,liver,21,2,0.5906432867050171,0.002035379409790039,46.0,0.5945945978164673,3,1
StandardGSGP,32627676-027a-11f0-86fb-089df4bf3532,liver,21,3,0.5906432867050171,0.001001596450805664,58.0,0.5945945978164673,3,1
StandardGSGP,32627676-027a-11f0-86fb-089df4bf3532,liver,21,4,0.5906432867050171,0.001001596450805664,76.0,0.5945945978164673,3,1
StandardGSGP,32627676-027a-11f0-86fb-089df4bf3532,liver,21,5,0.5906432867050171,0.0010018348693847656,44.0,0.5945945978164673,3,1
StandardGSGP,32627676-027a-11f0-86fb-089df4bf3532,liver,21,6,0.5906432867050171,0.0010001659393310547,56.0,0.5945945978164673,3,1
StandardGSGP,32627676-027a-11f0-86fb-089df4bf3532,liver,21,7,0.5906432867050171,0.0009846687316894531,36.0,0.5945945978164673,3,1
StandardGSGP,32627676-027a-11f0-86fb-089df4bf3532,liver,21,8,0.5906432867050171,0.0025124549865722656,42.0,0.5945945978164673,3,1
StandardGSGP,32627676-027a-11f0-86fb-089df4bf3532,liver,21,9,0.5906432867050171,0.0020008087158203125,56.0,0.5945945978164673,3,1
StandardGSGP,32627676-027a-11f0-86fb-089df4bf3532,liver,21,10,0.5906432867050171,0.002998828887939453,42.0,0.5945945978164673,3,1
StandardGSGP,3266ed8f-027a-11f0-8a90-089df4bf3532,liver,22,0,0.5928143858909607,0.0019998550415039062,14.0,0.5850340127944946,3,1
StandardGSGP,3266ed8f-027a-11f0-8a90-089df4bf3532,liver,22,1,0.5928143858909607,0.002001047134399414,30.0,0.5850340127944946,3,1
StandardGSGP,3266ed8f-027a-11f0-8a90-089df4bf3532,liver,22,2,0.5928143858909607,0.0009772777557373047,42.0,0.5850340127944946,3,1
StandardGSGP,3266ed8f-027a-11f0-8a90-089df4bf3532,liver,22,3,0.5958701968193054,0.002001523971557617,48.0,0.5850340127944946,15,1
StandardGSGP,3266ed8f-027a-11f0-8a90-089df4bf3532,liver,22,4,0.5958701968193054,0.0019998550415039062,60.0,0.5850340127944946,15,1
StandardGSGP,3266ed8f-027a-11f0-8a90-089df4bf3532,liver,22,5,0.5958701968193054,0.0010235309600830078,84.0,0.5850340127944946,15,1
StandardGSGP,3266ed8f-027a-11f0-8a90-089df4bf3532,liver,22,6,0.5976331233978271,0.001001596450805664,102.0,0.5850340127944946,33,1
StandardGSGP,3266ed8f-027a-11f0-8a90-089df4bf3532,liver,22,7,0.5976331233978271,0.001405477523803711,132.0,0.5850340127944946,33,1
StandardGSGP,3266ed8f-027a-11f0-8a90-089df4bf3532,liver,22,8,0.5976331233978271,0.0,144.0,0.5850340127944946,33,1
StandardGSGP,3266ed8f-027a-11f0-8a90-089df4bf3532,liver,22,9,0.5976331233978271,0.004744768142700195,156.0,0.5850340127944946,33,1
StandardGSGP,3266ed8f-027a-11f0-8a90-089df4bf3532,liver,22,10,0.5976331233978271,0.0021767616271972656,162.0,0.5850340127944946,33,1
StandardGSGP,326b8262-027a-11f0-87c7-089df4bf3532,liver,23,0,0.5906432867050171,0.0020475387573242188,12.0,0.5945945978164673,3,1
StandardGSGP,326b8262-027a-11f0-87c7-089df4bf3532,liver,23,1,0.5906432867050171,0.0020020008087158203,30.0,0.5945945978164673,3,1
StandardGSGP,326b8262-027a-11f0-87c7-089df4bf3532,liver,23,2,0.5906432867050171,0.002438068389892578,48.0,0.5945945978164673,3,1
StandardGSGP,326b8262-027a-11f0-87c7-089df4bf3532,liver,23,3,0.5906432867050171,0.0020194053649902344,54.0,0.5945945978164673,3,1
StandardGSGP,326b8262-027a-11f0-87c7-089df4bf3532,liver,23,4,0.5906432867050171,0.0020008087158203125,72.0,0.5945945978164673,3,1
StandardGSGP,326b8262-027a-11f0-87c7-089df4bf3532,liver,23,5,0.5906432867050171,0.0010023117065429688,78.0,0.5945945978164673,3,1
StandardGSGP,326b8262-027a-11f0-87c7-089df4bf3532,liver,23,6,0.5906432867050171,0.001422882080078125,90.0,0.5945945978164673,3,1
StandardGSGP,326b8262-027a-11f0-87c7-089df4bf3532,liver,23,7,0.5906432867050171,0.00099945068359375,72.0,0.5945945978164673,3,1
StandardGSGP,326b8262-027a-11f0-87c7-089df4bf3532,liver,23,8,0.5906432867050171,0.0019986629486083984,54.0,0.5945945978164673,3,1
StandardGSGP,326b8262-027a-11f0-87c7-089df4bf3532,liver,23,9,0.5906432867050171,0.0007538795471191406,66.0,0.5945945978164673,3,1
StandardGSGP,326b8262-027a-11f0-87c7-089df4bf3532,liver,23,10,0.5906432867050171,0.004628181457519531,80.0,0.5945945978164673,3,1
StandardGSGP,32701e8a-027a-11f0-a7a6-089df4bf3532,liver,24,0,0.5906432867050171,0.0009996891021728516,16.0,0.5945945978164673,5,1
StandardGSGP,32701e8a-027a-11f0-a7a6-089df4bf3532,liver,24,1,0.5906432867050171,0.0010025501251220703,36.0,0.5945945978164673,5,1
StandardGSGP,32701e8a-027a-11f0-a7a6-089df4bf3532,liver,24,2,0.5906432867050171,0.0010018348693847656,56.0,0.5945945978164673,5,1
StandardGSGP,32701e8a-027a-11f0-a7a6-089df4bf3532,liver,24,3,0.5906432867050171,0.002000570297241211,62.0,0.5945945978164673,5,1
StandardGSGP,32701e8a-027a-11f0-a7a6-089df4bf3532,liver,24,4,0.5906432867050171,0.0019986629486083984,50.0,0.5945945978164673,5,1
StandardGSGP,32701e8a-027a-11f0-a7a6-089df4bf3532,liver,24,5,0.5906432867050171,0.001983165740966797,68.0,0.5945945978164673,5,1
StandardGSGP,32701e8a-027a-11f0-a7a6-089df4bf3532,liver,24,6,0.5906432867050171,0.0020003318786621094,92.0,0.5945945978164673,5,1
StandardGSGP,32701e8a-027a-11f0-a7a6-089df4bf3532,liver,24,7,0.5906432867050171,0.002015829086303711,112.0,0.5945945978164673,5,1
StandardGSGP,32701e8a-027a-11f0-a7a6-089df4bf3532,liver,24,8,0.5906432867050171,0.0020864009857177734,132.0,0.5945945978164673,5,1
StandardGSGP,32701e8a-027a-11f0-a7a6-089df4bf3532,liver,24,9,0.5906432867050171,0.0019979476928710938,38.0,0.5945945978164673,5,1
StandardGSGP,32701e8a-027a-11f0-a7a6-089df4bf3532,liver,24,10,0.5906432867050171,0.0020003318786621094,56.0,0.5945945978164673,5,1
StandardGSGP,3273f1a1-027a-11f0-b69f-089df4bf3532,liver,25,0,0.5906432867050171,0.0009810924530029297,12.0,0.5945945978164673,3,1
StandardGSGP,3273f1a1-027a-11f0-b69f-089df4bf3532,liver,25,1,0.5906432867050171,0.0019989013671875,30.0,0.5945945978164673,3,1
StandardGSGP,3273f1a1-027a-11f0-b69f-089df4bf3532,liver,25,2,0.5906432867050171,0.0020165443420410156,42.0,0.5945945978164673,3,1
StandardGSGP,3273f1a1-027a-11f0-b69f-089df4bf3532,liver,25,3,0.5906432867050171,0.002000570297241211,48.0,0.5945945978164673,3,1
StandardGSGP,3273f1a1-027a-11f0-b69f-089df4bf3532,liver,25,4,0.5906432867050171,0.0019991397857666016,60.0,0.5945945978164673,3,1
StandardGSGP,3273f1a1-027a-11f0-b69f-089df4bf3532,liver,25,5,0.5906432867050171,0.002085447311401367,48.0,0.5945945978164673,3,1
StandardGSGP,3273f1a1-027a-11f0-b69f-089df4bf3532,liver,25,6,0.5906432867050171,0.0009465217590332031,50.0,0.5945945978164673,3,1
StandardGSGP,3273f1a1-027a-11f0-b69f-089df4bf3532,liver,25,7,0.5906432867050171,0.0010073184967041016,68.0,0.5945945978164673,3,1
StandardGSGP,3273f1a1-027a-11f0-b69f-089df4bf3532,liver,25,8,0.5906432867050171,0.0009987354278564453,48.0,0.5945945978164673,3,1
StandardGSGP,3273f1a1-027a-11f0-b69f-089df4bf3532,liver,25,9,0.5906432867050171,0.001001596450805664,86.0,0.5945945978164673,3,1
StandardGSGP,3273f1a1-027a-11f0-b69f-089df4bf3532,liver,25,10,0.5906432867050171,0.001001596450805664,60.0,0.5945945978164673,3,1
StandardGSGP,3277c818-027a-11f0-835b-089df4bf3532,liver,26,0,0.5906432867050171,0.001001119613647461,12.0,0.5945945978164673,3,1
StandardGSGP,3277c818-027a-11f0-835b-089df4bf3532,liver,26,1,0.5906432867050171,0.0019958019256591797,30.0,0.5945945978164673,3,1
StandardGSGP,3277c818-027a-11f0-835b-089df4bf3532,liver,26,2,0.5906432867050171,0.0008990764617919922,48.0,0.5945945978164673,3,1
StandardGSGP,3277c818-027a-11f0-835b-089df4bf3532,liver,26,3,0.5906432867050171,0.0011513233184814453,42.0,0.5945945978164673,3,1
StandardGSGP,3277c818-027a-11f0-835b-089df4bf3532,liver,26,4,0.5906432867050171,0.004817962646484375,36.0,0.5945945978164673,3,1
StandardGSGP,3277c818-027a-11f0-835b-089df4bf3532,liver,26,5,0.5906432867050171,0.0010433197021484375,50.0,0.5945945978164673,3,1
StandardGSGP,3277c818-027a-11f0-835b-089df4bf3532,liver,26,6,0.5906432867050171,0.0009341239929199219,76.0,0.5945945978164673,3,1
StandardGSGP,3277c818-027a-11f0-835b-089df4bf3532,liver,26,7,0.5906432867050171,0.0010006427764892578,94.0,0.5945945978164673,3,1
StandardGSGP,3277c818-027a-11f0-835b-089df4bf3532,liver,26,8,0.5906432867050171,0.0010001659393310547,62.0,0.5945945978164673,3,1
StandardGSGP,3277c818-027a-11f0-835b-089df4bf3532,liver,26,9,0.5906432867050171,0.0019965171813964844,36.0,0.5945945978164673,3,1
StandardGSGP,3277c818-027a-11f0-835b-089df4bf3532,liver,26,10,0.5906432867050171,0.0019140243530273438,54.0,0.5945945978164673,3,1
StandardGSGP,327be9bd-027a-11f0-944a-089df4bf3532,liver,27,0,0.2647058963775635,0.0010051727294921875,12.0,0.1568627506494522,3,1
StandardGSGP,327be9bd-027a-11f0-944a-089df4bf3532,liver,27,1,0.5906432867050171,0.000934600830078125,30.0,0.5945945978164673,9,1
StandardGSGP,327be9bd-027a-11f0-944a-089df4bf3532,liver,27,2,0.5906432867050171,0.0009403228759765625,54.0,0.5945945978164673,9,1
StandardGSGP,327be9bd-027a-11f0-944a-089df4bf3532,liver,27,3,0.5906432867050171,0.001999378204345703,60.0,0.5945945978164673,9,1
StandardGSGP,327be9bd-027a-11f0-944a-089df4bf3532,liver,27,4,0.5906432867050171,0.0019998550415039062,60.0,0.5945945978164673,9,1
StandardGSGP,327be9bd-027a-11f0-944a-089df4bf3532,liver,27,5,0.5906432867050171,0.0019998550415039062,72.0,0.5945945978164673,9,1
StandardGSGP,327be9bd-027a-11f0-944a-089df4bf3532,liver,27,6,0.5906432867050171,0.002285480499267578,78.0,0.5945945978164673,9,1
StandardGSGP,327be9bd-027a-11f0-944a-089df4bf3532,liver,27,7,0.5906432867050171,0.0,62.0,0.5945945978164673,9,1
StandardGSGP,327be9bd-027a-11f0-944a-089df4bf3532,liver,27,8,0.5906432867050171,0.0,72.0,0.5945945978164673,9,1
StandardGSGP,327be9bd-027a-11f0-944a-089df4bf3532,liver,27,9,0.5906432867050171,0.0,78.0,0.5945945978164673,9,1
StandardGSGP,327be9bd-027a-11f0-944a-089df4bf3532,liver,27,10,0.5906432867050171,0.0,90.0,0.5945945978164673,9,1
StandardGSGP,327e1397-027a-11f0-b6db-089df4bf3532,liver,28,0,0.5906432867050171,0.0,12.0,0.5945945978164673,3,1
StandardGSGP,327e1397-027a-11f0-b6db-089df4bf3532,liver,28,1,0.5906432867050171,0.0,30.0,0.5945945978164673,3,1
StandardGSGP,327e1397-027a-11f0-b6db-089df4bf3532,liver,28,2,0.5906432867050171,0.015716552734375,42.0,0.5945945978164673,3,1
StandardGSGP,327e1397-027a-11f0-b6db-089df4bf3532,liver,28,3,0.5906432867050171,0.0,54.0,0.5945945978164673,3,1
StandardGSGP,327e1397-027a-11f0-b6db-089df4bf3532,liver,28,4,0.5906432867050171,0.0,30.0,0.5945945978164673,3,1
StandardGSGP,327e1397-027a-11f0-b6db-089df4bf3532,liver,28,5,0.5906432867050171,0.0,42.0,0.5945945978164673,3,1
StandardGSGP,327e1397-027a-11f0-b6db-089df4bf3532,liver,28,6,0.5906432867050171,0.0,54.0,0.5945945978164673,3,1
StandardGSGP,327e1397-027a-11f0-b6db-089df4bf3532,liver,28,7,0.5906432867050171,0.0,56.0,0.5945945978164673,3,1
StandardGSGP,327e1397-027a-11f0-b6db-089df4bf3532,liver,28,8,0.5906432867050171,0.0,68.0,0.5945945978164673,3,1
StandardGSGP,327e1397-027a-11f0-b6db-089df4bf3532,liver,28,9,0.5906432867050171,0.0,108.0,0.5945945978164673,3,1
StandardGSGP,327e1397-027a-11f0-b6db-089df4bf3532,liver,28,10,0.5906432867050171,0.0,128.0,0.5945945978164673,3,1
StandardGSGP,32835c2d-027a-11f0-ac71-089df4bf3532,liver,29,0,0.5906432867050171,0.0010020732879638672,12.0,0.5945945978164673,3,1
StandardGSGP,32835c2d-027a-11f0-ac71-089df4bf3532,liver,29,1,0.5906432867050171,0.0013527870178222656,30.0,0.5945945978164673,3,1
StandardGSGP,32835c2d-027a-11f0-ac71-089df4bf3532,liver,29,2,0.5906432867050171,0.0,42.0,0.5945945978164673,3,1
StandardGSGP,32835c2d-027a-11f0-ac71-089df4bf3532,liver,29,3,0.5906432867050171,0.0,54.0,0.5945945978164673,3,1
StandardGSGP,32835c2d-027a-11f0-ac71-089df4bf3532,liver,29,4,0.5906432867050171,0.0,72.0,0.5945945978164673,3,1
StandardGSGP,32835c2d-027a-11f0-ac71-089df4bf3532,liver,29,5,0.5906432867050171,0.0,84.0,0.5945945978164673,3,1
StandardGSGP,32835c2d-027a-11f0-ac71-089df4bf3532,liver,29,6,0.5906432867050171,0.0,54.0,0.5945945978164673,3,1
StandardGSGP,32835c2d-027a-11f0-ac71-089df4bf3532,liver,29,7,0.5906432867050171,0.015629291534423828,90.0,0.5945945978164673,3,1
StandardGSGP,32835c2d-027a-11f0-ac71-089df4bf3532,liver,29,8,0.5906432867050171,0.0,108.0,0.5945945978164673,3,1
StandardGSGP,32835c2d-027a-11f0-ac71-089df4bf3532,liver,29,9,0.5906432867050171,0.0,126.0,0.5945945978164673,3,1
StandardGSGP,32835c2d-027a-11f0-ac71-089df4bf3532,liver,29,10,0.5906432867050171,0.0,146.0,0.5945945978164673,3,1
StandardGSGP,3288d981-027a-11f0-96c8-089df4bf3532,liver,30,0,0.5394736528396606,0.0020017623901367188,16.0,0.5652173757553101,3,1
StandardGSGP,3288d981-027a-11f0-96c8-089df4bf3532,liver,30,1,0.5394736528396606,0.0019979476928710938,30.0,0.5652173757553101,3,1
StandardGSGP,3288d981-027a-11f0-96c8-089df4bf3532,liver,30,2,0.5394736528396606,0.0009999275207519531,48.0,0.5652173757553101,3,1
StandardGSGP,3288d981-027a-11f0-96c8-089df4bf3532,liver,30,3,0.5394736528396606,0.001999378204345703,66.0,0.5652173757553101,3,1
StandardGSGP,3288d981-027a-11f0-96c8-089df4bf3532,liver,30,4,0.5394736528396606,0.0020012855529785156,48.0,0.5652173757553101,3,1
StandardGSGP,3288d981-027a-11f0-96c8-089df4bf3532,liver,30,5,0.5424836277961731,0.0019998550415039062,60.0,0.5652173757553101,9,1
StandardGSGP,3288d981-027a-11f0-96c8-089df4bf3532,liver,30,6,0.5424836277961731,0.0019996166229248047,60.0,0.5652173757553101,9,1
StandardGSGP,3288d981-027a-11f0-96c8-089df4bf3532,liver,30,7,0.5424836277961731,0.0018498897552490234,66.0,0.5652173757553101,9,1
StandardGSGP,3288d981-027a-11f0-96c8-089df4bf3532,liver,30,8,0.5424836277961731,0.0013446807861328125,84.0,0.5652173757553101,9,1
StandardGSGP,3288d981-027a-11f0-96c8-089df4bf3532,liver,30,9,0.5424836277961731,0.0020935535430908203,108.0,0.5652173757553101,9,1
StandardGSGP,3288d981-027a-11f0-96c8-089df4bf3532,liver,30,10,0.5442623496055603,0.0017342567443847656,128.0,0.5652173757553101,39,1
